Id,Label,Type,citation_count,repo_stars,year
Dataset:7-scenes,Dataset:7-scenes,Dataset,,,
Dataset:abc,Dataset:abc,Dataset,,,
Dataset:argoverse,Dataset:argoverse,Dataset,,,
Dataset:blendedmvs,Dataset:blendedmvs,Dataset,,,
Dataset:cityscapes,Dataset:cityscapes,Dataset,,,
Dataset:co3d,Dataset:co3d,Dataset,,,
Dataset:coco,Dataset:coco,Dataset,,,
Dataset:dtu,Dataset:dtu,Dataset,,,
Dataset:eth3d,Dataset:eth3d,Dataset,,,
Dataset:euroc,Dataset:euroc,Dataset,,,
Dataset:google,Dataset:google,Dataset,,,
Dataset:gso,Dataset:gso,Dataset,,,
Dataset:hm3d,Dataset:hm3d,Dataset,,,
Dataset:hypersim,Dataset:hypersim,Dataset,,,
Dataset:imagenet,Dataset:imagenet,Dataset,,,
Dataset:kitti,Dataset:kitti,Dataset,,,
Dataset:kitti-360,Dataset:kitti-360,Dataset,,,
Dataset:llff,Dataset:llff,Dataset,,,
Dataset:lvis,Dataset:lvis,Dataset,,,
Dataset:matterport3d,Dataset:matterport3d,Dataset,,,
Dataset:megadepth,Dataset:megadepth,Dataset,,,
Dataset:middlebury,Dataset:middlebury,Dataset,,,
Dataset:mip-nerf,Dataset:mip-nerf,Dataset,,,
Dataset:modelnet40,Dataset:modelnet40,Dataset,,,
Dataset:nuscenes,Dataset:nuscenes,Dataset,,,
Dataset:objaverse,Dataset:objaverse,Dataset,,,
Dataset:omniobject3d,Dataset:omniobject3d,Dataset,,,
Dataset:pix3d,Dataset:pix3d,Dataset,,,
Dataset:realestate10k,Dataset:realestate10k,Dataset,,,
Dataset:replica,Dataset:replica,Dataset,,,
Dataset:sapien,Dataset:sapien,Dataset,,,
Dataset:scannet,Dataset:scannet,Dataset,,,
Dataset:scannet++,Dataset:scannet++,Dataset,,,
Dataset:semantickitti,Dataset:semantickitti,Dataset,,,
Dataset:shapenet,Dataset:shapenet,Dataset,,,
Dataset:shapenetcore,Dataset:shapenetcore,Dataset,,,
Dataset:sun3d,Dataset:sun3d,Dataset,,,
Dataset:tanks,Dataset:tanks,Dataset,,,
Dataset:tum,Dataset:tum,Dataset,,,
Dataset:waymo,Dataset:waymo,Dataset,,,
Method:2d,Method:2d,Method,,,
Method:360-dfpe,Method:360-dfpe,Method,,,
Method:360°,Method:360°,Method,,,
Method:3d,Method:3d,Method,,,
Method:3d-aware,Method:3d-aware,Method,,,
Method:3d-pose-baseline,Method:3d-pose-baseline,Method,,,
Method:3d-to-events,Method:3d-to-events,Method,,,
Method:3ddesigner,Method:3ddesigner,Method,,,
Method:3dgs-avatar,Method:3dgs-avatar,Method,,,
Method:3dof,Method:3dof,Method,,,
Method:3vp,Method:3vp,Method,,,
Method:6d-diff,Method:6d-diff,Method,,,
Method:6dope-gs,Method:6dope-gs,Method,,,
Method:7-point,Method:7-point,Method,,,
Method:Otsu二值化算法,Method:Otsu二值化算法,Method,,,
Method:P²,Method:P²,Method,,,
"Method:Robust,","Method:Robust,",Method,,,
Method:aacvp-mvsnet,Method:aacvp-mvsnet,Method,,,
Method:acnn,Method:acnn,Method,,,
Method:acr-pose,Method:acr-pose,Method,,,
Method:activegs,Method:activegs,Method,,,
Method:activemocap,Method:activemocap,Method,,,
Method:actmvs,Method:actmvs,Method,,,
Method:adaptive,Method:adaptive,Method,,,
Method:adaptivepose,Method:adaptivepose,Method,,,
Method:affordance,Method:affordance,Method,,,
Method:ag-egopose,Method:ag-egopose,Method,,,
Method:age,Method:age,Method,,,
Method:aleth-nerf,Method:aleth-nerf,Method,,,
Method:alignpose,Method:alignpose,Method,,,
Method:ambisur,Method:ambisur,Method,,,
Method:amg,Method:amg,Method,,,
Method:amortized,Method:amortized,Method,,,
Method:anisotropic,Method:anisotropic,Method,,,
Method:anyrecon,Method:anyrecon,Method,,,
Method:arb-objaverse,Method:arb-objaverse,Method,,,
Method:aret,Method:aret,Method,,,
Method:arm,Method:arm,Method,,,
Method:articulated,Method:articulated,Method,,,
Method:articulation-aware,Method:articulation-aware,Method,,,
Method:aruco,Method:aruco,Method,,,
Method:aruco-based,Method:aruco-based,Method,,,
Method:atrouspose,Method:atrouspose,Method,,,
Method:auto-encoding,Method:auto-encoding,Method,,,
Method:auto3d,Method:auto3d,Method,,,
Method:auto3r,Method:auto3r,Method,,,
Method:automatic,Method:automatic,Method,,,
Method:autorf,Method:autorf,Method,,,
Method:avp-slam-plus,Method:avp-slam-plus,Method,,,
Method:b-spline,Method:b-spline,Method,,,
Method:bakedsdf,Method:bakedsdf,Method,,,
Method:banmo,Method:banmo,Method,,,
Method:bayes,Method:bayes,Method,,,
Method:bbox,Method:bbox,Method,,,
Method:bbox-mask-pose,Method:bbox-mask-pose,Method,,,
Method:behaviorvlm,Method:behaviorvlm,Method,,,
Method:bidirectional,Method:bidirectional,Method,,,
Method:bifingerpose,Method:bifingerpose,Method,,,
Method:blade,Method:blade,Method,,,
Method:blanket,Method:blanket,Method,,,
Method:blanketgen,Method:blanketgen,Method,,,
Method:blender,Method:blender,Method,,,
Method:blendernerf,Method:blendernerf,Method,,,
Method:blenderneuralangelo,Method:blenderneuralangelo,Method,,,
Method:bootstrapped,Method:bootstrapped,Method,,,
Method:bpycv,Method:bpycv,Method,,,
Method:brdftransform,Method:brdftransform,Method,,,
Method:break,Method:break,Method,,,
Method:bundle,Method:bundle,Method,,,
Method:bundlefusion,Method:bundlefusion,Method,,,
Method:cadam,Method:cadam,Method,,,
Method:cadbench,Method:cadbench,Method,,,
Method:calibanyview,Method:calibanyview,Method,,,
Method:calibrated,Method:calibrated,Method,,,
Method:capture,Method:capture,Method,,,
Method:cattlemountnet,Method:cattlemountnet,Method,,,
Method:cauchy,Method:cauchy,Method,,,
Method:ccnerf,Method:ccnerf,Method,,,
Method:ccnet,Method:ccnet,Method,,,
Method:cdpa,Method:cdpa,Method,,,
Method:centersnap,Method:centersnap,Method,,,
Method:chat,Method:chat,Method,,,
Method:cisru,Method:cisru,Method,,,
Method:clear-nerf,Method:clear-nerf,Method,,,
Method:clerf,Method:clerf,Method,,,
Method:cnerf,Method:cnerf,Method,,,
Method:cnn-based,Method:cnn-based,Method,,,
Method:co-slam,Method:co-slam,Method,,,
Method:coarse-to-fine,Method:coarse-to-fine,Method,,,
Method:collaborative,Method:collaborative,Method,,,
Method:colmap,Method:colmap,Method,,,
Method:component-aware,Method:component-aware,Method,,,
Method:condimen,Method:condimen,Method,,,
Method:confidence,Method:confidence,Method,,,
Method:confidence-aware,Method:confidence-aware,Method,,,
Method:conservative,Method:conservative,Method,,,
Method:constrained,Method:constrained,Method,,,
Method:context-aware,Method:context-aware,Method,,,
Method:convolutional,Method:convolutional,Method,,,
Method:convposecnn,Method:convposecnn,Method,,,
Method:corresnerf,Method:corresnerf,Method,,,
Method:correspondence,Method:correspondence,Method,,,
Method:cosmos,Method:cosmos,Method,,,
Method:coupled,Method:coupled,Method,,,
Method:coverage-maximizing,Method:coverage-maximizing,Method,,,
Method:cpm,Method:cpm,Method,,,
Method:cr-nerf,Method:cr-nerf,Method,,,
Method:crg,Method:crg,Method,,,
Method:cross-modal,Method:cross-modal,Method,,,
Method:cross-ray,Method:cross-ray,Method,,,
Method:cross-supervision,Method:cross-supervision,Method,,,
Method:cross-view-aligned,Method:cross-view-aligned,Method,,,
Method:ct-icp,Method:ct-icp,Method,,,
Method:cuefusion,Method:cuefusion,Method,,,
Method:cullnet,Method:cullnet,Method,,,
Method:cups,Method:cups,Method,,,
Method:curriculum,Method:curriculum,Method,,,
Method:customized,Method:customized,Method,,,
Method:danet-72,Method:danet-72,Method,,,
Method:data-sufficient,Method:data-sufficient,Method,,,
Method:datap-sfm,Method:datap-sfm,Method,,,
Method:dbn,Method:dbn,Method,,,
Method:dbow3,Method:dbow3,Method,,,
Method:decoupled,Method:decoupled,Method,,,
Method:deep,Method:deep,Method,,,
Method:deep-image-matching,Method:deep-image-matching,Method,,,
Method:deepfly3d,Method:deepfly3d,Method,,,
Method:deepfuse,Method:deepfuse,Method,,,
Method:deepmorph,Method:deepmorph,Method,,,
Method:deepsft,Method:deepsft,Method,,,
Method:deepsportlab,Method:deepsportlab,Method,,,
Method:deformable,Method:deformable,Method,,,
Method:degauss,Method:degauss,Method,,,
Method:dei,Method:dei,Method,,,
Method:delowlightsplat,Method:delowlightsplat,Method,,,
Method:denoisegs,Method:denoisegs,Method,,,
Method:denoisesplat,Method:denoisesplat,Method,,,
Method:depth,Method:depth,Method,,,
Method:depth-,Method:depth-,Method,,,
Method:depth-aware,Method:depth-aware,Method,,,
Method:depth-guided,Method:depth-guided,Method,,,
Method:depth-image,Method:depth-image,Method,,,
Method:depth-localized,Method:depth-localized,Method,,,
Method:depth-transformer,Method:depth-transformer,Method,,,
Method:descriptor-free,Method:descriptor-free,Method,,,
Method:determinant,Method:determinant,Method,,,
Method:detrex,Method:detrex,Method,,,
Method:dexavatar,Method:dexavatar,Method,,,
Method:dexsim,Method:dexsim,Method,,,
Method:di-fusion,Method:di-fusion,Method,,,
Method:differentiable,Method:differentiable,Method,,,
Method:diffpose,Method:diffpose,Method,,,
Method:diffupose,Method:diffupose,Method,,,
Method:dinov2-bridge,Method:dinov2-bridge,Method,,,
Method:disflow,Method:disflow,Method,,,
Method:diskchungs,Method:diskchungs,Method,,,
Method:disparity,Method:disparity,Method,,,
Method:dispose,Method:dispose,Method,,,
Method:distillation,Method:distillation,Method,,,
Method:domain,Method:domain,Method,,,
Method:domain-specific,Method:domain-specific,Method,,,
Method:door-slam,Method:door-slam,Method,,,
Method:dp-sfm,Method:dp-sfm,Method,,,
Method:dpm,Method:dpm,Method,,,
Method:dreamcraft3d,Method:dreamcraft3d,Method,,,
Method:dreamfusionacc,Method:dreamfusionacc,Method,,,
Method:ds-stylegaussian,Method:ds-stylegaussian,Method,,,
Method:dsl,Method:dsl,Method,,,
Method:dual,Method:dual,Method,,,
Method:dual-domain,Method:dual-domain,Method,,,
Method:dual-level,Method:dual-level,Method,,,
Method:dual-stream,Method:dual-stream,Method,,,
Method:dust3r,Method:dust3r,Method,,,
Method:dynamic,Method:dynamic,Method,,,
Method:dynaslam,Method:dynaslam,Method,,,
Method:eao-slam,Method:eao-slam,Method,,,
Method:edm,Method:edm,Method,,,
Method:egg-fusion,Method:egg-fusion,Method,,,
Method:egoev-handpose,Method:egoev-handpose,Method,,,
Method:elastic,Method:elastic,Method,,,
Method:em-fusion,Method:em-fusion,Method,,,
Method:embedding-to-label,Method:embedding-to-label,Method,,,
Method:emotag,Method:emotag,Method,,,
Method:enavi,Method:enavi,Method,,,
Method:endogsim,Method:endogsim,Method,,,
Method:enerf,Method:enerf,Method,,,
Method:enhanced,Method:enhanced,Method,,,
Method:epipolar,Method:epipolar,Method,,,
Method:epro-pnp,Method:epro-pnp,Method,,,
Method:esl,Method:esl,Method,,,
Method:eslam,Method:eslam,Method,,,
Method:eventposevelocity,Method:eventposevelocity,Method,,,
Method:evidential,Method:evidential,Method,,,
Method:evopose2d,Method:evopose2d,Method,,,
Method:evplug,Method:evplug,Method,,,
Method:extreme,Method:extreme,Method,,,
Method:facelit,Method:facelit,Method,,,
Method:faceverse,Method:faceverse,Method,,,
Method:factor,Method:factor,Method,,,
Method:factorized,Method:factorized,Method,,,
Method:fast,Method:fast,Method,,,
Method:fast-lio-multi,Method:fast-lio-multi,Method,,,
Method:fast-lio2,Method:fast-lio2,Method,,,
Method:fast-segsim,Method:fast-segsim,Method,,,
Method:faster-lio,Method:faster-lio,Method,,,
Method:fault,Method:fault,Method,,,
Method:feature,Method:feature,Method,,,
Method:feature-aware,Method:feature-aware,Method,,,
Method:feature-fusion-resunet,Method:feature-fusion-resunet,Method,,,
Method:feature-steering,Method:feature-steering,Method,,,
Method:feed-forward,Method:feed-forward,Method,,,
Method:fidip,Method:fidip,Method,,,
Method:fires,Method:fires,Method,,,
Method:fisheye-orb-slam,Method:fisheye-orb-slam,Method,,,
Method:fit2form,Method:fit2form,Method,,,
Method:fluidgaussian,Method:fluidgaussian,Method,,,
Method:form2fit,Method:form2fit,Method,,,
Method:forplane,Method:forplane,Method,,,
Method:forward,Method:forward,Method,,,
Method:fpd,Method:fpd,Method,,,
Method:freescale,Method:freescale,Method,,,
Method:freesplatter,Method:freesplatter,Method,,,
Method:fruitnerf++,Method:fruitnerf++,Method,,,
Method:ftsplat,Method:ftsplat,Method,,,
Method:fu-mpc,Method:fu-mpc,Method,,,
Method:fundamental,Method:fundamental,Method,,,
Method:g2g,Method:g2g,Method,,,
Method:garlileo,Method:garlileo,Method,,,
Method:gaussian,Method:gaussian,Method,,,
Method:gaussian-mesh,Method:gaussian-mesh,Method,,,
Method:gaussian-slam,Method:gaussian-slam,Method,,,
Method:gaussian-uniform,Method:gaussian-uniform,Method,,,
Method:gaussianzoom,Method:gaussianzoom,Method,,,
Method:gca,Method:gca,Method,,,
Method:gemm-gs,Method:gemm-gs,Method,,,
Method:gen6d,Method:gen6d,Method,,,
Method:gencape,Method:gencape,Method,,,
Method:geneface++,Method:geneface++,Method,,,
Method:generalizable,Method:generalizable,Method,,,
Method:generalized,Method:generalized,Method,,,
Method:generative,Method:generative,Method,,,
Method:generative_pose,Method:generative_pose,Method,,,
Method:genrecon,Method:genrecon,Method,,,
Method:geo-supervised,Method:geo-supervised,Method,,,
Method:geo6dpose,Method:geo6dpose,Method,,,
Method:geometric,Method:geometric,Method,,,
Method:geometry-aware,Method:geometry-aware,Method,,,
Method:geometry-conditioned,Method:geometry-conditioned,Method,,,
Method:geometry-preserving,Method:geometry-preserving,Method,,,
Method:ggd-slam,Method:ggd-slam,Method,,,
Method:gim-world,Method:gim-world,Method,,,
Method:giraffe,Method:giraffe,Method,,,
Method:glados,Method:glados,Method,,,
Method:glance,Method:glance,Method,,,
Method:gloabalnet,Method:gloabalnet,Method,,,
Method:glowgs,Method:glowgs,Method,,,
Method:gmld,Method:gmld,Method,,,
Method:gmr,Method:gmr,Method,,,
Method:gnerf,Method:gnerf,Method,,,
Method:good,Method:good,Method,,,
Method:gp-slam,Method:gp-slam,Method,,,
Method:gpert,Method:gpert,Method,,,
Method:gpp,Method:gpp,Method,,,
Method:gps-gaussian,Method:gps-gaussian,Method,,,
Method:gradient-ascend,Method:gradient-ascend,Method,,,
Method:graformer,Method:graformer,Method,,,
Method:graph,Method:graph,Method,,,
Method:grid-fastslam,Method:grid-fastslam,Method,,,
Method:group,Method:group,Method,,,
Method:gs-cpr,Method:gs-cpr,Method,,,
Method:gsc,Method:gsc,Method,,,
Method:gsrender,Method:gsrender,Method,,,
Method:gst,Method:gst,Method,,,
Method:guidenav,Method:guidenav,Method,,,
Method:ha-nerf,Method:ha-nerf,Method,,,
Method:had,Method:had,Method,,,
Method:hanet,Method:hanet,Method,,,
Method:hashed,Method:hashed,Method,,,
Method:hdr-gs,Method:hdr-gs,Method,,,
Method:headsculpt,Method:headsculpt,Method,,,
Method:heatmap-style,Method:heatmap-style,Method,,,
Method:heatnet,Method:heatnet,Method,,,
Method:hg_s2_b1_mobile_fpd,Method:hg_s2_b1_mobile_fpd,Method,,,
Method:hgf,Method:hgf,Method,,,
Method:hierarchical,Method:hierarchical,Method,,,
Method:hierarchicalprobabilistic3dhuman,Method:hierarchicalprobabilistic3dhuman,Method,,,
Method:hot,Method:hot,Method,,,
Method:hourglass,Method:hourglass,Method,,,
Method:hperl,Method:hperl,Method,,,
Method:hprnet,Method:hprnet,Method,,,
Method:hrnet,Method:hrnet,Method,,,
Method:hs-3d-nerf,Method:hs-3d-nerf,Method,,,
Method:human-joint,Method:human-joint,Method,,,
Method:humangs,Method:humangs,Method,,,
Method:humannorm,Method:humannorm,Method,,,
Method:hybrid,Method:hybrid,Method,,,
Method:hyperbolic,Method:hyperbolic,Method,,,
Method:hyperpose,Method:hyperpose,Method,,,
Method:iMAP*,Method:iMAP*,Method,,,
Method:ibow,Method:ibow,Method,,,
Method:image-pose,Method:image-pose,Method,,,
Method:image_wise_dynamic,Method:image_wise_dynamic,Method,,,
Method:images2mesh,Method:images2mesh,Method,,,
Method:img2pose,Method:img2pose,Method,,,
Method:imgui,Method:imgui,Method,,,
Method:imp,Method:imp,Method,,,
Method:imperative,Method:imperative,Method,,,
Method:implicit,Method:implicit,Method,,,
Method:incrowd-vi,Method:incrowd-vi,Method,,,
Method:info-nerf,Method:info-nerf,Method,,,
Method:information-theoretic,Method:information-theoretic,Method,,,
Method:instant,Method:instant,Method,,,
Method:instruct-nerf2nerf,Method:instruct-nerf2nerf,Method,,,
Method:inter-class,Method:inter-class,Method,,,
Method:interactive,Method:interactive,Method,,,
Method:interactive_slam,Method:interactive_slam,Method,,,
Method:interpose,Method:interpose,Method,,,
Method:invariant,Method:invariant,Method,,,
Method:iot-enhanced,Method:iot-enhanced,Method,,,
Method:it-net,Method:it-net,Method,,,
Method:iterative,Method:iterative,Method,,,
Method:joint,Method:joint,Method,,,
Method:joint-aware,Method:joint-aware,Method,,,
Method:kalman,Method:kalman,Method,,,
Method:kc-3dgs,Method:kc-3dgs,Method,,,
Method:keygs,Method:keygs,Method,,,
Method:keypoint-based,Method:keypoint-based,Method,,,
Method:keypointbev,Method:keypointbev,Method,,,
Method:kilonerf,Method:kilonerf,Method,,,
Method:kimera-vio,Method:kimera-vio,Method,,,
Method:kinematics-driven,Method:kinematics-driven,Method,,,
Method:kintinuous,Method:kintinuous,Method,,,
Method:kiss-slam,Method:kiss-slam,Method,,,
Method:kornia,Method:kornia,Method,,,
Method:l4casadi,Method:l4casadi,Method,,,
Method:laplacian,Method:laplacian,Method,,,
Method:lapx,Method:lapx,Method,,,
Method:latent-nerf,Method:latent-nerf,Method,,,
Method:layer-by-layer,Method:layer-by-layer,Method,,,
Method:learning,Method:learning,Method,,,
Method:learning-based,Method:learning-based,Method,,,
Method:legendre,Method:legendre,Method,,,
Method:lego-loam,Method:lego-loam,Method,,,
Method:legs,Method:legs,Method,,,
Method:lf-vio,Method:lf-vio,Method,,,
Method:lgfusionnet,Method:lgfusionnet,Method,,,
Method:li_slam_ros2,Method:li_slam_ros2,Method,,,
Method:lidar,Method:lidar,Method,,,
Method:liftfeat,Method:liftfeat,Method,,,
Method:lightglue,Method:lightglue,Method,,,
Method:llha-net,Method:llha-net,Method,,,
Method:local,Method:local,Method,,,
Method:locus,Method:locus,Method,,,
Method:loftr,Method:loftr,Method,,,
Method:lolnerf,Method:lolnerf,Method,,,
Method:looping,Method:looping,Method,,,
Method:lpn-50,Method:lpn-50,Method,,,
Method:lrsc,Method:lrsc,Method,,,
Method:lstm,Method:lstm,Method,,,
Method:lumimotion,Method:lumimotion,Method,,,
Method:mac-ego3d,Method:mac-ego3d,Method,,,
Method:maem,Method:maem,Method,,,
Method:mamba-based,Method:mamba-based,Method,,,
Method:mapmonoego,Method:mapmonoego,Method,,,
Method:maprpose,Method:maprpose,Method,,,
Method:marf,Method:marf,Method,,,
Method:mask,Method:mask,Method,,,
Method:mask-guided,Method:mask-guided,Method,,,
Method:maskedfusion,Method:maskedfusion,Method,,,
Method:masking,Method:masking,Method,,,
Method:maxcon,Method:maxcon,Method,,,
Method:mbw,Method:mbw,Method,,,
Method:mcl,Method:mcl,Method,,,
Method:mdenerf,Method:mdenerf,Method,,,
Method:mds-nerf,Method:mds-nerf,Method,,,
Method:med-query,Method:med-query,Method,,,
Method:mediapipe,Method:mediapipe,Method,,,
Method:metagrad,Method:metagrad,Method,,,
Method:metric,Method:metric,Method,,,
Method:micmac,Method:micmac,Method,,,
Method:minisam,Method:minisam,Method,,,
Method:mip-nerf-360,Method:mip-nerf-360,Method,,,
Method:mip-splatting,Method:mip-splatting,Method,,,
Method:mix3r,Method:mix3r,Method,,,
Method:mixed,Method:mixed,Method,,,
Method:mixing-denoising,Method:mixing-denoising,Method,,,
Method:mixtgformer,Method:mixtgformer,Method,,,
Method:mlrecon,Method:mlrecon,Method,,,
Method:mmg,Method:mmg,Method,,,
Method:mmpose,Method:mmpose,Method,,,
Method:mmweaver,Method:mmweaver,Method,,,
Method:mobifuse,Method:mobifuse,Method,,,
Method:mobilebrick,Method:mobilebrick,Method,,,
Method:mobilenet-style,Method:mobilenet-style,Method,,,
Method:mobilenetv2,Method:mobilenetv2,Method,,,
Method:modified,Method:modified,Method,,,
Method:mononerf,Method:mononerf,Method,,,
Method:morphable,Method:morphable,Method,,,
Method:morpheus,Method:morpheus,Method,,,
Method:movenet,Method:movenet,Method,,,
Method:mr.scalemaster,Method:mr.scalemaster,Method,,,
Method:mr_slam,Method:mr_slam,Method,,,
Method:mrf,Method:mrf,Method,,,
Method:mrpt_icp_slam_2d,Method:mrpt_icp_slam_2d,Method,,,
Method:mrpt_rbpf_slam,Method:mrpt_rbpf_slam,Method,,,
Method:msc,Method:msc,Method,,,
Method:mspn,Method:mspn,Method,,,
Method:mtf-transformer,Method:mtf-transformer,Method,,,
Method:mu-generf,Method:mu-generf,Method,,,
Method:multi-camera,Method:multi-camera,Method,,,
Method:multi-frame,Method:multi-frame,Method,,,
Method:multi-mode,Method:multi-mode,Method,,,
Method:multi-scale,Method:multi-scale,Method,,,
Method:multi-source,Method:multi-source,Method,,,
Method:multi-view,Method:multi-view,Method,,,
Method:multifusion,Method:multifusion,Method,,,
Method:multilayer,Method:multilayer,Method,,,
Method:multiple,Method:multiple,Method,,,
Method:multitask-net,Method:multitask-net,Method,,,
Method:musetalk,Method:musetalk,Method,,,
Method:musgd,Method:musgd,Method,,,
Method:mve,Method:mve,Method,,,
Method:mvsnerf,Method:mvsnerf,Method,,,
Method:naf,Method:naf,Method,,,
Method:napa,Method:napa,Method,,,
Method:ncnn,Method:ncnn,Method,,,
Method:nerf,Method:nerf,Method,,,
Method:nerf-meta,Method:nerf-meta,Method,,,
Method:nerf-mir,Method:nerf-mir,Method,,,
Method:nerf-rpn,Method:nerf-rpn,Method,,,
Method:nerf-slam,Method:nerf-slam,Method,,,
Method:nerf-sos,Method:nerf-sos,Method,,,
Method:nerf-sr,Method:nerf-sr,Method,,,
Method:nerf-texture,Method:nerf-texture,Method,,,
Method:nerf_pl,Method:nerf_pl,Method,,,
Method:nerfae,Method:nerfae,Method,,,
Method:nerffacespeech,Method:nerffacespeech,Method,,,
Method:nerfgans,Method:nerfgans,Method,,,
Method:nerfmm,Method:nerfmm,Method,,,
Method:neural,Method:neural,Method,,,
Method:neurallift-360,Method:neurallift-360,Method,,,
Method:neuray,Method:neuray,Method,,,
Method:neus,Method:neus,Method,,,
Method:neus-facto-bigmlp,Method:neus-facto-bigmlp,Method,,,
Method:ngp,Method:ngp,Method,,,
Method:ngp_pl,Method:ngp_pl,Method,,,
Method:nodemicmac,Method:nodemicmac,Method,,,
Method:non-minimal,Method:non-minimal,Method,,,
Method:non-rigid,Method:non-rigid,Method,,,
Method:nonparametric,Method:nonparametric,Method,,,
Method:nonsac,Method:nonsac,Method,,,
Method:normal-clustering-nerf,Method:normal-clustering-nerf,Method,,,
Method:normalgan,Method:normalgan,Method,,,
Method:nsrm,Method:nsrm,Method,,,
Method:oab,Method:oab,Method,,,
Method:ob_gins,Method:ob_gins,Method,,,
Method:object-based,Method:object-based,Method,,,
Method:object-oriented,Method:object-oriented,Method,,,
Method:objview-bench,Method:objview-bench,Method,,,
Method:off-axis,Method:off-axis,Method,,,
Method:omni-scene,Method:omni-scene,Method,,,
Method:omnidirectional,Method:omnidirectional,Method,,,
Method:one-step,Method:one-step,Method,,,
Method:open3d_slam,Method:open3d_slam,Method,,,
Method:openpose,Method:openpose,Method,,,
Method:openpose-darknet,Method:openpose-darknet,Method,,,
Method:openvins,Method:openvins,Method,,,
Method:optimal,Method:optimal,Method,,,
Method:orthogonal,Method:orthogonal,Method,,,
Method:p1ac,Method:p1ac,Method,,,
Method:padmix,Method:padmix,Method,,,
Method:pangolin,Method:pangolin,Method,,,
Method:panovggt,Method:panovggt,Method,,,
Method:papnet,Method:papnet,Method,,,
Method:particle,Method:particle,Method,,,
Method:patch-based,Method:patch-based,Method,,,
Method:pcls,Method:pcls,Method,,,
Method:peoplesanspeople,Method:peoplesanspeople,Method,,,
Method:pfavatar,Method:pfavatar,Method,,,
Method:pfgs360,Method:pfgs360,Method,,,
Method:pgganet,Method:pgganet,Method,,,
Method:pgn,Method:pgn,Method,,,
Method:physics-based,Method:physics-based,Method,,,
Method:pi-def,Method:pi-def,Method,,,
Method:pin-slam,Method:pin-slam,Method,,,
Method:pix2nphm,Method:pix2nphm,Method,,,
Method:pixel-aligned,Method:pixel-aligned,Method,,,
Method:pl-vins,Method:pl-vins,Method,,,
Method:plane,Method:plane,Method,,,
Method:plane-aware,Method:plane-aware,Method,,,
Method:plane-based,Method:plane-based,Method,,,
Method:plink,Method:plink,Method,,,
Method:pnerfloc,Method:pnerfloc,Method,,,
Method:poet,Method:poet,Method,,,
Method:point,Method:point,Method,,,
Method:pointnet,Method:pointnet,Method,,,
Method:polyfit,Method:polyfit,Method,,,
Method:ponet,Method:ponet,Method,,,
Method:portrait,Method:portrait,Method,,,
Method:portrait4d,Method:portrait4d,Method,,,
Method:pose,Method:pose,Method,,,
Method:pose-accompanied,Method:pose-accompanied,Method,,,
Method:pose-aware,Method:pose-aware,Method,,,
Method:pose-conditioned,Method:pose-conditioned,Method,,,
Method:pose-disentangled,Method:pose-disentangled,Method,,,
Method:pose-guided,Method:pose-guided,Method,,,
Method:posefix,Method:posefix,Method,,,
Method:poseflow,Method:poseflow,Method,,,
Method:posefm,Method:posefm,Method,,,
Method:posehrnet,Method:posehrnet,Method,,,
Method:posevocab,Method:posevocab,Method,,,
Method:pranet,Method:pranet,Method,,,
Method:precise,Method:precise,Method,,,
Method:prima6d++,Method:prima6d++,Method,,,
Method:probabilistic,Method:probabilistic,Method,,,
Method:probnerf,Method:probnerf,Method,,,
Method:projective,Method:projective,Method,,,
Method:protection,Method:protection,Method,,,
Method:psdf,Method:psdf,Method,,,
Method:pseudo-3d,Method:pseudo-3d,Method,,,
Method:ptam,Method:ptam,Method,,,
Method:pull,Method:pull,Method,,,
Method:pvn3d,Method:pvn3d,Method,,,
Method:pymaf,Method:pymaf,Method,,,
Method:pyopf,Method:pyopf,Method,,,
Method:qff,Method:qff,Method,,,
Method:quadric,Method:quadric,Method,,,
Method:quantum,Method:quantum,Method,,,
Method:quest,Method:quest,Method,,,
Method:r2-talker,Method:r2-talker,Method,,,
Method:r2l,Method:r2l,Method,,,
Method:r3gw,Method:r3gw,Method,,,
Method:r3live,Method:r3live,Method,,,
Method:r5dgs,Method:r5dgs,Method,,,
Method:radialundistort,Method:radialundistort,Method,,,
Method:radiance,Method:radiance,Method,,,
Method:random,Method:random,Method,,,
Method:ranger,Method:ranger,Method,,,
Method:ransac,Method:ransac,Method,,,
Method:rays,Method:rays,Method,,,
Method:rcnn,Method:rcnn,Method,,,
Method:rdd,Method:rdd,Method,,,
Method:real-calibrated,Method:real-calibrated,Method,,,
Method:realpoint3d,Method:realpoint3d,Method,,,
Method:realtime,Method:realtime,Method,,,
Method:recalab,Method:recalab,Method,,,
Method:receptive,Method:receptive,Method,,,
Method:recgen,Method:recgen,Method,,,
Method:rectified,Method:rectified,Method,,,
Method:redundancy-aware,Method:redundancy-aware,Method,,,
Method:ref-nerf,Method:ref-nerf,Method,,,
Method:relational,Method:relational,Method,,,
Method:reloc3r,Method:reloc3r,Method,,,
Method:remp,Method:remp,Method,,,
Method:repogen,Method:repogen,Method,,,
Method:rerun,Method:rerun,Method,,,
Method:residual,Method:residual,Method,,,
Method:resnet,Method:resnet,Method,,,
Method:resnets,Method:resnets,Method,,,
Method:resultant-based,Method:resultant-based,Method,,,
Method:retrievevggt,Method:retrievevggt,Method,,,
Method:reusable,Method:reusable,Method,,,
Method:rkhspose,Method:rkhspose,Method,,,
Method:rnn,Method:rnn,Method,,,
Method:robopca,Method:robopca,Method,,,
Method:roll-out,Method:roll-out,Method,,,
Method:roomrecon,Method:roomrecon,Method,,,
Method:ros,Method:ros,Method,,,
Method:rotlight,Method:rotlight,Method,,,
Method:rp-slam,Method:rp-slam,Method,,,
Method:rpf,Method:rpf,Method,,,
Method:rrt,Method:rrt,Method,,,
Method:rspose,Method:rspose,Method,,,
Method:rtmdet,Method:rtmdet,Method,,,
Method:rtmpose,Method:rtmpose,Method,,,
Method:rtmpose_m,Method:rtmpose_m,Method,,,
Method:rtmpose_s,Method:rtmpose_s,Method,,,
Method:s3im,Method:s3im,Method,,,
Method:sac,Method:sac,Method,,,
Method:safag,Method:safag,Method,,,
Method:sam,Method:sam,Method,,,
Method:sam-6d,Method:sam-6d,Method,,,
Method:sam-pose2seg,Method:sam-pose2seg,Method,,,
Method:sand,Method:sand,Method,,,
Method:scalenet,Method:scalenet,Method,,,
Method:scene,Method:scene,Method,,,
Method:scenecomplete,Method:scenecomplete,Method,,,
Method:scfusion,Method:scfusion,Method,,,
Method:score,Method:score,Method,,,
Method:sdaim,Method:sdaim,Method,,,
Method:sdf,Method:sdf,Method,,,
Method:sdfdiff,Method:sdfdiff,Method,,,
Method:se(3)-equivariant,Method:se(3)-equivariant,Method,,,
Method:sefm,Method:sefm,Method,,,
Method:segment-anything(sam),Method:segment-anything(sam),Method,,,
Method:self-constrained,Method:self-constrained,Method,,,
Method:self-paced,Method:self-paced,Method,,,
Method:self-supervised,Method:self-supervised,Method,,,
Method:semantic,Method:semantic,Method,,,
Method:semantic-guided,Method:semantic-guided,Method,,,
Method:semanticfusion,Method:semanticfusion,Method,,,
Method:semi-automatic,Method:semi-automatic,Method,,,
Method:semi-global,Method:semi-global,Method,,,
Method:sensitivity,Method:sensitivity,Method,,,
Method:sequentialprocessor,Method:sequentialprocessor,Method,,,
Method:sf-loc,Method:sf-loc,Method,,,
Method:shape,Method:shape,Method,,,
Method:shape-from-template,Method:shape-from-template,Method,,,
Method:shared,Method:shared,Method,,,
Method:shrec,Method:shrec,Method,,,
Method:siamese,Method:siamese,Method,,,
Method:sift,Method:sift,Method,,,
Method:sign,Method:sign,Method,,,
Method:sim(3)-consistent,Method:sim(3)-consistent,Method,,,
Method:simplepose,Method:simplepose,Method,,,
Method:simplerecon,Method:simplerecon,Method,,,
Method:simuscene,Method:simuscene,Method,,,
Method:singular,Method:singular,Method,,,
Method:skeleton,Method:skeleton,Method,,,
Method:sketch-shape,Method:sketch-shape,Method,,,
Method:slict,Method:slict,Method,,,
Method:smf-vo,Method:smf-vo,Method,,,
Method:smoothnet,Method:smoothnet,Method,,,
Method:so(3)-aware,Method:so(3)-aware,Method,,,
Method:sobfu,Method:sobfu,Method,,,
Method:soco,Method:soco,Method,,,
Method:sof,Method:sof,Method,,,
Method:soft,Method:soft,Method,,,
Method:spacesense-bench,Method:spacesense-bench,Method,,,
Method:sparse,Method:sparse,Method,,,
Method:spatial-temporal,Method:spatial-temporal,Method,,,
Method:spatialmosaic-bench,Method:spatialmosaic-bench,Method,,,
Method:spatio-temporal-cross,Method:spatio-temporal-cross,Method,,,
Method:spatiotemporal,Method:spatiotemporal,Method,,,
Method:spherical,Method:spherical,Method,,,
Method:splannequin,Method:splannequin,Method,,,
Method:splathloc,Method:splathloc,Method,,,
Method:splattable,Method:splattable,Method,,,
Method:splitgs-loc,Method:splitgs-loc,Method,,,
Method:sr-lio,Method:sr-lio,Method,,,
Method:srif,Method:srif,Method,,,
Method:ssl_lio,Method:ssl_lio,Method,,,
Method:ssp3d,Method:ssp3d,Method,,,
Method:ssr,Method:ssr,Method,,,
Method:ssrformer,Method:ssrformer,Method,,,
Method:st-nerf,Method:st-nerf,Method,,,
Method:stal,Method:stal,Method,,,
Method:state,Method:state,Method,,,
Method:stereo4d,Method:stereo4d,Method,,,
Method:stochastic-geometrical,Method:stochastic-geometrical,Method,,,
Method:stride,Method:stride,Method,,,
Method:structure,Method:structure,Method,,,
Method:structure-aware,Method:structure-aware,Method,,,
Method:structured,Method:structured,Method,,,
Method:style3d,Method:style3d,Method,,,
Method:styleavatar,Method:styleavatar,Method,,,
Method:submapping,Method:submapping,Method,,,
Method:sugar,Method:sugar,Method,,,
Method:suma,Method:suma,Method,,,
Method:suma++,Method:suma++,Method,,,
Method:sundial,Method:sundial,Method,,,
Method:superanimal-topviewmouse,Method:superanimal-topviewmouse,Method,,,
Method:superdepth,Method:superdepth,Method,,,
Method:supernormal,Method:supernormal,Method,,,
Method:surface-based,Method:surface-based,Method,,,
Method:surfsurg6d,Method:surfsurg6d,Method,,,
Method:svd,Method:svd,Method,,,
Method:svm,Method:svm,Method,,,
Method:t-sta,Method:t-sta,Method,,,
Method:task-aware,Method:task-aware,Method,,,
Method:tc-gan,Method:tc-gan,Method,,,
Method:telephysics,Method:telephysics,Method,,,
Method:temporal,Method:temporal,Method,,,
Method:tensorf,Method:tensorf,Method,,,
Method:tensorf-ds,Method:tensorf-ds,Method,,,
Method:tensorflow,Method:tensorflow,Method,,,
Method:texglo,Method:texglo,Method,,,
Method:texpose,Method:texpose,Method,,,
Method:tf2,Method:tf2,Method,,,
Method:three-step,Method:three-step,Method,,,
Method:tinynerf,Method:tinynerf,Method,,,
Method:tnst,Method:tnst,Method,,,
Method:top_down_hrnet_w48,Method:top_down_hrnet_w48,Method,,,
Method:total,Method:total,Method,,,
Method:touch2insert,Method:touch2insert,Method,,,
Method:trajpilot,Method:trajpilot,Method,,,
Method:transformer-based,Method:transformer-based,Method,,,
Method:translation-invariant,Method:translation-invariant,Method,,,
Method:transport-based,Method:transport-based,Method,,,
Method:treedgs,Method:treedgs,Method,,,
Method:trending-aware,Method:trending-aware,Method,,,
Method:triangulation,Method:triangulation,Method,,,
Method:trisplat,Method:trisplat,Method,,,
Method:tsca-stereo,Method:tsca-stereo,Method,,,
Method:two-layer,Method:two-layer,Method,,,
Method:uda-cope,Method:uda-cope,Method,,,
Method:unbiased,Method:unbiased,Method,,,
Method:unblur-slam,Method:unblur-slam,Method,,,
Method:unboundednerfpytorch,Method:unboundednerfpytorch,Method,,,
Method:uncertainty,Method:uncertainty,Method,,,
Method:uncertainty-aware,Method:uncertainty-aware,Method,,,
Method:underwater360,Method:underwater360,Method,,,
Method:unic-lift,Method:unic-lift,Method,,,
Method:unicrowd,Method:unicrowd,Method,,,
Method:unified,Method:unified,Method,,,
Method:uniquer,Method:uniquer,Method,,,
Method:ust-hand,Method:ust-hand,Method,,,
Method:uv,Method:uv,Method,,,
Method:v3d.dataclassarray,Method:v3d.dataclassarray,Method,,,
Method:vader,Method:vader,Method,,,
Method:vaxnerf,Method:vaxnerf,Method,,,
Method:vdnerf,Method:vdnerf,Method,,,
Method:velocity-tcn,Method:velocity-tcn,Method,,,
Method:verefine,Method:verefine,Method,,,
Method:vggt-slam,Method:vggt-slam,Method,,,
Method:vggt4d,Method:vggt4d,Method,,,
Method:vi_orb_slam2,Method:vi_orb_slam2,Method,,,
Method:vict,Method:vict,Method,,,
Method:video,Method:video,Method,,,
Method:vipr,Method:vipr,Method,,,
Method:virgi,Method:virgi,Method,,,
Method:visu3d,Method:visu3d,Method,,,
Method:visual-inertial,Method:visual-inertial,Method,,,
Method:vitpose+,Method:vitpose+,Method,,,
Method:vitpose++,Method:vitpose++,Method,,,
Method:vlm3,Method:vlm3,Method,,,
Method:voxelhashing,Method:voxelhashing,Method,,,
Method:vpho,Method:vpho,Method,,,
Method:vsmgraph,Method:vsmgraph,Method,,,
Method:waterhe-nerf,Method:waterhe-nerf,Method,,,
Method:wav2lip,Method:wav2lip,Method,,,
Method:weighted,Method:weighted,Method,,,
Method:wireframe,Method:wireframe,Method,,,
Method:x-rai,Method:x-rai,Method,,,
Method:yolo26,Method:yolo26,Method,,,
Method:yolo_orb_slam3_with_pointcloud_map,Method:yolo_orb_slam3_with_pointcloud_map,Method,,,
Method:yolov11,Method:yolov11,Method,,,
Method:yolov26,Method:yolov26,Method,,,
Method:yolov5,Method:yolov5,Method,,,
Method:zero-splat,Method:zero-splat,Method,,,
Method:zs-srt,Method:zs-srt,Method,,,
Method:Δ-NeRF,Method:Δ-NeRF,Method,,,
Method:快速连通域标记算法,Method:快速连通域标记算法,Method,,,
Paper:1802.06140,Paper:1802.06140,Paper,,,2018
Paper:1803.03352,Paper:1803.03352,Paper,,,2018
Paper:1803.09167,Paper:1803.09167,Paper,,,2018
Paper:1803.09659,Paper:1803.09659,Paper,,,2018
Paper:1804.04610,Paper:1804.04610,Paper,,,2018
Paper:1804.06702,Paper:1804.06702,Paper,,,2018
Paper:1805.09707,Paper:1805.09707,Paper,221,,2018
Paper:1806.00746,Paper:1806.00746,Paper,132,,2018
Paper:1806.01484,Paper:1806.01484,Paper,104,,2018
Paper:1806.03891,Paper:1806.03891,Paper,40,,2018
Paper:1806.09316,Paper:1806.09316,Paper,19,,2018
Paper:1807.07796,Paper:1807.07796,Paper,171,,2018
Paper:1807.08483,Paper:1807.08483,Paper,2,,2018
Paper:1807.10580,Paper:1807.10580,Paper,142,,2018
Paper:1807.11130,Paper:1807.11130,Paper,78,,2018
Paper:1807.11147,Paper:1807.11147,Paper,15,,2018
Paper:1808.01525,Paper:1808.01525,Paper,85,,2018
Paper:1808.02194,Paper:1808.02194,Paper,144,,2018
Paper:1808.02244,Paper:1808.02244,Paper,,,2018
Paper:1809.00096,Paper:1809.00096,Paper,8,,2018
Paper:1809.00969,Paper:1809.00969,Paper,44,,2018
Paper:1809.01995,Paper:1809.01995,Paper,220,,2018
Paper:1809.02743,Paper:1809.02743,Paper,11,,2018
Paper:1809.04704,Paper:1809.04704,Paper,0,,2018
Paper:1809.07217,Paper:1809.07217,Paper,29,,2018
Paper:1809.10699,Paper:1809.10699,Paper,44,,2018
Paper:1809.10790,Paper:1809.10790,Paper,749,,2018
Paper:1810.01665,Paper:1810.01665,Paper,7,,2018
Paper:1810.01849,Paper:1810.01849,Paper,229,,2018
Paper:1810.03737,Paper:1810.03737,Paper,7,,2018
Paper:1810.08393,Paper:1810.08393,Paper,138,,2018
Paper:1810.12163,Paper:1810.12163,Paper,95,,2018
Paper:1811.00313,Paper:1811.00313,Paper,7,,2018
Paper:1811.05419,Paper:1811.05419,Paper,280,,2018
Paper:1811.07249,Paper:1811.07249,Paper,11,,2018
Paper:1811.07791,Paper:1811.07791,Paper,,,2018
Paper:1811.08588,Paper:1811.08588,Paper,29,,2018
Paper:1811.08716,Paper:1811.08716,Paper,16,,2018
Paper:1811.09790,Paper:1811.09790,Paper,,,2018
Paper:1811.10681,Paper:1811.10681,Paper,5,,2018
Paper:1811.11209,Paper:1811.11209,Paper,44,,2018
Paper:1811.12016,Paper:1811.12016,Paper,5,,2018
Paper:1812.00287,Paper:1812.00287,Paper,139,,2018
Paper:1812.01024,Paper:1812.01024,Paper,729,,2018
Paper:1812.01232,Paper:1812.01232,Paper,45,,2018
Paper:1812.01783,Paper:1812.01783,Paper,3,,2018
Paper:1812.03247,Paper:1812.03247,Paper,76,,2018
Paper:1812.03595,Paper:1812.03595,Paper,179,,2018
Paper:1812.03647,Paper:1812.03647,Paper,37,,2018
Paper:1812.05770,Paper:1812.05770,Paper,42,,2018
Paper:1812.08008,Paper:1812.08008,Paper,5572,,2018
Paper:1812.09737,Paper:1812.09737,Paper,16,,2018
Paper:1812.10320,Paper:1812.10320,Paper,18,,2018
Paper:1812.11166,Paper:1812.11166,Paper,,,2018
Paper:1812.11284,Paper:1812.11284,Paper,5,,2018
Paper:1812.11339,Paper:1812.11339,Paper,,,2018
Paper:1812.11440,Paper:1812.11440,Paper,92,,2018
Paper:1901.00049,Paper:1901.00049,Paper,186,,2018
Paper:1901.05103,Paper:1901.05103,Paper,,,2019
Paper:1903.03477,Paper:1903.03477,Paper,,,2019
Paper:1904.12012,Paper:1904.12012,Paper,,,2019
Paper:1904.12144,Paper:1904.12144,Paper,,,2019
Paper:1904.13073,Paper:1904.13073,Paper,,,2019
Paper:1905.07442,Paper:1905.07442,Paper,,,2019
Paper:1905.09829,Paper:1905.09829,Paper,,,2019
Paper:1905.09939,Paper:1905.09939,Paper,,,2019
Paper:1906.03650,Paper:1906.03650,Paper,38,,2019
Paper:1906.04910,Paper:1906.04910,Paper,8,,2019
Paper:1907.00939,Paper:1907.00939,Paper,,,2019
Paper:1907.06071,Paper:1907.06071,Paper,,,2019
Paper:1907.10844,Paper:1907.10844,Paper,,,2019
Paper:1907.12253,Paper:1907.12253,Paper,,,2019
Paper:1908.05146,Paper:1908.05146,Paper,7,,2019
Paper:1908.07906,Paper:1908.07906,Paper,283,,2019
Paper:1908.08209,Paper:1908.08209,Paper,17,,2019
Paper:1909.00703,Paper:1909.00703,Paper,,,2019
Paper:1909.01497,Paper:1909.01497,Paper,0,,2019
Paper:1909.05730,Paper:1909.05730,Paper,0,,2019
Paper:1909.08605,Paper:1909.08605,Paper,314,,2019
Paper:1909.10376,Paper:1909.10376,Paper,43,,2019
Paper:1909.11155,Paper:1909.11155,Paper,46,,2019
Paper:1909.11888,Paper:1909.11888,Paper,17,,2019
Paper:1909.12494,Paper:1909.12494,Paper,1,,2019
Paper:1909.12945,Paper:1909.12945,Paper,0,,2019
Paper:1909.13493,Paper:1909.13493,Paper,6,,2019
Paper:1910.00721,Paper:1910.00721,Paper,26,,2019
Paper:1910.02527,Paper:1910.02527,Paper,500,,2019
Paper:1910.03858,Paper:1910.03858,Paper,121,,2019
Paper:1910.04953,Paper:1910.04953,Paper,21,,2019
Paper:1910.13675,Paper:1910.13675,Paper,122,,2019
Paper:1911.00962,Paper:1911.00962,Paper,33,,2019
Paper:1911.01911,Paper:1911.01911,Paper,164,,2019
Paper:1911.04231,Paper:1911.04231,Paper,578,,2019
Paper:1911.05932,Paper:1911.05932,Paper,117,,2019
Paper:1911.07383,Paper:1911.07383,Paper,13,,2019
Paper:1911.07424,Paper:1911.07424,Paper,8,,2019
Paper:1911.07771,Paper:1911.07771,Paper,34,,2019
Paper:1911.07841,Paper:1911.07841,Paper,,,2019
Paper:1911.07938,Paper:1911.07938,Paper,0,,2019
Paper:1911.08995,Paper:1911.08995,Paper,0,,2019
Paper:1911.09092,Paper:1911.09092,Paper,40,,2019
Paper:1911.09231,Paper:1911.09231,Paper,123,,2019
Paper:1911.10346,Paper:1911.10346,Paper,52,,2019
Paper:1911.10414,Paper:1911.10414,Paper,592,,2019
Paper:1911.10529,Paper:1911.10529,Paper,106,,2019
Paper:1911.10927,Paper:1911.10927,Paper,21,,2019
Paper:1911.11686,Paper:1911.11686,Paper,3,,2019
Paper:1911.11763,Paper:1911.11763,Paper,2746,,2019
Paper:1911.12012,Paper:1911.12012,Paper,,,2019
Paper:1911.12330,Paper:1911.12330,Paper,4,,2019
Paper:1912.00821,Paper:1912.00821,Paper,55,,2019
Paper:1912.01584,Paper:1912.01584,Paper,68,,2019
Paper:1912.02908,Paper:1912.02908,Paper,71,,2019
Paper:1912.03005,Paper:1912.03005,Paper,,,2019
Paper:1912.05656,Paper:1912.05656,Paper,1141,,2019
Paper:1912.05766,Paper:1912.05766,Paper,14,,2019
Paper:1912.07109,Paper:1912.07109,Paper,260,,2019
Paper:1912.07333,Paper:1912.07333,Paper,26,,2019
Paper:1912.07372,Paper:1912.07372,Paper,1107,,2019
Paper:1912.08263,Paper:1912.08263,Paper,19,,2019
Paper:1912.09057,Paper:1912.09057,Paper,19,,2019
Paper:1912.10787,Paper:1912.10787,Paper,0,,2019
Paper:1912.11888,Paper:1912.11888,Paper,18,,2019
Paper:1912.11913,Paper:1912.11913,Paper,259,,2019
Paper:1912.12436,Paper:1912.12436,Paper,6,,2019
Paper:1912.12847,Paper:1912.12847,Paper,0,,2019
Paper:2003.00397,Paper:2003.00397,Paper,,,2020
Paper:2003.12406,Paper:2003.12406,Paper,,,2020
Paper:2003.12753,Paper:2003.12753,Paper,,,2020
Paper:2004.12697,Paper:2004.12697,Paper,17,,2020
Paper:2006.03817,Paper:2006.03817,Paper,,,2020
Paper:2007.02798,Paper:2007.02798,Paper,,,2020
Paper:2007.06620,Paper:2007.06620,Paper,,,2020
Paper:2007.06853,Paper:2007.06853,Paper,,,2020
Paper:2007.07013,Paper:2007.07013,Paper,1,,2020
Paper:2007.07527,Paper:2007.07527,Paper,,,2020
Paper:2009.02672,Paper:2009.02672,Paper,100,,2020
Paper:2009.04420,Paper:2009.04420,Paper,,,2020
Paper:2009.04630,Paper:2009.04630,Paper,2,,2020
Paper:2009.07462,Paper:2009.07462,Paper,129,,2020
Paper:2009.12678,Paper:2009.12678,Paper,31,,2020
Paper:2010.07492,Paper:2010.07492,Paper,,,2020
Paper:2010.07929,Paper:2010.07929,Paper,,,2020
Paper:2010.08202,Paper:2010.08202,Paper,5,,2020
Paper:2010.09232,Paper:2010.09232,Paper,23,,2020
Paper:2010.10505,Paper:2010.10505,Paper,,,2020
Paper:2010.12796,Paper:2010.12796,Paper,3,,2020
Paper:2010.12807,Paper:2010.12807,Paper,41,,2020
Paper:2010.13662,Paper:2010.13662,Paper,,,2020
Paper:2010.14076,Paper:2010.14076,Paper,2,,2020
Paper:2010.14541,Paper:2010.14541,Paper,13,,2020
Paper:2010.16117,Paper:2010.16117,Paper,24,,2020
Paper:2011.01890,Paper:2011.01890,Paper,18,,2020
Paper:2011.02172,Paper:2011.02172,Paper,2,,2020
Paper:2011.03790,Paper:2011.03790,Paper,6,,2020
Paper:2011.04307,Paper:2011.04307,Paper,130,,2020
Paper:2011.05010,Paper:2011.05010,Paper,12,,2020
Paper:2011.07008,Paper:2011.07008,Paper,,,2020
Paper:2011.07112,Paper:2011.07112,Paper,27,,2020
Paper:2011.07387,Paper:2011.07387,Paper,4,,2020
Paper:2011.07748,Paper:2011.07748,Paper,32,,2020
Paper:2011.08418,Paper:2011.08418,Paper,1,,2020
Paper:2011.08790,Paper:2011.08790,Paper,10,,2020
Paper:2011.09114,Paper:2011.09114,Paper,,,2020
Paper:2011.09783,Paper:2011.09783,Paper,1,,2020
Paper:2011.11946,Paper:2011.11946,Paper,71,,2020
Paper:2011.12108,Paper:2011.12108,Paper,27,,2020
Paper:2011.12498,Paper:2011.12498,Paper,32,,2020
Paper:2011.12948,Paper:2011.12948,Paper,1473,,2020
Paper:2011.13209,Paper:2011.13209,Paper,13,,2020
Paper:2011.14005,Paper:2011.14005,Paper,,,2020
Paper:2011.14041,Paper:2011.14041,Paper,1,,2020
Paper:2011.14669,Paper:2011.14669,Paper,7,,2020
Paper:2011.14791,Paper:2011.14791,Paper,71,,2020
Paper:2012.00630,Paper:2012.00630,Paper,21,,2020
Paper:2012.01511,Paper:2012.01511,Paper,13,,2020
Paper:2012.02190,Paper:2012.02190,Paper,,,2020
Paper:2012.03196,Paper:2012.03196,Paper,62,,2020
Paper:2012.04263,Paper:2012.04263,Paper,11,,2020
Paper:2012.05536,Paper:2012.05536,Paper,,,2020
Paper:2012.05616,Paper:2012.05616,Paper,29,,2020
Paper:2012.05901,Paper:2012.05901,Paper,257,,2020
Paper:2012.06650,Paper:2012.06650,Paper,55,,2020
Paper:2012.07086,Paper:2012.07086,Paper,52,,2020
Paper:2012.07101,Paper:2012.07101,Paper,1,,2020
Paper:2012.08501,Paper:2012.08501,Paper,2,,2020
Paper:2012.08721,Paper:2012.08721,Paper,144,,2020
Paper:2012.09496,Paper:2012.09496,Paper,39,,2020
Paper:2012.10704,Paper:2012.10704,Paper,54,,2020
Paper:2012.11575,Paper:2012.11575,Paper,,,2020
Paper:2012.11938,Paper:2012.11938,Paper,4,,2020
Paper:2012.12360,Paper:2012.12360,Paper,9,,2020
Paper:2012.13078,Paper:2012.13078,Paper,42,,2020
Paper:2012.13522,Paper:2012.13522,Paper,56,,2020
Paper:2101.01602,Paper:2101.01602,Paper,103,,2020
Paper:2101.05204,Paper:2101.05204,Paper,,,2020
Paper:2103.14910,Paper:2103.14910,Paper,,,2021
Paper:2106.05264,Paper:2106.05264,Paper,,,2021
Paper:2109.00512,Paper:2109.00512,Paper,,,2021
Paper:2109.01129,Paper:2109.01129,Paper,289,,2021
Paper:2109.01750,Paper:2109.01750,Paper,,,2021
Paper:2109.01847,Paper:2109.01847,Paper,308,,2021
Paper:2109.02123,Paper:2109.02123,Paper,99,,2021
Paper:2109.06120,Paper:2109.06120,Paper,22,,2021
Paper:2109.07082,Paper:2109.07082,Paper,159,,2021
Paper:2109.07991,Paper:2109.07991,Paper,,,2021
Paper:2109.08263,Paper:2109.08263,Paper,16,,2021
Paper:2109.09913,Paper:2109.09913,Paper,105,,2021
Paper:2109.11747,Paper:2109.11747,Paper,15,,2021
Paper:2109.13879,Paper:2109.13879,Paper,52,,2021
Paper:2109.15271,Paper:2109.15271,Paper,133,,2021
Paper:2110.00280,Paper:2110.00280,Paper,43,,2021
Paper:2110.00511,Paper:2110.00511,Paper,,,2021
Paper:2110.00988,Paper:2110.00988,Paper,19,,2021
Paper:2110.02330,Paper:2110.02330,Paper,48,,2021
Paper:2110.04931,Paper:2110.04931,Paper,10,,2021
Paper:2110.05092,Paper:2110.05092,Paper,78,,2021
Paper:2110.05650,Paper:2110.05650,Paper,19,,2021
Paper:2110.07235,Paper:2110.07235,Paper,60,,2021
Paper:2110.08472,Paper:2110.08472,Paper,3,,2021
Paper:2110.11860,Paper:2110.11860,Paper,,,2021
Paper:2110.12401,Paper:2110.12401,Paper,12,,2021
Paper:2110.12993,Paper:2110.12993,Paper,,,2021
Paper:2110.14213,Paper:2110.14213,Paper,22,,2021
Paper:2110.15267,Paper:2110.15267,Paper,16,,2021
Paper:2111.00190,Paper:2111.00190,Paper,62,,2021
Paper:2111.00312,Paper:2111.00312,Paper,57,,2021
Paper:2111.00763,Paper:2111.00763,Paper,41,,2021
Paper:2111.01376,Paper:2111.01376,Paper,19,,2021
Paper:2111.02135,Paper:2111.02135,Paper,70,,2021
Paper:2111.03039,Paper:2111.03039,Paper,5,,2021
Paper:2111.04076,Paper:2111.04076,Paper,138,,2021
Paper:2111.04237,Paper:2111.04237,Paper,,,2021
Paper:2111.06276,Paper:2111.06276,Paper,29,,2021
Paper:2111.07370,Paper:2111.07370,Paper,7,,2021
Paper:2111.07383,Paper:2111.07383,Paper,26,,2021
Paper:2111.07418,Paper:2111.07418,Paper,91,,2021
Paper:2111.07723,Paper:2111.07723,Paper,6,,2021
Paper:2111.08557,Paper:2111.08557,Paper,88,,2021
Paper:2111.09996,Paper:2111.09996,Paper,117,,2021
Paper:2111.10563,Paper:2111.10563,Paper,3,,2021
Paper:2111.11215,Paper:2111.11215,Paper,1341,,2021
Paper:2111.11426,Paper:2111.11426,Paper,790,,2021
Paper:2111.11604,Paper:2111.11604,Paper,5,,2021
Paper:2111.12580,Paper:2111.12580,Paper,43,,2021
Paper:2111.12643,Paper:2111.12643,Paper,3,,2021
Paper:2111.12707,Paper:2111.12707,Paper,392,,2021
Paper:2111.12873,Paper:2111.12873,Paper,2,,2021
Paper:2111.13112,Paper:2111.13112,Paper,,,2021
Paper:2111.13674,Paper:2111.13674,Paper,85,,2021
Paper:2111.13679,Paper:2111.13679,Paper,486,,2021
Paper:2111.14021,Paper:2111.14021,Paper,5,,2021
Paper:2111.14411,Paper:2111.14411,Paper,3,,2021
Paper:2111.15246,Paper:2111.15246,Paper,,,2021
Paper:2112.00236,Paper:2112.00236,Paper,,,2021
Paper:2112.03045,Paper:2112.03045,Paper,29,,2021
Paper:2112.03810,Paper:2112.03810,Paper,31,,2021
Paper:2112.04846,Paper:2112.04846,Paper,14,,2021
Paper:2112.05131,Paper:2112.05131,Paper,2203,,2021
Paper:2112.05140,Paper:2112.05140,Paper,152,,2021
Paper:2112.05498,Paper:2112.05498,Paper,,,2021
Paper:2112.05504,Paper:2112.05504,Paper,316,,2021
Paper:2112.05598,Paper:2112.05598,Paper,,,2021
Paper:2112.05637,Paper:2112.05637,Paper,,,2021
Paper:2112.06455,Paper:2112.06455,Paper,1,,2021
Paper:2112.07334,Paper:2112.07334,Paper,20,,2021
Paper:2112.08867,Paper:2112.08867,Paper,,,2021
Paper:2112.09290,Paper:2112.09290,Paper,25,,2021
Paper:2112.09648,Paper:2112.09648,Paper,180,,2021
Paper:2112.10716,Paper:2112.10716,Paper,10,,2021
Paper:2112.11153,Paper:2112.11153,Paper,2,,2021
Paper:2112.11593,Paper:2112.11593,Paper,57,,2021
Paper:2112.12484,Paper:2112.12484,Paper,9,,2021
Paper:2112.12761,Paper:2112.12761,Paper,242,,2021
Paper:2112.14298,Paper:2112.14298,Paper,2,,2021
Paper:2209.10174,Paper:2209.10174,Paper,,,2022
Paper:2209.11677,Paper:2209.11677,Paper,,,2022
Paper:2209.15383,Paper:2209.15383,Paper,,,2022
Paper:2210.01721,Paper:2210.01721,Paper,,,2022
Paper:2210.08562,Paper:2210.08562,Paper,3,,2022
Paper:2210.09757,Paper:2210.09757,Paper,2,,2022
Paper:2210.10491,Paper:2210.10491,Paper,108,,2022
Paper:2210.11384,Paper:2210.11384,Paper,1,,2022
Paper:2210.11826,Paper:2210.11826,Paper,14,,2022
Paper:2210.12035,Paper:2210.12035,Paper,6,,2022
Paper:2210.13540,Paper:2210.13540,Paper,11,,2022
Paper:2210.13702,Paper:2210.13702,Paper,228,,2022
Paper:2210.14165,Paper:2210.14165,Paper,2,,2022
Paper:2211.03174,Paper:2211.03174,Paper,15,,2022
Paper:2211.03295,Paper:2211.03295,Paper,156,,2022
Paper:2211.06897,Paper:2211.06897,Paper,6,,2022
Paper:2211.07600,Paper:2211.07600,Paper,,,2022
Paper:2211.07968,Paper:2211.07968,Paper,,,2022
Paper:2211.10284,Paper:2211.10284,Paper,5,,2022
Paper:2211.10963,Paper:2211.10963,Paper,1,,2022
Paper:2211.11066,Paper:2211.11066,Paper,8,,2022
Paper:2211.11182,Paper:2211.11182,Paper,2,,2022
Paper:2211.11394,Paper:2211.11394,Paper,2,,2022
Paper:2211.11674,Paper:2211.11674,Paper,39,,2022
Paper:2211.11704,Paper:2211.11704,Paper,,,2022
Paper:2211.11941,Paper:2211.11941,Paper,4,,2022
Paper:2211.11983,Paper:2211.11983,Paper,34,,2022
Paper:2211.12038,Paper:2211.12038,Paper,,,2022
Paper:2211.12368,Paper:2211.12368,Paper,,,2022
Paper:2211.13251,Paper:2211.13251,Paper,63,,2022
Paper:2211.13357,Paper:2211.13357,Paper,21,,2022
Paper:2211.13398,Paper:2211.13398,Paper,7,,2022
Paper:2211.14108,Paper:2211.14108,Paper,,,2022
Paper:2211.14467,Paper:2211.14467,Paper,,,2022
Paper:2211.14651,Paper:2211.14651,Paper,63,,2022
Paper:2211.14799,Paper:2211.14799,Paper,,,2022
Paper:2211.15127,Paper:2211.15127,Paper,2,,2022
Paper:2211.16266,Paper:2211.16266,Paper,,,2022
Paper:2211.16290,Paper:2211.16290,Paper,16,,2022
Paper:2211.16431,Paper:2211.16431,Paper,,,2022
Paper:2211.16630,Paper:2211.16630,Paper,,,2022
Paper:2211.16799,Paper:2211.16799,Paper,30,,2022
Paper:2211.16940,Paper:2211.16940,Paper,177,,2022
Paper:2211.16951,Paper:2211.16951,Paper,37,,2022
Paper:2212.00436,Paper:2212.00436,Paper,,,2022
Paper:2212.01599,Paper:2212.01599,Paper,5,,2022
Paper:2212.01672,Paper:2212.01672,Paper,,,2022
Paper:2212.02014,Paper:2212.02014,Paper,4,,2022
Paper:2212.02077,Paper:2212.02077,Paper,11,,2022
Paper:2212.02163,Paper:2212.02163,Paper,4,,2022
Paper:2212.02280,Paper:2212.02280,Paper,,,2022
Paper:2212.02398,Paper:2212.02398,Paper,3,,2022
Paper:2212.02501,Paper:2212.02501,Paper,,,2022
Paper:2212.04246,Paper:2212.04246,Paper,127,,2022
Paper:2212.04632,Paper:2212.04632,Paper,1,,2022
Paper:2212.04636,Paper:2212.04636,Paper,105,,2022
Paper:2212.04701,Paper:2212.04701,Paper,,,2022
Paper:2212.04823,Paper:2212.04823,Paper,24,,2022
Paper:2212.07567,Paper:2212.07567,Paper,10,,2022
Paper:2212.08057,Paper:2212.08057,Paper,,,2022
Paper:2212.08070,Paper:2212.08070,Paper,,,2022
Paper:2212.08328,Paper:2212.08328,Paper,,,2022
Paper:2212.08476,Paper:2212.08476,Paper,,,2022
Paper:2212.08731,Paper:2212.08731,Paper,7,,2022
Paper:2212.10265,Paper:2212.10265,Paper,82,,2022
Paper:2212.10950,Paper:2212.10950,Paper,,,2022
Paper:2212.11770,Paper:2212.11770,Paper,65,,2022
Paper:2212.11966,Paper:2212.11966,Paper,,,2022
Paper:2212.12324,Paper:2212.12324,Paper,13,,2022
Paper:2212.12902,Paper:2212.12902,Paper,46,,2022
Paper:2212.13056,Paper:2212.13056,Paper,,,2022
Paper:2212.13415,Paper:2212.13415,Paper,25,,2022
Paper:2212.14871,Paper:2212.14871,Paper,,,2022
Paper:2310.20249,Paper:2310.20249,Paper,9,,2023
Paper:2311.00401,Paper:2311.00401,Paper,2,,2023
Paper:2311.01782,Paper:2311.01782,Paper,1,,2023
Paper:2311.04591,Paper:2311.04591,Paper,6,,2023
Paper:2311.04699,Paper:2311.04699,Paper,5,,2023
Paper:2311.05887,Paper:2311.05887,Paper,0,,2023
Paper:2311.06038,Paper:2311.06038,Paper,21,,2023
Paper:2311.08159,Paper:2311.08159,Paper,,,2023
Paper:2311.09887,Paper:2311.09887,Paper,26,,2023
Paper:2311.11171,Paper:2311.11171,Paper,0,,2023
Paper:2311.12125,Paper:2311.12125,Paper,,,2023
Paper:2311.12421,Paper:2311.12421,Paper,3,,2023
Paper:2311.12588,Paper:2311.12588,Paper,21,,2023
Paper:2311.13777,Paper:2311.13777,Paper,15,,2023
Paper:2311.14155,Paper:2311.14155,Paper,133,,2023
Paper:2311.14981,Paper:2311.14981,Paper,,,2023
Paper:2311.15707,Paper:2311.15707,Paper,155,,2023
Paper:2311.17105,Paper:2311.17105,Paper,12,,2023
Paper:2311.18311,Paper:2311.18311,Paper,,,2023
Paper:2311.18729,Paper:2311.18729,Paper,,,2023
Paper:2312.02141,Paper:2312.02141,Paper,,,2023
Paper:2312.02152,Paper:2312.02152,Paper,,,2023
Paper:2312.02221,Paper:2312.02221,Paper,,,2023
Paper:2312.02396,Paper:2312.02396,Paper,,,2023
Paper:2312.02568,Paper:2312.02568,Paper,,,2023
Paper:2312.02613,Paper:2312.02613,Paper,0,,2023
Paper:2312.03102,Paper:2312.03102,Paper,,,2023
Paper:2312.03372,Paper:2312.03372,Paper,,,2023
Paper:2312.03431,Paper:2312.03431,Paper,,,2023
Paper:2312.04236,Paper:2312.04236,Paper,3,,2023
Paper:2312.04337,Paper:2312.04337,Paper,,,2023
Paper:2312.04564,Paper:2312.04564,Paper,,,2023
Paper:2312.04784,Paper:2312.04784,Paper,,,2023
Paper:2312.04803,Paper:2312.04803,Paper,,,2023
Paper:2312.05161,Paper:2312.05161,Paper,,,2023
Paper:2312.05311,Paper:2312.05311,Paper,,,2023
Paper:2312.05525,Paper:2312.05525,Paper,9,,2023
Paper:2312.05873,Paper:2312.05873,Paper,,,2023
Paper:2312.06409,Paper:2312.06409,Paper,4,,2023
Paper:2312.06642,Paper:2312.06642,Paper,,,2023
Paper:2312.06797,Paper:2312.06797,Paper,3,,2023
Paper:2312.06865,Paper:2312.06865,Paper,3,,2023
Paper:2312.06946,Paper:2312.06946,Paper,,,2023
Paper:2312.07485,Paper:2312.07485,Paper,,,2023
Paper:2312.08411,Paper:2312.08411,Paper,38,,2023
Paper:2312.09228,Paper:2312.09228,Paper,,,2023
Paper:2312.09249,Paper:2312.09249,Paper,,,2023
Paper:2312.09313,Paper:2312.09313,Paper,,,2023
Paper:2312.09558,Paper:2312.09558,Paper,,,2023
Paper:2312.09913,Paper:2312.09913,Paper,,,2023
Paper:2312.10649,Paper:2312.10649,Paper,35,,2023
Paper:2312.10758,Paper:2312.10758,Paper,37,,2023
Paper:2312.11707,Paper:2312.11707,Paper,10,,2023
Paper:2312.12337,Paper:2312.12337,Paper,,,2023
Paper:2312.13102,Paper:2312.13102,Paper,,,2023
Paper:2312.13324,Paper:2312.13324,Paper,,,2023
Paper:2312.13332,Paper:2312.13332,Paper,,,2023
Paper:2312.13494,Paper:2312.13494,Paper,,,2023
Paper:2312.14132,Paper:2312.14132,Paper,1501,,2023
Paper:2312.14664,Paper:2312.14664,Paper,,,2023
Paper:2312.14697,Paper:2312.14697,Paper,5,,2023
Paper:2312.14733,Paper:2312.14733,Paper,22,,2023
Paper:2312.14915,Paper:2312.14915,Paper,4,,2023
Paper:2312.15130,Paper:2312.15130,Paper,7,,2023
Paper:2312.15636,Paper:2312.15636,Paper,20,,2023
Paper:2312.15711,Paper:2312.15711,Paper,,,2023
Paper:2312.15971,Paper:2312.15971,Paper,11,,2023
Paper:2312.16047,Paper:2312.16047,Paper,,,2023
Paper:2312.16221,Paper:2312.16221,Paper,6,,2023
Paper:2312.16933,Paper:2312.16933,Paper,1,,2023
Paper:2312.17018,Paper:2312.17018,Paper,,,2023
Paper:2312.17731,Paper:2312.17731,Paper,14,,2023
Paper:2401.00029,Paper:2401.00029,Paper,31,,2023
Paper:2404.01584,Paper:2404.01584,Paper,12,,2023
Paper:2410.10167,Paper:2410.10167,Paper,18,,2024
Paper:2410.13465,Paper:2410.13465,Paper,2,,2024
Paper:2410.13896,Paper:2410.13896,Paper,0,,2024
Paper:2410.17983,Paper:2410.17983,Paper,1,,2024
Paper:2410.18962,Paper:2410.18962,Paper,5,,2024
Paper:2410.21743,Paper:2410.21743,Paper,0,,2024
Paper:2410.23643,Paper:2410.23643,Paper,14,,2024
Paper:2411.00543,Paper:2411.00543,Paper,4,,2024
Paper:2411.02482,Paper:2411.02482,Paper,,,2024
Paper:2411.03561,Paper:2411.03561,Paper,7,,2024
Paper:2411.03807,Paper:2411.03807,Paper,3,,2024
Paper:2411.05322,Paper:2411.05322,Paper,,,2024
Paper:2411.05557,Paper:2411.05557,Paper,,,2024
Paper:2411.05734,Paper:2411.05734,Paper,0,,2024
Paper:2411.06869,Paper:2411.06869,Paper,3,,2024
Paper:2411.07165,Paper:2411.07165,Paper,2,,2024
Paper:2411.10504,Paper:2411.10504,Paper,4,,2024
Paper:2411.12286,Paper:2411.12286,Paper,25,,2024
Paper:2411.13607,Paper:2411.13607,Paper,1,,2024
Paper:2411.13620,Paper:2411.13620,Paper,0,,2024
Paper:2411.13988,Paper:2411.13988,Paper,1,,2024
Paper:2411.14002,Paper:2411.14002,Paper,3,,2024
Paper:2411.16816,Paper:2411.16816,Paper,,,2024
Paper:2411.18377,Paper:2411.18377,Paper,5,,2024
Paper:2411.18673,Paper:2411.18673,Paper,137,,2024
Paper:2411.18944,Paper:2411.18944,Paper,0,,2024
Paper:2411.19289,Paper:2411.19289,Paper,0,,2024
Paper:2411.19548,Paper:2411.19548,Paper,,,2024
Paper:2412.00682,Paper:2412.00682,Paper,6,,2024
Paper:2412.00754,Paper:2412.00754,Paper,,,2024
Paper:2412.00845,Paper:2412.00845,Paper,,,2024
Paper:2412.00952,Paper:2412.00952,Paper,4,,2024
Paper:2412.01422,Paper:2412.01422,Paper,3,,2024
Paper:2412.01543,Paper:2412.01543,Paper,9,,2024
Paper:2412.02066,Paper:2412.02066,Paper,0,,2024
Paper:2412.02254,Paper:2412.02254,Paper,16,,2024
Paper:2412.02725,Paper:2412.02725,Paper,39,,2024
Paper:2412.02903,Paper:2412.02903,Paper,10,,2024
Paper:2412.02950,Paper:2412.02950,Paper,1,,2024
Paper:2412.03512,Paper:2412.03512,Paper,,,2024
Paper:2412.03517,Paper:2412.03517,Paper,14,,2024
Paper:2412.03570,Paper:2412.03570,Paper,7,,2024
Paper:2412.03571,Paper:2412.03571,Paper,,,2024
Paper:2412.04339,Paper:2412.04339,Paper,,,2024
Paper:2412.04464,Paper:2412.04464,Paper,7,,2024
Paper:2412.04665,Paper:2412.04665,Paper,0,,2024
Paper:2412.04955,Paper:2412.04955,Paper,,,2024
Paper:2412.05548,Paper:2412.05548,Paper,,,2024
Paper:2412.06488,Paper:2412.06488,Paper,3,,2024
Paper:2412.07746,Paper:2412.07746,Paper,15,,2024
Paper:2412.08029,Paper:2412.08029,Paper,,,2024
Paper:2412.09573,Paper:2412.09573,Paper,34,,2024
Paper:2412.09597,Paper:2412.09597,Paper,,,2024
Paper:2412.09621,Paper:2412.09621,Paper,,,2024
Paper:2412.09723,Paper:2412.09723,Paper,,,2024
Paper:2412.09868,Paper:2412.09868,Paper,5,,2024
Paper:2412.10431,Paper:2412.10431,Paper,1,,2024
Paper:2412.12091,Paper:2412.12091,Paper,,,2024
Paper:2412.13047,Paper:2412.13047,Paper,,,2024
Paper:2412.13547,Paper:2412.13547,Paper,,,2024
Paper:2412.14568,Paper:2412.14568,Paper,,,2024
Paper:2412.15199,Paper:2412.15199,Paper,,,2024
Paper:2412.15278,Paper:2412.15278,Paper,,,2024
Paper:2412.15447,Paper:2412.15447,Paper,,,2024
Paper:2412.16742,Paper:2412.16742,Paper,4,,2024
Paper:2412.17769,Paper:2412.17769,Paper,,,2024
Paper:2412.17806,Paper:2412.17806,Paper,24,,2024
Paper:2412.18862,Paper:2412.18862,Paper,,,2024
Paper:2412.19130,Paper:2412.19130,Paper,,,2024
Paper:2412.19676,Paper:2412.19676,Paper,2,,2024
Paper:2412.20976,Paper:2412.20976,Paper,0,,2024
Paper:2501.00352,Paper:2501.00352,Paper,,,2024
Paper:2509.12458,Paper:2509.12458,Paper,,,2025
Paper:2509.15123,Paper:2509.15123,Paper,,,2025
Paper:2510.00592,Paper:2510.00592,Paper,,,2025
Paper:2510.08491,Paper:2510.08491,Paper,,,2025
Paper:2510.27318,Paper:2510.27318,Paper,,,2025
Paper:2511.06408,Paper:2511.06408,Paper,,,2025
Paper:2511.08294,Paper:2511.08294,Paper,0,,2025
Paper:2511.08545,Paper:2511.08545,Paper,,,2025
Paper:2511.08809,Paper:2511.08809,Paper,0,,2025
Paper:2511.09022,Paper:2511.09022,Paper,1,,2025
Paper:2511.09072,Paper:2511.09072,Paper,1,,2025
Paper:2511.10647,Paper:2511.10647,Paper,306,,2025
Paper:2511.11307,Paper:2511.11307,Paper,1,,2025
Paper:2511.12030,Paper:2511.12030,Paper,0,,2025
Paper:2511.12241,Paper:2511.12241,Paper,0,,2025
Paper:2511.13208,Paper:2511.13208,Paper,2,,2025
Paper:2511.13216,Paper:2511.13216,Paper,3,,2025
Paper:2511.14322,Paper:2511.14322,Paper,1,,2025
Paper:2511.15565,Paper:2511.15565,Paper,0,,2025
Paper:2511.16494,Paper:2511.16494,Paper,4,,2025
Paper:2511.17306,Paper:2511.17306,Paper,0,,2025
Paper:2511.18293,Paper:2511.18293,Paper,,,2025
Paper:2511.19542,Paper:2511.19542,Paper,,,2025
Paper:2511.19971,Paper:2511.19971,Paper,16,,2025
Paper:2511.21681,Paper:2511.21681,Paper,3,,2025
Paper:2512.01204,Paper:2512.01204,Paper,,,2025
Paper:2512.03962,Paper:2512.03962,Paper,,,2025
Paper:2512.04890,Paper:2512.04890,Paper,0,,2025
Paper:2512.05272,Paper:2512.05272,Paper,,,2025
Paper:2512.06147,Paper:2512.06147,Paper,5,,2025
Paper:2512.06565,Paper:2512.06565,Paper,1,,2025
Paper:2512.06868,Paper:2512.06868,Paper,0,,2025
Paper:2512.07381,Paper:2512.07381,Paper,,,2025
Paper:2512.07756,Paper:2512.07756,Paper,0,,2025
Paper:2512.08215,Paper:2512.08215,Paper,,,2025
Paper:2512.09792,Paper:2512.09792,Paper,2,,2025
Paper:2512.10251,Paper:2512.10251,Paper,0,,2025
Paper:2512.10293,Paper:2512.10293,Paper,,,2025
Paper:2512.10674,Paper:2512.10674,Paper,0,,2025
Paper:2512.10840,Paper:2512.10840,Paper,0,,2025
Paper:2512.10950,Paper:2512.10950,Paper,12,,2025
Paper:2512.10957,Paper:2512.10957,Paper,1,,2025
Paper:2512.12165,Paper:2512.12165,Paper,0,,2025
Paper:2512.13122,Paper:2512.13122,Paper,,,2025
Paper:2512.14095,Paper:2512.14095,Paper,,,2025
Paper:2512.15048,Paper:2512.15048,Paper,,,2025
Paper:2512.15080,Paper:2512.15080,Paper,0,,2025
Paper:2512.15608,Paper:2512.15608,Paper,0,,2025
Paper:2512.16564,Paper:2512.16564,Paper,,,2025
Paper:2512.17505,Paper:2512.17505,Paper,2,,2025
Paper:2512.17773,Paper:2512.17773,Paper,,,2025
Paper:2512.18237,Paper:2512.18237,Paper,,,2025
Paper:2512.18314,Paper:2512.18314,Paper,,,2025
Paper:2512.18331,Paper:2512.18331,Paper,0,,2025
Paper:2512.18640,Paper:2512.18640,Paper,,,2025
Paper:2512.19058,Paper:2512.19058,Paper,2,,2025
Paper:2512.19110,Paper:2512.19110,Paper,4,,2025
Paper:2512.20128,Paper:2512.20128,Paper,1,,2025
Paper:2512.20538,Paper:2512.20538,Paper,0,,2025
Paper:2512.21054,Paper:2512.21054,Paper,1,,2025
Paper:2512.21513,Paper:2512.21513,Paper,,,2025
Paper:2512.22979,Paper:2512.22979,Paper,0,,2025
Paper:2512.23369,Paper:2512.23369,Paper,9,,2025
Paper:2512.24384,Paper:2512.24384,Paper,0,,2025
Paper:2512.24592,Paper:2512.24592,Paper,0,,2025
Paper:2512.25073,Paper:2512.25073,Paper,,,2025
Paper:2601.04860,Paper:2601.04860,Paper,,,2026
Paper:2601.05250,Paper:2601.05250,Paper,,,2026
Paper:2601.07242,Paper:2601.07242,Paper,,,2026
Paper:2601.14875,Paper:2601.14875,Paper,0,,2026
Paper:2601.15951,Paper:2601.15951,Paper,2,,2026
Paper:2601.16487,Paper:2601.16487,Paper,0,,2026
Paper:2601.17866,Paper:2601.17866,Paper,0,,2026
Paper:2601.19216,Paper:2601.19216,Paper,2,,2026
Paper:2601.19753,Paper:2601.19753,Paper,0,,2026
Paper:2602.06044,Paper:2602.06044,Paper,,,2025
Paper:2602.06488,Paper:2602.06488,Paper,0,,2026
Paper:2602.08029,Paper:2602.08029,Paper,0,,2026
Paper:2602.13549,Paper:2602.13549,Paper,0,,2026
Paper:2602.15775,Paper:2602.15775,Paper,0,,2026
Paper:2602.18322,Paper:2602.18322,Paper,6,,2026
Paper:2602.19916,Paper:2602.19916,Paper,0,,2026
Paper:2602.21645,Paper:2602.21645,Paper,1,,2026
Paper:2602.22209,Paper:2602.22209,Paper,4,,2026
Paper:2602.22731,Paper:2602.22731,Paper,0,,2026
Paper:2602.22941,Paper:2602.22941,Paper,0,,2026
Paper:2602.23574,Paper:2602.23574,Paper,1,,2026
Paper:2603.00990,Paper:2603.00990,Paper,0,,2026
Paper:2603.01720,Paper:2603.01720,Paper,0,,2026
Paper:2603.01850,Paper:2603.01850,Paper,0,,2026
Paper:2603.02582,Paper:2603.02582,Paper,0,,2026
Paper:2603.02801,Paper:2603.02801,Paper,1,,2026
Paper:2603.02986,Paper:2603.02986,Paper,1,,2026
Paper:2603.04847,Paper:2603.04847,Paper,0,,2026
Paper:2603.05473,Paper:2603.05473,Paper,0,,2026
Paper:2603.05932,Paper:2603.05932,Paper,0,,2026
Paper:2603.08055,Paper:2603.08055,Paper,4,,2026
Paper:2603.08133,Paper:2603.08133,Paper,0,,2026
Paper:2603.08540,Paper:2603.08540,Paper,0,,2026
Paper:2603.08551,Paper:2603.08551,Paper,6,,2026
Paper:2603.08926,Paper:2603.08926,Paper,0,,2026
Paper:2603.08997,Paper:2603.08997,Paper,0,,2026
Paper:2603.09320,Paper:2603.09320,Paper,1,,2026
Paper:2603.10398,Paper:2603.10398,Paper,1,,2026
Paper:2603.10565,Paper:2603.10565,Paper,0,,2026
Paper:2603.12766,Paper:2603.12766,Paper,0,,2026
Paper:2603.12903,Paper:2603.12903,Paper,0,,2026
Paper:2603.14397,Paper:2603.14397,Paper,0,,2026
Paper:2603.14507,Paper:2603.14507,Paper,0,,2026
Paper:2603.14684,Paper:2603.14684,Paper,0,,2026
Paper:2603.15622,Paper:2603.15622,Paper,,,2025
Paper:2603.16868,Paper:2603.16868,Paper,0,,2026
Paper:2603.17396,Paper:2603.17396,Paper,0,,2026
Paper:2603.17571,Paper:2603.17571,Paper,4,,2026
Paper:2603.18306,Paper:2603.18306,Paper,0,,2026
Paper:2603.19682,Paper:2603.19682,Paper,1,,2026
Paper:2603.19709,Paper:2603.19709,Paper,0,,2026
Paper:2603.21410,Paper:2603.21410,Paper,0,,2026
Paper:2603.22193,Paper:2603.22193,Paper,1,,2026
Paper:2603.22631,Paper:2603.22631,Paper,0,,2026
Paper:2603.22851,Paper:2603.22851,Paper,0,,2026
Paper:2603.23370,Paper:2603.23370,Paper,0,,2026
Paper:2603.25008,Paper:2603.25008,Paper,0,,2026
Paper:2603.25175,Paper:2603.25175,Paper,0,,2026
Paper:2603.26810,Paper:2603.26810,Paper,0,,2026
Paper:2603.27533,Paper:2603.27533,Paper,0,,2026
Paper:2603.27915,Paper:2603.27915,Paper,0,,2026
Paper:2603.28126,Paper:2603.28126,Paper,1,,2026
Paper:2603.29383,Paper:2603.29383,Paper,1,,2026
Paper:2603.29570,Paper:2603.29570,Paper,0,,2026
Paper:2604.00682,Paper:2604.00682,Paper,0,,2026
Paper:2604.02107,Paper:2604.02107,Paper,1,,2026
Paper:2604.02120,Paper:2604.02120,Paper,0,,2026
Paper:2604.02759,Paper:2604.02759,Paper,0,,2026
Paper:2604.02836,Paper:2604.02836,Paper,2,,2026
Paper:2604.03652,Paper:2604.03652,Paper,0,,2026
Paper:2604.03747,Paper:2604.03747,Paper,0,,2026
Paper:2604.03814,Paper:2604.03814,Paper,0,,2026
Paper:2604.04117,Paper:2604.04117,Paper,0,,2026
Paper:2604.04690,Paper:2604.04690,Paper,0,,2026
Paper:2604.05366,Paper:2604.05366,Paper,0,,2026
Paper:2604.06358,Paper:2604.06358,Paper,0,,2026
Paper:2604.07350,Paper:2604.07350,Paper,,,2026
Paper:2604.09282,Paper:2604.09282,Paper,0,,2026
Paper:2604.09429,Paper:2604.09429,Paper,2,,2026
Paper:2604.09715,Paper:2604.09715,Paper,0,,2026
Paper:2604.09877,Paper:2604.09877,Paper,,,2026
Paper:2604.10245,Paper:2604.10245,Paper,0,,2026
Paper:2604.10593,Paper:2604.10593,Paper,0,,2026
Paper:2604.10994,Paper:2604.10994,Paper,,,2026
Paper:2604.11138,Paper:2604.11138,Paper,0,,2026
Paper:2604.11355,Paper:2604.11355,Paper,0,,2026
Paper:2604.12592,Paper:2604.12592,Paper,,,2026
Paper:2604.12942,Paper:2604.12942,Paper,0,,2026
Paper:2604.13235,Paper:2604.13235,Paper,,,2026
Paper:2604.13746,Paper:2604.13746,Paper,,,2026
Paper:2604.13918,Paper:2604.13918,Paper,0,,2026
Paper:2604.14706,Paper:2604.14706,Paper,0,,2026
Paper:2604.14747,Paper:2604.14747,Paper,0,,2026
Paper:2604.15221,Paper:2604.15221,Paper,0,,2026
Paper:2604.15612,Paper:2604.15612,Paper,0,,2026
Paper:2604.16540,Paper:2604.16540,Paper,1,,2026
Paper:2604.16747,Paper:2604.16747,Paper,0,,2026
Paper:2604.17446,Paper:2604.17446,Paper,0,,2026
Paper:2604.17831,Paper:2604.17831,Paper,0,,2026
Paper:2604.17965,Paper:2604.17965,Paper,0,,2026
Paper:2604.18208,Paper:2604.18208,Paper,0,,2026
Paper:2604.18468,Paper:2604.18468,Paper,,,2026
Paper:2604.19025,Paper:2604.19025,Paper,,,2026
Paper:2604.19673,Paper:2604.19673,Paper,,,2026
Paper:2604.19747,Paper:2604.19747,Paper,,,2026
Paper:2604.20038,Paper:2604.20038,Paper,,,2026
Paper:2604.20650,Paper:2604.20650,Paper,0,,2026
Paper:2604.22310,Paper:2604.22310,Paper,0,,2026
Paper:2604.22339,Paper:2604.22339,Paper,0,,2026
Paper:2604.22350,Paper:2604.22350,Paper,0,,2026
Paper:2604.22658,Paper:2604.22658,Paper,0,,2026
Paper:2604.23551,Paper:2604.23551,Paper,,,2026
Paper:2604.23651,Paper:2604.23651,Paper,0,,2026
Paper:2604.23704,Paper:2604.23704,Paper,0,,2026
Paper:2604.24312,Paper:2604.24312,Paper,0,,2026
Paper:2604.24415,Paper:2604.24415,Paper,0,,2026
Paper:2604.26262,Paper:2604.26262,Paper,,,2026
Paper:2604.27590,Paper:2604.27590,Paper,,,2026
Paper:2604.28193,Paper:2604.28193,Paper,,,2026
Paper:2605.00147,Paper:2605.00147,Paper,0,,2026
Paper:2605.00233,Paper:2605.00233,Paper,0,,2026
Paper:2605.00408,Paper:2605.00408,Paper,0,,2026
Paper:2605.00498,Paper:2605.00498,Paper,0,,2026
Paper:2605.00562,Paper:2605.00562,Paper,1,,2026
Paper:2605.01852,Paper:2605.01852,Paper,,,2026
Paper:2605.02054,Paper:2605.02054,Paper,0,,2026
Paper:2605.02086,Paper:2605.02086,Paper,0,,2026
Paper:2605.03359,Paper:2605.03359,Paper,0,,2026
Paper:2605.05207,Paper:2605.05207,Paper,0,,2026
Paper:2605.05712,Paper:2605.05712,Paper,0,,2026
Paper:2605.06889,Paper:2605.06889,Paper,0,,2026
Paper:2605.07041,Paper:2605.07041,Paper,0,,2026
Paper:2605.07351,Paper:2605.07351,Paper,0,,2026
Paper:2605.07550,Paper:2605.07550,Paper,,,2026
Paper:2605.07741,Paper:2605.07741,Paper,0,,2026
Paper:2605.08030,Paper:2605.08030,Paper,0,,2026
Paper:2605.08059,Paper:2605.08059,Paper,0,,2026
Paper:2605.08806,Paper:2605.08806,Paper,0,,2026
Paper:2605.09024,Paper:2605.09024,Paper,0,,2026
Paper:2605.09688,Paper:2605.09688,Paper,0,,2026
Paper:2605.10204,Paper:2605.10204,Paper,0,,2026
Paper:2605.10307,Paper:2605.10307,Paper,0,,2026
Paper:2605.10360,Paper:2605.10360,Paper,0,,2026
Paper:2605.10705,Paper:2605.10705,Paper,0,,2026
Paper:2605.10873,Paper:2605.10873,Paper,0,,2026
Paper:2605.10922,Paper:2605.10922,Paper,2,,2026
Paper:2605.11354,Paper:2605.11354,Paper,0,,2026
Paper:2605.12220,Paper:2605.12220,Paper,1,,2026
Paper:2605.12919,Paper:2605.12919,Paper,0,,2026
Paper:2605.13038,Paper:2605.13038,Paper,0,,2026
Paper:2605.13151,Paper:2605.13151,Paper,0,,2026
Paper:2605.14525,Paper:2605.14525,Paper,0,,2026
Paper:2605.14615,Paper:2605.14615,Paper,0,,2026
Paper:2605.14629,Paper:2605.14629,Paper,0,,2026
Paper:2605.15074,Paper:2605.15074,Paper,0,,2026
Paper:2605.15728,Paper:2605.15728,Paper,0,,2026
Paper:2605.15828,Paper:2605.15828,Paper,0,,2026
Paper:2605.16065,Paper:2605.16065,Paper,0,,2026
Paper:2605.16258,Paper:2605.16258,Paper,0,,2026
Paper:2605.16981,Paper:2605.16981,Paper,0,,2026
Paper:2605.17002,Paper:2605.17002,Paper,,,2026
Paper:2605.17742,Paper:2605.17742,Paper,0,,2026
Paper:2605.17942,Paper:2605.17942,Paper,0,,2026
Paper:2605.18252,Paper:2605.18252,Paper,0,,2026
Paper:2605.18263,Paper:2605.18263,Paper,,,2026
Paper:2605.18447,Paper:2605.18447,Paper,0,,2026
Paper:2605.19304,Paper:2605.19304,Paper,0,,2026
Paper:2605.19539,Paper:2605.19539,Paper,0,,2026
Paper:2605.19556,Paper:2605.19556,Paper,0,,2026
Paper:2605.19649,Paper:2605.19649,Paper,0,,2026
Paper:2605.19797,Paper:2605.19797,Paper,0,,2026
Paper:2605.20388,Paper:2605.20388,Paper,0,,2026
Paper:2605.20820,Paper:2605.20820,Paper,,,2026
Paper:2605.20872,Paper:2605.20872,Paper,,,2026
Paper:2605.20889,Paper:2605.20889,Paper,0,,2026
Paper:2605.20940,Paper:2605.20940,Paper,0,,2026
Paper:2605.21032,Paper:2605.21032,Paper,0,,2026
Paper:2605.21421,Paper:2605.21421,Paper,0,,2026
Paper:2605.21957,Paper:2605.21957,Paper,0,,2026
Paper:2605.22231,Paper:2605.22231,Paper,0,,2026
Paper:2605.22420,Paper:2605.22420,Paper,0,,2026
Paper:2605.22467,Paper:2605.22467,Paper,0,,2026
Paper:2605.23287,Paper:2605.23287,Paper,0,,2026
Paper:2605.23386,Paper:2605.23386,Paper,0,,2026
Paper:2605.23892,Paper:2605.23892,Paper,0,,2026
Paper:2605.24304,Paper:2605.24304,Paper,0,,2026
Paper:2605.24959,Paper:2605.24959,Paper,0,,2026
Paper:2605.26103,Paper:2605.26103,Paper,1,,2026
Paper:2605.26368,Paper:2605.26368,Paper,0,,2026
Paper:2605.26616,Paper:2605.26616,Paper,0,,2026
Paper:2605.26629,Paper:2605.26629,Paper,0,,2026
Paper:2605.27952,Paper:2605.27952,Paper,0,,2026
Paper:2605.28237,Paper:2605.28237,Paper,,,2026
Paper:2605.28257,Paper:2605.28257,Paper,0,,2026
Paper:2605.28477,Paper:2605.28477,Paper,0,,2026
Paper:2605.29098,Paper:2605.29098,Paper,0,,2026
Paper:2605.29298,Paper:2605.29298,Paper,0,,2026
Paper:2605.30215,Paper:2605.30215,Paper,0,,2026
Paper:2605.30310,Paper:2605.30310,Paper,0,,2026
Paper:2605.30561,Paper:2605.30561,Paper,0,,2026
Paper:2605.30855,Paper:2605.30855,Paper,,,2026
Paper:2605.30863,Paper:2605.30863,Paper,0,,2026
Paper:2605.31376,Paper:2605.31376,Paper,,,2026
Paper:2606.00137,Paper:2606.00137,Paper,0,,2026
Paper:2606.00397,Paper:2606.00397,Paper,0,,2026
Paper:2606.00444,Paper:2606.00444,Paper,0,,2026
Paper:2606.00452,Paper:2606.00452,Paper,0,,2026
Paper:2606.00576,Paper:2606.00576,Paper,0,,2026
Paper:2606.00803,Paper:2606.00803,Paper,0,,2026
Paper:2606.01367,Paper:2606.01367,Paper,0,,2026
Paper:2606.01493,Paper:2606.01493,Paper,,,2026
Paper:2606.01573,Paper:2606.01573,Paper,0,,2026
Paper:2606.01824,Paper:2606.01824,Paper,0,,2026
Paper:2606.02096,Paper:2606.02096,Paper,0,,2026
Paper:2606.02153,Paper:2606.02153,Paper,0,,2026
Paper:2606.02219,Paper:2606.02219,Paper,0,,2026
Paper:2606.02346,Paper:2606.02346,Paper,0,,2026
Paper:2606.02639,Paper:2606.02639,Paper,0,,2026
Paper:2606.02937,Paper:2606.02937,Paper,0,,2026
Paper:2606.03120,Paper:2606.03120,Paper,,,2026
Paper:2606.03287,Paper:2606.03287,Paper,0,,2026
Paper:2606.03479,Paper:2606.03479,Paper,,,2026
Paper:2606.03682,Paper:2606.03682,Paper,,,2026
Paper:2606.03748,Paper:2606.03748,Paper,0,,2026
Paper:2606.03877,Paper:2606.03877,Paper,0,,2026
Paper:2606.03905,Paper:2606.03905,Paper,0,,2026
Paper:2606.03909,Paper:2606.03909,Paper,0,,2026
Paper:2606.04226,Paper:2606.04226,Paper,0,,2026
Paper:2606.04480,Paper:2606.04480,Paper,0,,2026
Paper:2606.04992,Paper:2606.04992,Paper,0,,2026
Paper:2606.05035,Paper:2606.05035,Paper,0,,2026
Paper:2606.05124,Paper:2606.05124,Paper,,,2026
Paper:2606.05650,Paper:2606.05650,Paper,,,2026
Paper:2606.06039,Paper:2606.06039,Paper,0,,2026
Paper:2606.06685,Paper:2606.06685,Paper,,,2026
Paper:2606.06878,Paper:2606.06878,Paper,0,,2026
Paper:2606.07419,Paper:2606.07419,Paper,0,,2026
Paper:2606.07891,Paper:2606.07891,Paper,0,,2026
Paper:2606.08205,Paper:2606.08205,Paper,0,,2026
Paper:2606.08284,Paper:2606.08284,Paper,0,,2026
Repo:1adrianb/binary-human-pose-estimation,Repo:1adrianb/binary-human-pose-estimation,Repo,,214,
Repo:3DOM-FBK/deep-image-matching,Repo:3DOM-FBK/deep-image-matching,Repo,,541,
Repo:93won/lidar_odometry,Repo:93won/lidar_odometry,Repo,,533,
Repo:AIBluefisher/DAGSfM,Repo:AIBluefisher/DAGSfM,Repo,,420,
Repo:AIRLab-POLIMI/ros2-aruco-pose-estimation,Repo:AIRLab-POLIMI/ros2-aruco-pose-estimation,Repo,,74,
Repo:ActiveVisionLab/DFNet,Repo:ActiveVisionLab/DFNet,Repo,,109,
Repo:ActiveVisionLab/MobileBrick,Repo:ActiveVisionLab/MobileBrick,Repo,,147,
Repo:ActiveVisionLab/nerfmm,Repo:ActiveVisionLab/nerfmm,Repo,,576,
Repo:ActiveVisionLab/nope-nerf,Repo:ActiveVisionLab/nope-nerf,Repo,,407,
Repo:AdaptiveMotorControlLab/FMPose3D,Repo:AdaptiveMotorControlLab/FMPose3D,Repo,,132,
Repo:AndreiBarsan/DynSLAM,Repo:AndreiBarsan/DynSLAM,Repo,,575,
Repo:Angtian/NeMo,Repo:Angtian/NeMo,Repo,,89,
Repo:Anttwo/SuGaR,Repo:Anttwo/SuGaR,Repo,,3404,
Repo:BatFaceWayne/DeGauss,Repo:BatFaceWayne/DeGauss,Repo,,63,
Repo:BertaBescos/DynaSLAM,Repo:BertaBescos/DynaSLAM,Repo,,933,
Repo:BoomStarcuc/3DSfMFaceReconstruction,Repo:BoomStarcuc/3DSfMFaceReconstruction,Repo,,63,
Repo:BrandonHanx/HeadSculpt,Repo:BrandonHanx/HeadSculpt,Repo,,117,
Repo:CNJianLiu/6D-CLGrasp,Repo:CNJianLiu/6D-CLGrasp,Repo,,67,
Repo:CNJianLiu/Diff9D,Repo:CNJianLiu/Diff9D,Repo,,59,
Repo:CNJianLiu/SinRef-6D,Repo:CNJianLiu/SinRef-6D,Repo,,63,
Repo:ChanglongJiangGit/A2J-Transformer,Repo:ChanglongJiangGit/A2J-Transformer,Repo,,108,
Repo:DIYer22/bpycv,Repo:DIYer22/bpycv,Repo,,502,
Repo:DSaurus/Tensor4D,Repo:DSaurus/Tensor4D,Repo,,230,
Repo:Danial-Kord/DigiHuman,Repo:Danial-Kord/DigiHuman,Repo,,570,
Repo:Daniil-Osokin/gccpm-look-into-person-cvpr19.pytorch,Repo:Daniil-Osokin/gccpm-look-into-person-cvpr19.pytorch,Repo,,169,
Repo:Daniil-Osokin/lightweight-human-pose-estimation.pytorch,Repo:Daniil-Osokin/lightweight-human-pose-estimation.pytorch,Repo,,2239,
Repo:DeepLabCut/DeepLabCut,Repo:DeepLabCut/DeepLabCut,Repo,,5668,
Repo:DenisTome/Lifting-from-the-Deep-release,Repo:DenisTome/Lifting-from-the-Deep-release,Repo,,449,
Repo:Easonyesheng/A2PM-MESA,Repo:Easonyesheng/A2PM-MESA,Repo,,161,
Repo:Enigmatisms/NeRF,Repo:Enigmatisms/NeRF,Repo,,73,
Repo:Ewenwan/MVision,Repo:Ewenwan/MVision,Repo,,8650,
Repo:FORTH-ModelBasedTracker/MocapNET,Repo:FORTH-ModelBasedTracker/MocapNET,Repo,,939,
Repo:FangjinhuaWang/IterMVS,Repo:FangjinhuaWang/IterMVS,Repo,,169,
Repo:FrozenBurning/Relighting4D,Repo:FrozenBurning/Relighting4D,Repo,,279,
Repo:GAP-LAB-CUHK-SZ/gaustudio,Repo:GAP-LAB-CUHK-SZ/gaustudio,Repo,,1743,
Repo:GONGJIA0208/Diffpose,Repo:GONGJIA0208/Diffpose,Repo,,192,
Repo:GSNCodes/ArUCo-Markers-Pose-Estimation-Generation-Python,Repo:GSNCodes/ArUCo-Markers-Pose-Estimation-Generation-Python,Repo,,321,
Repo:GSORF/Visual-GPS-SLAM,Repo:GSORF/Visual-GPS-SLAM,Repo,,322,
Repo:Gaochao-hit/LIO-SAM_based_relocalization,Repo:Gaochao-hit/LIO-SAM_based_relocalization,Repo,,601,
Repo:Garfield-kh/PoseTriplet,Repo:Garfield-kh/PoseTriplet,Repo,,317,
Repo:GengDavid/pytorch-cpn,Repo:GengDavid/pytorch-cpn,Repo,,499,
Repo:GigaFlopsis/image_pose_estimation,Repo:GigaFlopsis/image_pose_estimation,Repo,,52,
Repo:Gorilla-Lab-SCUT/HelixSurf,Repo:Gorilla-Lab-SCUT/HelixSurf,Repo,,92,
Repo:GradientSpaces/Rectified-Point-Flow,Repo:GradientSpaces/Rectified-Point-Flow,Repo,,191,
Repo:HKUST-Aerial-Robotics/A-LOAM,Repo:HKUST-Aerial-Robotics/A-LOAM,Repo,,2414,
Repo:HannesStark/SMPL-NeRF,Repo:HannesStark/SMPL-NeRF,Repo,,59,
Repo:HengyiWang/Co-SLAM,Repo:HengyiWang/Co-SLAM,Repo,,475,
Repo:Horacehxw/Dynamic_ORB_SLAM2,Repo:Horacehxw/Dynamic_ORB_SLAM2,Repo,,128,
Repo:HowieMa/NSRMhand,Repo:HowieMa/NSRMhand,Repo,,103,
Repo:Hzzone/pytorch-openpose,Repo:Hzzone/pytorch-openpose,Repo,,2315,
Repo:IDEA-Research/DWPose,Repo:IDEA-Research/DWPose,Repo,,2749,
Repo:IDEA-Research/detrex,Repo:IDEA-Research/detrex,Repo,,2295,
Repo:ItsWajdy/modeler,Repo:ItsWajdy/modeler,Repo,,51,
Repo:JIA-Lab-research/Ref-NPR,Repo:JIA-Lab-research/Ref-NPR,Repo,,126,
Repo:JOP-Lee/READ,Repo:JOP-Lee/READ,Repo,,449,
Repo:JeffLIrion/python-graphslam,Repo:JeffLIrion/python-graphslam,Repo,,238,
Repo:JiawangBian/GMS-Feature-Matcher,Repo:JiawangBian/GMS-Feature-Matcher,Repo,,1114,
Repo:JingwenWang95/DSP-SLAM,Repo:JingwenWang95/DSP-SLAM,Repo,,554,
Repo:JohannaXie/GauSS-MI,Repo:JohannaXie/GauSS-MI,Repo,,91,
Repo:JokerJohn/opensource_slam_noted,Repo:JokerJohn/opensource_slam_noted,Repo,,149,
Repo:JulianKnodt/nerf_atlas,Repo:JulianKnodt/nerf_atlas,Repo,,119,
Repo:Jumpat/SegmentAnythingin3D,Repo:Jumpat/SegmentAnythingin3D,Repo,,1020,
Repo:JunkyByte/deepcharuco,Repo:JunkyByte/deepcharuco,Repo,,63,
Repo:JunkyByte/easy_ViTPose,Repo:JunkyByte/easy_ViTPose,Repo,,246,
Repo:KTH-RPL/neural_graph_mapping,Repo:KTH-RPL/neural_graph_mapping,Repo,,152,
Repo:KeKsBoTer/c3dgs,Repo:KeKsBoTer/c3dgs,Repo,,395,
Repo:KeKsBoTer/web-splat,Repo:KeKsBoTer/web-splat,Repo,,277,
Repo:Khrylx/EgoPose,Repo:Khrylx/EgoPose,Repo,,93,
Repo:KinglittleQ/SuperPoint_SLAM,Repo:KinglittleQ/SuperPoint_SLAM,Repo,,669,
Repo:KumarRobotics/SLIDE_SLAM,Repo:KumarRobotics/SLIDE_SLAM,Repo,,251,
Repo:Kunhao-Liu/3D-OVS,Repo:Kunhao-Liu/3D-OVS,Repo,,128,
Repo:Kunhao-Liu/StyleRF,Repo:Kunhao-Liu/StyleRF,Repo,,161,
Repo:KylinC/mPose3D,Repo:KylinC/mPose3D,Repo,,119,
Repo:KyungMinJin/HANet,Repo:KyungMinJin/HANet,Repo,,54,
Repo:Lakonik/SSDNeRF,Repo:Lakonik/SSDNeRF,Repo,,447,
Repo:LetianHuang/op43dgs,Repo:LetianHuang/op43dgs,Repo,,209,
Repo:LiangliangNan/MVStudio,Repo:LiangliangNan/MVStudio,Repo,,277,
Repo:LingDong-/PoseOSC,Repo:LingDong-/PoseOSC,Repo,,80,
Repo:Linyou/taichi-ngp-renderer,Repo:Linyou/taichi-ngp-renderer,Repo,,373,
Repo:LiuLimingCode/HFNet_SLAM,Repo:LiuLimingCode/HFNet_SLAM,Repo,,137,
Repo:MISTLab/DOOR-SLAM,Repo:MISTLab/DOOR-SLAM,Repo,,249,
Repo:MISTLab/Swarm-SLAM,Repo:MISTLab/Swarm-SLAM,Repo,,650,
Repo:MIT-SPARK/Kimera-VIO,Repo:MIT-SPARK/Kimera-VIO,Repo,,1872,
Repo:MIT-SPARK/VGGT-SLAM,Repo:MIT-SPARK/VGGT-SLAM,Repo,,967,
Repo:MVIG-SJTU/AlphaPose,Repo:MVIG-SJTU/AlphaPose,Repo,,8570,
Repo:MVIG-SJTU/RMPE,Repo:MVIG-SJTU/RMPE,Repo,,262,
Repo:Madaoer/S3IM-Neural-Fields,Repo:Madaoer/S3IM-Neural-Fields,Repo,,241,
Repo:MasterHow/EventPointPose,Repo:MasterHow/EventPointPose,Repo,,65,
Repo:MaverickPeter/MR_SLAM,Repo:MaverickPeter/MR_SLAM,Repo,,360,
Repo:MegviiRobot/CamLaserCalibraTool,Repo:MegviiRobot/CamLaserCalibraTool,Repo,,713,
Repo:MichaelGrupp/evo,Repo:MichaelGrupp/evo,Repo,,4249,
Repo:MiraPurkrabek/BBoxMaskPose,Repo:MiraPurkrabek/BBoxMaskPose,Repo,,229,
Repo:MiraPurkrabek/ProbPose_code,Repo:MiraPurkrabek/ProbPose_code,Repo,,56,
Repo:MiraPurkrabek/RePoGen,Repo:MiraPurkrabek/RePoGen,Repo,,54,
Repo:MobileRoboticsSkoltech/RecSync-android,Repo:MobileRoboticsSkoltech/RecSync-android,Repo,,69,
Repo:MouseLand/facemap,Repo:MouseLand/facemap,Repo,,195,
Repo:MrTornado24/IDE-3D,Repo:MrTornado24/IDE-3D,Repo,,482,
Repo:MrTornado24/Next3D,Repo:MrTornado24/Next3D,Repo,,501,
Repo:NVIDIA-AI-IOT/trt_pose_hand,Repo:NVIDIA-AI-IOT/trt_pose_hand,Repo,,232,
Repo:NVIDIA-ISAAC-ROS/isaac_ros_pose_estimation,Repo:NVIDIA-ISAAC-ROS/isaac_ros_pose_estimation,Repo,,456,
Repo:NVIDIA-ISAAC-ROS/isaac_ros_visual_slam,Repo:NVIDIA-ISAAC-ROS/isaac_ros_visual_slam,Repo,,1382,
Repo:NVIDIAGameWorks/kaolin-wisp,Repo:NVIDIAGameWorks/kaolin-wisp,Repo,,1497,
Repo:NVlabs/EmerNeRF,Repo:NVlabs/EmerNeRF,Repo,,638,
Repo:NVlabs/instant-ngp,Repo:NVlabs/instant-ngp,Repo,,17426,
Repo:NVlabs/intrinsic3d,Repo:NVlabs/intrinsic3d,Repo,,456,
Repo:NVlabs/tiny-cuda-nn,Repo:NVlabs/tiny-cuda-nn,Repo,,4496,
Repo:Naman-ntc/3D-HourGlass-Network,Repo:Naman-ntc/3D-HourGlass-Network,Repo,,56,
Repo:Naman-ntc/Pytorch-Human-Pose-Estimation,Repo:Naman-ntc/Pytorch-Human-Pose-Estimation,Repo,,486,
Repo:NeLy-EPFL/DeepFly3D,Repo:NeLy-EPFL/DeepFly3D,Repo,,99,
Repo:Nicholasli1995/EgoNet,Repo:Nicholasli1995/EgoNet,Repo,,186,
Repo:Nicholasli1995/EvoSkeleton,Repo:Nicholasli1995/EvoSkeleton,Repo,,342,
Repo:NickSwardh/YoloDotNet,Repo:NickSwardh/YoloDotNet,Repo,,778,
Repo:OMEGAMAX10/YOLOv8-Object-Detection-Tracking-Image-Segmentation-Pose-Estimation,Repo:OMEGAMAX10/YOLOv8-Object-Detection-Tracking-Image-Segmentation-Pose-Estimation,Repo,,79,
Repo:One-2-3-45/One-2-3-45,Repo:One-2-3-45/One-2-3-45,Repo,,1719,
Repo:OpenDroneMap/NodeMICMAC,Repo:OpenDroneMap/NodeMICMAC,Repo,,96,
Repo:PINTO0309/MobileNetV2-PoseEstimation,Repo:PINTO0309/MobileNetV2-PoseEstimation,Repo,,104,
Repo:PJLab-ADG/Livox-Mapping,Repo:PJLab-ADG/Livox-Mapping,Repo,,563,
Repo:PJunhyuk/people-counting-pose,Repo:PJunhyuk/people-counting-pose,Repo,,178,
Repo:POSTECH-CVLab/SCNeRF,Repo:POSTECH-CVLab/SCNeRF,Repo,,472,
Repo:PRBonn/OverlapNet,Repo:PRBonn/OverlapNet,Repo,,730,
Repo:PRBonn/PIN_SLAM,Repo:PRBonn/PIN_SLAM,Repo,,601,
Repo:PRBonn/kiss-slam,Repo:PRBonn/kiss-slam,Repo,,517,
Repo:PRBonn/semantic_suma,Repo:PRBonn/semantic_suma,Repo,,1008,
Repo:PeterFWS/Structure-PLP-SLAM,Repo:PeterFWS/Structure-PLP-SLAM,Repo,,467,
Repo:PeterouZh/CIPS-3D,Repo:PeterouZh/CIPS-3D,Repo,,610,
Repo:Pix4D/pyopf,Repo:Pix4D/pyopf,Repo,,51,
Repo:PolyCam/polyform,Repo:PolyCam/polyform,Repo,,223,
Repo:Project-MANAS/slam_gmapping,Repo:Project-MANAS/slam_gmapping,Repo,,184,
Repo:QitaoZhao/PoseFormerV2,Repo:QitaoZhao/PoseFormerV2,Repo,,382,
Repo:RaduAlexandru/permuto_sdf,Repo:RaduAlexandru/permuto_sdf,Repo,,447,
Repo:RainerKuemmerle/g2o,Repo:RainerKuemmerle/g2o,Repo,,3436,
Repo:ReshotAI/gaussian-painters,Repo:ReshotAI/gaussian-painters,Repo,,400,
Repo:RizwanMunawar/yolov7-pose-estimation,Repo:RizwanMunawar/yolov7-pose-estimation,Repo,,377,
Repo:Ruyi-Zha/naf_cbct,Repo:Ruyi-Zha/naf_cbct,Repo,,180,
Repo:SBCV/Blender-Addon-Photogrammetry-Importer,Repo:SBCV/Blender-Addon-Photogrammetry-Importer,Repo,,1326,
Repo:Schindler-EPFL-Lab/thermo-nerf,Repo:Schindler-EPFL-Lab/thermo-nerf,Repo,,54,
Repo:ShuweiShao/AF-SfMLearner,Repo:ShuweiShao/AF-SfMLearner,Repo,,138,
Repo:Sierkinhane/AtrousPose,Repo:Sierkinhane/AtrousPose,Repo,,61,
Repo:SilenceOverflow/VI_ORB_SLAM2,Repo:SilenceOverflow/VI_ORB_SLAM2,Repo,,193,
Repo:SpectacularAI/HybVIO,Repo:SpectacularAI/HybVIO,Repo,,541,
Repo:THU-SI/Semantic-Ray,Repo:THU-SI/Semantic-Ray,Repo,,81,
Repo:TUMFTM/ORB_SLAM3_RGBL,Repo:TUMFTM/ORB_SLAM3_RGBL,Repo,,311,
Repo:TangZJ/able-nerf,Repo:TangZJ/able-nerf,Repo,,50,
Repo:TencentARC/ArcNerf,Repo:TencentARC/ArcNerf,Repo,,108,
Repo:Tinker-Twins/AprilTag,Repo:Tinker-Twins/AprilTag,Repo,,123,
Repo:ToniRV/NeRF-SLAM,Repo:ToniRV/NeRF-SLAM,Repo,,1265,
Repo:UT-Austin-RPL/FORGE,Repo:UT-Austin-RPL/FORGE,Repo,,93,
Repo:VISION-SJTU/Lightning-NeRF,Repo:VISION-SJTU/Lightning-NeRF,Repo,,121,
Repo:VITA-Group/GNT-MOVE,Repo:VITA-Group/GNT-MOVE,Repo,,50,
Repo:VITA-Group/INS,Repo:VITA-Group/INS,Repo,,110,
Repo:VITA-Group/NeRF-SOS,Repo:VITA-Group/NeRF-SOS,Repo,,133,
Repo:VITA-Group/NeuralLift-360,Repo:VITA-Group/NeuralLift-360,Repo,,317,
Repo:ViTAE-Transformer/ViTPose,Repo:ViTAE-Transformer/ViTPose,Repo,,2083,
Repo:Vincentqyw/ORB-SLAM2-CHINESE,Repo:Vincentqyw/ORB-SLAM2-CHINESE,Repo,,73,
Repo:VladimirYugay/Gaussian-SLAM,Repo:VladimirYugay/Gaussian-SLAM,Repo,,1162,
Repo:VladimirYugay/MAGiC-SLAM,Repo:VladimirYugay/MAGiC-SLAM,Repo,,334,
Repo:WU-CVGL/BAD-NeRF,Repo:WU-CVGL/BAD-NeRF,Repo,,201,
Repo:WangFeng18/3d-gaussian-splatting,Repo:WangFeng18/3d-gaussian-splatting,Repo,,368,
Repo:WebAR-rocks/WebAR.rocks.object,Repo:WebAR-rocks/WebAR.rocks.object,Repo,,94,
Repo:WebAR-rocks/WebAR.rocks.train,Repo:WebAR-rocks/WebAR.rocks.train,Repo,,99,
Repo:Wuuu3511/GoMVS,Repo:Wuuu3511/GoMVS,Repo,,153,
Repo:XRIM-Lab/GS-CPR,Repo:XRIM-Lab/GS-CPR,Repo,,147,
Repo:Xharlie/pointnerf,Repo:Xharlie/pointnerf,Repo,,1149,
Repo:Xiaohao-Xu/MAC-Ego3D,Repo:Xiaohao-Xu/MAC-Ego3D,Repo,,75,
Repo:XinArkh/VNect,Repo:XinArkh/VNect,Repo,,250,
Repo:XunshanMan/MVGFormer,Repo:XunshanMan/MVGFormer,Repo,,75,
Repo:YWL0720/FAST-LIO-COLOR-MAPPING,Repo:YWL0720/FAST-LIO-COLOR-MAPPING,Repo,,162,
Repo:YWL0720/YOLO_ORB_SLAM3,Repo:YWL0720/YOLO_ORB_SLAM3,Repo,,346,
Repo:YWL0720/YOLO_ORB_SLAM3_with_pointcloud_map,Repo:YWL0720/YOLO_ORB_SLAM3_with_pointcloud_map,Repo,,199,
Repo:YifYang993/CR-NeRF-PyTorch,Repo:YifYang993/CR-NeRF-PyTorch,Repo,,60,
Repo:YilingQiao/DMRF,Repo:YilingQiao/DMRF,Repo,,179,
Repo:Yixin-F/better_fastlio2,Repo:Yixin-F/better_fastlio2,Repo,,722,
Repo:YoujiaZhang/Ref-GS,Repo:YoujiaZhang/Ref-GS,Repo,,100,
Repo:YoungXIAO13/PoseFromShape,Repo:YoungXIAO13/PoseFromShape,Repo,,169,
Repo:ZJU-Robotics-Lab/GEM,Repo:ZJU-Robotics-Lab/GEM,Repo,,280,
Repo:ZheC/Realtime_Multi-Person_Pose_Estimation,Repo:ZheC/Realtime_Multi-Person_Pose_Estimation,Repo,,5124,
Repo:ZhengyiLuo/EmbodiedPose,Repo:ZhengyiLuo/EmbodiedPose,Repo,,84,
Repo:Zielon/INSTA,Repo:Zielon/INSTA,Repo,,516,
Repo:ZiyiZhang27/Dite-HRNet,Repo:ZiyiZhang27/Dite-HRNet,Repo,,78,
Repo:ajhamdi/ges-splatting,Repo:ajhamdi/ges-splatting,Repo,,239,
Repo:ajhamdi/sparf_pytorch,Repo:ajhamdi/sparf_pytorch,Repo,,67,
Repo:ajzhai/NeRF2Physics,Repo:ajzhai/NeRF2Physics,Repo,,93,
Repo:akanimax/thr3ed_atom,Repo:akanimax/thr3ed_atom,Repo,,115,
Repo:akashsengupta1997/HierarchicalProbabilistic3DHuman,Repo:akashsengupta1997/HierarchicalProbabilistic3DHuman,Repo,,204,
Repo:akashsengupta1997/STRAPS-3DHumanShapePose,Repo:akashsengupta1997/STRAPS-3DHumanShapePose,Repo,,181,
Repo:alleboudy/detectozord,Repo:alleboudy/detectozord,Repo,,66,
Repo:amathislab/BUCTD,Repo:amathislab/BUCTD,Repo,,102,
Repo:amathislab/HOISDF,Repo:amathislab/HOISDF,Repo,,84,
Repo:amov-lab/Prometheus,Repo:amov-lab/Prometheus,Repo,,3163,
Repo:andyzeng/apc-vision-toolbox,Repo:andyzeng/apc-vision-toolbox,Repo,,309,
Repo:antabangun/DualRefine,Repo:antabangun/DualRefine,Repo,,57,
Repo:apchenstu/mvsnerf,Repo:apchenstu/mvsnerf,Repo,,697,
Repo:apple/ml-facelit,Repo:apple/ml-facelit,Repo,,484,
Repo:appliedAI-Initiative-old/orb_slam_2_ros,Repo:appliedAI-Initiative-old/orb_slam_2_ros,Repo,,663,
Repo:ardaduz/deep-video-mvs,Repo:ardaduz/deep-video-mvs,Repo,,232,
Repo:ashawkey/CCNeRF,Repo:ashawkey/CCNeRF,Repo,,130,
Repo:ashawkey/nerf2mesh,Repo:ashawkey/nerf2mesh,Repo,,964,
Repo:ashawkey/stable-dreamfusion,Repo:ashawkey/stable-dreamfusion,Repo,,8838,
Repo:ashawkey/torch-ngp,Repo:ashawkey/torch-ngp,Repo,,2212,
Repo:astra-vision/SceneRF,Repo:astra-vision/SceneRF,Repo,,379,
Repo:autonomousvision/factor-fields,Repo:autonomousvision/factor-fields,Repo,,213,
Repo:autonomousvision/giraffe,Repo:autonomousvision/giraffe,Repo,,1239,
Repo:autonomousvision/mip-splatting,Repo:autonomousvision/mip-splatting,Repo,,1447,
Repo:autonomousvision/sdfstudio,Repo:autonomousvision/sdfstudio,Repo,,2111,
Repo:avinashsen707/AUBOi5-D435-ROS-DOPE,Repo:avinashsen707/AUBOi5-D435-ROS-DOPE,Repo,,121,
Repo:ayaanzhaque/instruct-nerf2nerf,Repo:ayaanzhaque/instruct-nerf2nerf,Repo,,853,
Repo:bardiadoosti/HOPE,Repo:bardiadoosti/HOPE,Repo,,274,
Repo:bearpaw/pytorch-pose,Repo:bearpaw/pytorch-pose,Repo,,1121,
Repo:bmild/nerf,Repo:bmild/nerf,Repo,,10899,
Repo:bxh1/VIDO-SLAM,Repo:bxh1/VIDO-SLAM,Repo,,198,
Repo:by-sabbir/HeadPoseEstimation,Repo:by-sabbir/HeadPoseEstimation,Repo,,112,
Repo:caiyuanhao1998/HDR-GS,Repo:caiyuanhao1998/HDR-GS,Repo,,390,
Repo:caiyuanhao1998/SAX-NeRF,Repo:caiyuanhao1998/SAX-NeRF,Repo,,797,
Repo:cartographer-project/cartographer,Repo:cartographer-project/cartographer,Repo,,7872,
Repo:changh95/slam_lecture_codes,Repo:changh95/slam_lecture_codes,Repo,,395,
Repo:chanho-code/ORB-SLAM3forWindows,Repo:chanho-code/ORB-SLAM3forWindows,Repo,,95,
Repo:cherubicXN/neat,Repo:cherubicXN/neat,Repo,,75,
Repo:chinhsuanwu/dreamfusionacc,Repo:chinhsuanwu/dreamfusionacc,Repo,,188,
Repo:chungyiweng/humannerf,Repo:chungyiweng/humannerf,Repo,,816,
Repo:city-super/BungeeNeRF,Repo:city-super/BungeeNeRF,Repo,,588,
Repo:cuiziteng/Aleth-NeRF,Repo:cuiziteng/Aleth-NeRF,Repo,,109,
Repo:cure-lab/DeciWatch,Repo:cure-lab/DeciWatch,Repo,,190,
Repo:cvg/EMAP,Repo:cvg/EMAP,Repo,,203,
Repo:cvg/nerf-on-the-go,Repo:cvg/nerf-on-the-go,Repo,,196,
Repo:cvg/nice-slam,Repo:cvg/nice-slam,Repo,,1586,
Repo:cwchenwang/NeRF-SR,Repo:cwchenwang/NeRF-SR,Repo,,150,
Repo:cwlroda/falldetection_openpifpaf,Repo:cwlroda/falldetection_openpifpaf,Repo,,421,
Repo:davexpro/pytorch-pose-estimation,Repo:davexpro/pytorch-pose-estimation,Repo,,159,
Repo:dendenxu/diff-gaussian-rasterization,Repo:dendenxu/diff-gaussian-rasterization,Repo,,132,
Repo:dendenxu/fast-gaussian-rasterization,Repo:dendenxu/fast-gaussian-rasterization,Repo,,1182,
Repo:dgrzech/sobfu,Repo:dgrzech/sobfu,Repo,,164,
Repo:donydchen/matchnerf,Repo:donydchen/matchnerf,Repo,,180,
Repo:donydchen/sem2nerf,Repo:donydchen/sem2nerf,Repo,,126,
Repo:dragonlong/articulated-pose,Repo:dragonlong/articulated-pose,Repo,,122,
Repo:dunbar12138/DSNeRF,Repo:dunbar12138/DSNeRF,Repo,,784,
Repo:edvardHua/PoseEstimationForMobile,Repo:edvardHua/PoseEstimationForMobile,Repo,,1021,
Repo:ekarad1um/Photogrammetry,Repo:ekarad1um/Photogrammetry,Repo,,62,
Repo:eldar/pose-tensorflow,Repo:eldar/pose-tensorflow,Repo,,1143,
Repo:engcang/SLAM-application,Repo:engcang/SLAM-application,Repo,,1171,
Repo:ethz-asl/maplab,Repo:ethz-asl/maplab,Repo,,2843,
Repo:fabiotosi92/NeRF-Supervised-Deep-Stereo,Repo:fabiotosi92/NeRF-Supervised-Deep-Stereo,Repo,,360,
Repo:facebookresearch/iSDF,Repo:facebookresearch/iSDF,Repo,,450,
Repo:fanegg/UV-Volumes,Repo:fanegg/UV-Volumes,Repo,,144,
Repo:fazildgr8/realsense_explorer_bot,Repo:fazildgr8/realsense_explorer_bot,Repo,,119,
Repo:fdp0525/G2LTex,Repo:fdp0525/G2LTex,Repo,,153,
Repo:feixue94/imp-release,Repo:feixue94/imp-release,Repo,,160,
Repo:filchy/slam-python,Repo:filchy/slam-python,Repo,,154,
Repo:floatlazer/semantic_slam,Repo:floatlazer/semantic_slam,Repo,,717,
Repo:flysoaryun/LF-VIO,Repo:flysoaryun/LF-VIO,Repo,,137,
Repo:fnzhan/Neural-Gauge-Fields,Repo:fnzhan/Neural-Gauge-Fields,Repo,,128,
Repo:gaoxiang12/slambook,Repo:gaoxiang12/slambook,Repo,,7429,
Repo:garyzhao/SemGCN,Repo:garyzhao/SemGCN,Repo,,475,
Repo:gisbi-kim/PyICP-SLAM,Repo:gisbi-kim/PyICP-SLAM,Repo,,574,
Repo:gisbi-kim/navtech-radar-slam,Repo:gisbi-kim/navtech-radar-slam,Repo,,261,
Repo:google-research/multinerf,Repo:google-research/multinerf,Repo,,3808,
Repo:google-research/sparf,Repo:google-research/sparf,Repo,,301,
Repo:google-research/visu3d,Repo:google-research/visu3d,Repo,,166,
Repo:google/hypernerf,Repo:google/hypernerf,Repo,,961,
Repo:google/nerfactor,Repo:google/nerfactor,Repo,,450,
Repo:google/nerfies,Repo:google/nerfies,Repo,,1958,
Repo:gradslam/gradslam,Repo:gradslam/gradslam,Repo,,1419,
Repo:gtrll/gpslam,Repo:gtrll/gpslam,Repo,,155,
Repo:guoriyue/3dgs-warp-scratch,Repo:guoriyue/3dgs-warp-scratch,Repo,,275,
Repo:hellojialee/Improved-Body-Parts,Repo:hellojialee/Improved-Body-Parts,Repo,,263,
Repo:hku-mars/FAST-LIVO,Repo:hku-mars/FAST-LIVO,Repo,,1601,
Repo:hku-mars/FAST-LIVO2,Repo:hku-mars/FAST-LIVO2,Repo,,4162,
Repo:hku-mars/LiDAR_IMU_Init,Repo:hku-mars/LiDAR_IMU_Init,Repo,,1416,
Repo:hongfz16/AvatarCLIP,Repo:hongfz16/AvatarCLIP,Repo,,1102,
Repo:huangjh-pub/di-fusion,Repo:huangjh-pub/di-fusion,Repo,,124,
Repo:hugoycj/Instant-angelo,Repo:hugoycj/Instant-angelo,Repo,,462,
Repo:hustvl/GaussianDreamer,Repo:hustvl/GaussianDreamer,Repo,,827,
Repo:hustvl/TiNeuVox,Repo:hustvl/TiNeuVox,Repo,,351,
Repo:hwjiang1510/LEAP,Repo:hwjiang1510/LEAP,Repo,,191,
Repo:hyye/lio-mapping,Repo:hyye/lio-mapping,Repo,,1011,
Repo:i2Nav-WHU/IC-GVINS,Repo:i2Nav-WHU/IC-GVINS,Repo,,676,
Repo:i2Nav-WHU/OB_GINS,Repo:i2Nav-WHU/OB_GINS,Repo,,635,
Repo:iamNCJ/NRHints,Repo:iamNCJ/NRHints,Repo,,177,
Repo:ibaiGorordo/ONNX-CenterSnap-6D-Pose-and-Shape-Estimation,Repo:ibaiGorordo/ONNX-CenterSnap-6D-Pose-and-Shape-Estimation,Repo,,75,
Repo:ibaiGorordo/ONNX-Mobile-Human-Pose-3D,Repo:ibaiGorordo/ONNX-Mobile-Human-Pose-3D,Repo,,131,
Repo:imkaywu/open3DCV,Repo:imkaywu/open3DCV,Repo,,76,
Repo:imsoo/fight_detection,Repo:imsoo/fight_detection,Repo,,230,
Repo:isarandi/metrabs,Repo:isarandi/metrabs,Repo,,583,
Repo:isarandi/metro-pose3d,Repo:isarandi/metro-pose3d,Repo,,56,
Repo:iteal/wormpose,Repo:iteal/wormpose,Repo,,56,
Repo:j3soon/omni-nerf-extension,Repo:j3soon/omni-nerf-extension,Repo,,51,
Repo:jgraving/DeepPoseKit,Repo:jgraving/DeepPoseKit,Repo,,406,
Repo:jimmyyhwu/pose-interpreter-networks,Repo:jimmyyhwu/pose-interpreter-networks,Repo,,126,
Repo:jingh-ai/ultralytics-YOLO-DeepSort-ByteTrack-PyQt-GUI,Repo:jingh-ai/ultralytics-YOLO-DeepSort-ByteTrack-PyQt-GUI,Repo,,449,
Repo:jkulhanek/tetra-nerf,Repo:jkulhanek/tetra-nerf,Repo,,294,
Repo:julienkay/MobileNeRF-Unity-Viewer,Repo:julienkay/MobileNeRF-Unity-Viewer,Repo,,407,
Repo:junshutang/Make-It-3D,Repo:junshutang/Make-It-3D,Repo,,1887,
Repo:jytime/Deep-SfM-Revisited,Repo:jytime/Deep-SfM-Revisited,Repo,,188,
Repo:koide3/hdl_graph_slam,Repo:koide3/hdl_graph_slam,Repo,,2287,
Repo:koide3/interactive_slam,Repo:koide3/interactive_slam,Repo,,958,
Repo:koide3/slam_docker_collection,Repo:koide3/slam_docker_collection,Repo,,240,
Repo:kwea123/nerf_Unity,Repo:kwea123/nerf_Unity,Repo,,221,
Repo:kwea123/nerf_pl,Repo:kwea123/nerf_pl,Repo,,2802,
Repo:kwea123/ngp_pl,Repo:kwea123/ngp_pl,Repo,,1289,
Repo:kwea123/nsff_pl,Repo:kwea123/nsff_pl,Repo,,224,
Repo:laanlabs/CarPoseDemo,Repo:laanlabs/CarPoseDemo,Repo,,64,
Repo:laanlabs/metal-splats,Repo:laanlabs/metal-splats,Repo,,362,
Repo:last-one/Pytorch_Realtime_Multi-Person_Pose_Estimation,Repo:last-one/Pytorch_Realtime_Multi-Person_Pose_Estimation,Repo,,218,
Repo:leggedrobotics/open3d_slam,Repo:leggedrobotics/open3d_slam,Repo,,613,
Repo:leggedrobotics/radiance_field_ros,Repo:leggedrobotics/radiance_field_ros,Repo,,58,
Repo:lessthanoptimal/BoofCV,Repo:lessthanoptimal/BoofCV,Repo,,1181,
Repo:likojack/bnv_fusion,Repo:likojack/bnv_fusion,Repo,,138,
Repo:lipku/LiveTalking,Repo:lipku/LiveTalking,Repo,,7906,
Repo:liuguitao/AVP-SLAM-PLUS,Repo:liuguitao/AVP-SLAM-PLUS,Repo,,674,
Repo:liuyuan-pal/Gen6D,Repo:liuyuan-pal/Gen6D,Repo,,721,
Repo:liuyuan-pal/NeuRay,Repo:liuyuan-pal/NeuRay,Repo,,418,
Repo:lixiny/ArtiBoost,Repo:lixiny/ArtiBoost,Repo,,131,
Repo:lsyads/fisheye-ORB-SLAM,Repo:lsyads/fisheye-ORB-SLAM,Repo,,160,
Repo:lucidrains/pi-GAN-pytorch,Repo:lucidrains/pi-GAN-pytorch,Repo,,125,
Repo:luigifreda/slamplay,Repo:luigifreda/slamplay,Repo,,443,
Repo:maceq687/FullBodyPoseEstimation,Repo:maceq687/FullBodyPoseEstimation,Repo,,92,
Repo:manycore-research/PlankAssembly,Repo:manycore-research/PlankAssembly,Repo,,102,
Repo:maximeraafat/BlenderNeRF,Repo:maximeraafat/BlenderNeRF,Repo,,1004,
Repo:med-air/EndoNeRF,Repo:med-air/EndoNeRF,Repo,,259,
Repo:megvii-research/cv-master-ex,Repo:megvii-research/cv-master-ex,Repo,,80,
Repo:melonwan/denseReg,Repo:melonwan/denseReg,Repo,,180,
Repo:meyerls/FruitNeRF,Repo:meyerls/FruitNeRF,Repo,,328,
Repo:michalfaber/keras_Realtime_Multi-Person_Pose_Estimation,Repo:michalfaber/keras_Realtime_Multi-Person_Pose_Estimation,Repo,,783,
Repo:michalfaber/tensorflow_Realtime_Multi-Person_Pose_Estimation,Repo:michalfaber/tensorflow_Realtime_Multi-Person_Pose_Estimation,Repo,,220,
Repo:micmelesse/3D-reconstruction-with-Neural-Networks,Repo:micmelesse/3D-reconstruction-with-Neural-Networks,Repo,,85,
Repo:mit-han-lab/litepose,Repo:mit-han-lab/litepose,Repo,,327,
Repo:mkocabas/EpipolarPose,Repo:mkocabas/EpipolarPose,Repo,,610,
Repo:mkocabas/pose-residual-network,Repo:mkocabas/pose-residual-network,Repo,,347,
Repo:mks0601/3DMPPE_POSENET_RELEASE,Repo:mks0601/3DMPPE_POSENET_RELEASE,Repo,,865,
Repo:mks0601/3DMPPE_ROOTNET_RELEASE,Repo:mks0601/3DMPPE_ROOTNET_RELEASE,Repo,,492,
Repo:mks0601/TF-SimpleHumanPose,Repo:mks0601/TF-SimpleHumanPose,Repo,,340,
Repo:mks0601/V2V-PoseNet_RELEASE,Repo:mks0601/V2V-PoseNet_RELEASE,Repo,,392,
Repo:mli0603/BlenderNeuralangelo,Repo:mli0603/BlenderNeuralangelo,Repo,,324,
Repo:mp3guy/ElasticFusion,Repo:mp3guy/ElasticFusion,Repo,,1916,
Repo:mp3guy/Kintinuous,Repo:mp3guy/Kintinuous,Repo,,952,
Repo:mpkuse/cerebro,Repo:mpkuse/cerebro,Repo,,181,
Repo:mrpt-ros-pkg/mrpt_slam,Repo:mrpt-ros-pkg/mrpt_slam,Repo,,124,
Repo:munshisanowarraihan/nerf-meta,Repo:munshisanowarraihan/nerf-meta,Repo,,98,
Repo:muskie82/MonoGS,Repo:muskie82/MonoGS,Repo,,2102,
Repo:muziyongshixin/ORB-SLAM2-based-AR-on-Android,Repo:muziyongshixin/ORB-SLAM2-based-AR-on-Android,Repo,,243,
Repo:nerfbaselines/nerfbaselines,Repo:nerfbaselines/nerfbaselines,Repo,,354,
Repo:nerfstudio-project/nerfacc,Repo:nerfstudio-project/nerfacc,Repo,,1457,
Repo:nerfstudio-project/nerfstudio,Repo:nerfstudio-project/nerfstudio,Repo,,11667,
Repo:nerminsamet/HPRNet,Repo:nerminsamet/HPRNet,Repo,,73,
Repo:nianticlabs/acezero,Repo:nianticlabs/acezero,Repo,,806,
Repo:nianticlabs/diffusionerf,Repo:nianticlabs/diffusionerf,Repo,,308,
Repo:nianticlabs/doubletake,Repo:nianticlabs/doubletake,Repo,,191,
Repo:nianticlabs/simplerecon,Repo:nianticlabs/simplerecon,Repo,,1427,
Repo:niessner/VoxelHashing,Repo:niessner/VoxelHashing,Repo,,706,
Repo:nihui/ncnn-android-yolo11,Repo:nihui/ncnn-android-yolo11,Repo,,141,
Repo:nihui/ncnn-android-yolov8,Repo:nihui/ncnn-android-yolov8,Repo,,206,
Repo:ningwang1028/lidar_slam_3d,Repo:ningwang1028/lidar_slam_3d,Repo,,132,
Repo:nishagandhi/OpenPose_PythonOpenCV,Repo:nishagandhi/OpenPose_PythonOpenCV,Repo,,53,
Repo:njanirudh/Aruco_Tracker,Repo:njanirudh/Aruco_Tracker,Repo,,202,
Repo:nmoehrle/mvs-texturing,Repo:nmoehrle/mvs-texturing,Repo,,1076,
Repo:nstathou/hello-slam,Repo:nstathou/hello-slam,Repo,,259,
Repo:nv-nguyen/gigapose,Repo:nv-nguyen/gigapose,Repo,,282,
Repo:nv-nguyen/template-pose,Repo:nv-nguyen/template-pose,Repo,,189,
Repo:nv-tlabs/Difix3D,Repo:nv-tlabs/Difix3D,Repo,,1191,
Repo:nv-tlabs/vipe,Repo:nv-tlabs/vipe,Repo,,1971,
Repo:oarriaga/paz,Repo:oarriaga/paz,Repo,,706,
Repo:onpix/LLNeRF,Repo:onpix/LLNeRF,Repo,,98,
Repo:open-mmlab/mmpose,Repo:open-mmlab/mmpose,Repo,,7655,
Repo:openMVG/openMVG,Repo:openMVG/openMVG,Repo,,6427,
Repo:openxrlab/xrslam,Repo:openxrlab/xrslam,Repo,,573,
Repo:ov2slam/ov2slam,Repo:ov2slam/ov2slam,Repo,,675,
Repo:pamela-project/slambench,Repo:pamela-project/slambench,Repo,,341,
Repo:paninski-lab/lightning-pose,Repo:paninski-lab/lightning-pose,Repo,,305,
Repo:panxkun/eggfusion,Repo:panxkun/eggfusion,Repo,,91,
Repo:paulpanwang/POPE,Repo:paulpanwang/POPE,Repo,,170,
Repo:perfanalytics/pose2sim,Repo:perfanalytics/pose2sim,Repo,,643,
Repo:ponimatkin/focalpose,Repo:ponimatkin/focalpose,Repo,,84,
Repo:qixuxiang/orb-slam2_with_semantic_label,Repo:qixuxiang/orb-slam2_with_semantic_label,Repo,,281,
Repo:qq456cvb/CPPF,Repo:qq456cvb/CPPF,Repo,,57,
Repo:quan-meng/gnerf,Repo:quan-meng/gnerf,Repo,,227,
Repo:quanhua92/human-pose-estimation-opencv,Repo:quanhua92/human-pose-estimation-opencv,Repo,,384,
Repo:qubvel/rt-pose,Repo:qubvel/rt-pose,Repo,,70,
Repo:quickpose/quickpose-ios-sdk,Repo:quickpose/quickpose-ios-sdk,Repo,,318,
Repo:r00tman/NeRF-OSR,Repo:r00tman/NeRF-OSR,Repo,,248,
Repo:radekd91/emoca,Repo:radekd91/emoca,Repo,,843,
Repo:randerka/cNeRF,Repo:randerka/cNeRF,Repo,,54,
Repo:realsenseai/hand_tracking_samples,Repo:realsenseai/hand_tracking_samples,Repo,,224,
Repo:rlgnswk/NeRFFaceSpeech_Code,Repo:rlgnswk/NeRFFaceSpeech_Code,Repo,,64,
Repo:rludlow/3d-pose-2d-keypoints,Repo:rludlow/3d-pose-2d-keypoints,Repo,,77,
Repo:rmurai0610/MASt3R-SLAM,Repo:rmurai0610/MASt3R-SLAM,Repo,,3054,
Repo:rover-xingyu/Ha-NeRF,Repo:rover-xingyu/Ha-NeRF,Repo,,160,
Repo:rover-xingyu/L2G-NeRF,Repo:rover-xingyu/L2G-NeRF,Repo,,253,
Repo:roytseng-tw/adversarial-pose-pytorch,Repo:roytseng-tw/adversarial-pose-pytorch,Repo,,66,
Repo:rsasaki0109/li_slam_ros2,Repo:rsasaki0109/li_slam_ros2,Repo,,424,
Repo:sair-lab/AirSLAM,Repo:sair-lab/AirSLAM,Repo,,1166,
Repo:salihkaragoz/pose-residual-network-pytorch,Repo:salihkaragoz/pose-residual-network-pytorch,Repo,,285,
Repo:salykova/inerf,Repo:salykova/inerf,Repo,,142,
Repo:salykova/instant-DexNerf,Repo:salykova/instant-DexNerf,Repo,,83,
Repo:samorr/Computer-Vision-and-Photogrammetry,Repo:samorr/Computer-Vision-and-Photogrammetry,Repo,,56,
Repo:satyaborg/pose-estimation-detection,Repo:satyaborg/pose-estimation-detection,Repo,,53,
Repo:saurabhsharma1993/generative_pose,Repo:saurabhsharma1993/generative_pose,Repo,,71,
Repo:sfchng/Gaussian-Activated-Radiance-Fields,Repo:sfchng/Gaussian-Activated-Radiance-Fields,Repo,,114,
Repo:sfchng/Rotation_Coordinate_Descent,Repo:sfchng/Rotation_Coordinate_Descent,Repo,,56,
Repo:shanpenghui/ORB_SLAM3_Fixed,Repo:shanpenghui/ORB_SLAM3_Fixed,Repo,,277,
Repo:shg8/3DGS.cpp,Repo:shg8/3DGS.cpp,Repo,,755,
Repo:shichaoy/cube_slam,Repo:shichaoy/cube_slam,Repo,,888,
Repo:shichaoy/pop_up_slam,Repo:shichaoy/pop_up_slam,Repo,,226,
Repo:shreyasbhatia09/StructuredLight,Repo:shreyasbhatia09/StructuredLight,Repo,,62,
Repo:simonfuhrmann/mve,Repo:simonfuhrmann/mve,Repo,,1055,
Repo:sithu31296/pose-estimation,Repo:sithu31296/pose-estimation,Repo,,54,
Repo:sjtuytc/UnboundedNeRFPytorch,Repo:sjtuytc/UnboundedNeRFPytorch,Repo,,1323,
Repo:skyhehe123/AutoRF-pytorch,Repo:skyhehe123/AutoRF-pytorch,Repo,,112,
Repo:sled-group/chat-with-nerf,Repo:sled-group/chat-with-nerf,Repo,,320,
Repo:snap-research/R2L,Repo:snap-research/R2L,Repo,,190,
Repo:snavely/bundler_sfm,Repo:snavely/bundler_sfm,Repo,,1576,
Repo:songrise/AvatarCraft,Repo:songrise/AvatarCraft,Repo,,189,
Repo:spla-tam/SplaTAM,Repo:spla-tam/SplaTAM,Repo,,2136,
Repo:stefanopini/simple-HRNet,Repo:stefanopini/simple-HRNet,Repo,,609,
Repo:sunset1995/DirectVoxGO,Repo:sunset1995/DirectVoxGO,Repo,,1074,
Repo:sunset1995/torch_efficient_distloss,Repo:sunset1995/torch_efficient_distloss,Repo,,132,
Repo:svip-lab/PlanarReconstruction,Repo:svip-lab/PlanarReconstruction,Repo,,374,
Repo:synthesiaresearch/humanrf,Repo:synthesiaresearch/humanrf,Repo,,495,
Repo:szczyglis-dev/js-ai-body-tracker,Repo:szczyglis-dev/js-ai-body-tracker,Repo,,76,
Repo:taichi-dev/taichi-nerfs,Repo:taichi-dev/taichi-nerfs,Repo,,825,
Repo:tensorlayer/HyperPose,Repo:tensorlayer/HyperPose,Repo,,1267,
Repo:terryky/android_tflite,Repo:terryky/android_tflite,Repo,,168,
Repo:thodan/epos,Repo:thodan/epos,Repo,,78,
Repo:thu-ml/prolificdreamer,Repo:thu-ml/prolificdreamer,Repo,,1565,
Repo:thu3dhuman/sourcecode,Repo:thu3dhuman/sourcecode,Repo,,67,
Repo:tjiiv-cprg/EPro-PnP,Repo:tjiiv-cprg/EPro-PnP,Repo,,1177,
Repo:tjiiv-cprg/EPro-PnP-v2,Repo:tjiiv-cprg/EPro-PnP-v2,Repo,,177,
Repo:tobycollins/IPPE,Repo:tobycollins/IPPE,Repo,,118,
Repo:tucan9389/tf2-mobile-2d-single-pose-estimation,Repo:tucan9389/tf2-mobile-2d-single-pose-estimation,Repo,,169,
Repo:tum-vision/tandem,Repo:tum-vision/tandem,Repo,,952,
Repo:ueda0319/neddf,Repo:ueda0319/neddf,Repo,,215,
Repo:ultralytics/kinect,Repo:ultralytics/kinect,Repo,,74,
Repo:una-dinosauria/3d-pose-baseline,Repo:una-dinosauria/3d-pose-baseline,Repo,,1458,
Repo:uoip/g2opy,Repo:uoip/g2opy,Repo,,706,
Repo:uoip/stereo_ptam,Repo:uoip/stereo_ptam,Repo,,481,
Repo:url-kaist/UV-SLAM,Repo:url-kaist/UV-SLAM,Repo,,299,
Repo:uyoung-jeong/BoIR,Repo:uyoung-jeong/BoIR,Repo,,93,
Repo:varyshare/easy_slam_tutorial,Repo:varyshare/easy_slam_tutorial,Repo,,415,
Repo:ventusff/improved-nerfmm,Repo:ventusff/improved-nerfmm,Repo,,282,
Repo:ventusff/neurecon,Repo:ventusff/neurecon,Repo,,861,
Repo:victor-rong/nexels,Repo:victor-rong/nexels,Repo,,129,
Repo:vincentfung13/MINE,Repo:vincentfung13/MINE,Repo,,423,
Repo:w111liang222/lidar-slam-detection,Repo:w111liang222/lidar-slam-detection,Repo,,753,
Repo:wanmeihuali/taichi_3d_gaussian_splatting,Repo:wanmeihuali/taichi_3d_gaussian_splatting,Repo,,749,
Repo:wbenbihi/hourglasstensorflow,Repo:wbenbihi/hourglasstensorflow,Repo,,481,
Repo:wbhu/Tri-MipRF,Repo:wbhu/Tri-MipRF,Repo,,457,
Repo:weigert/t-pose,Repo:weigert/t-pose,Repo,,54,
Repo:weigq/3d_pose_baseline_pytorch,Repo:weigq/3d_pose_baseline_pytorch,Repo,,380,
Repo:weiyithu/NerfingMVS,Repo:weiyithu/NerfingMVS,Repo,,436,
Repo:wenbowen123/BundleTrack,Repo:wenbowen123/BundleTrack,Repo,,679,
Repo:wenbowen123/icra20-hand-object-pose,Repo:wenbowen123/icra20-hand-object-pose,Repo,,55,
Repo:wenbowen123/iros20-6d-pose-tracking,Repo:wenbowen123/iros20-6d-pose-tracking,Repo,,421,
Repo:wh200720041/floam,Repo:wh200720041/floam,Repo,,1144,
Repo:wh200720041/ssl_slam,Repo:wh200720041/ssl_slam,Repo,,521,
Repo:wh200720041/ssl_slam2,Repo:wh200720041/ssl_slam2,Repo,,367,
Repo:wh200720041/ssl_slam3,Repo:wh200720041/ssl_slam3,Repo,,113,
Repo:windingwind/seal-3d,Repo:windingwind/seal-3d,Repo,,166,
Repo:wkentaro/morefusion,Repo:wkentaro/morefusion,Repo,,238,
Repo:wmcnally/evopose2d,Repo:wmcnally/evopose2d,Repo,,84,
Repo:wmcnally/kapao,Repo:wmcnally/kapao,Repo,,772,
Repo:wzpscott/hybrid-radiance-fields,Repo:wzpscott/hybrid-radiance-fields,Repo,,76,
Repo:xhuangcv/hdr-nerf,Repo:xhuangcv/hdr-nerf,Repo,,218,
Repo:xiaobiaodu/DreamCar,Repo:xiaobiaodu/DreamCar,Repo,,90,
Repo:xmed-lab/DIF-Net,Repo:xmed-lab/DIF-Net,Repo,,79,
Repo:xth430/deforming-nerf,Repo:xth430/deforming-nerf,Repo,,150,
Repo:xuxy09/RSC-Net,Repo:xuxy09/RSC-Net,Repo,,53,
Repo:xxlong0/NeuralUDF,Repo:xxlong0/NeuralUDF,Repo,,286,
Repo:xxm19/jacobinerf,Repo:xxm19/jacobinerf,Repo,,50,
Repo:yakupzengin/fitness-trainer-pose-estimation,Repo:yakupzengin/fitness-trainer-pose-estimation,Repo,,75,
Repo:yanmin-wu/EAO-SLAM,Repo:yanmin-wu/EAO-SLAM,Repo,,394,
Repo:yashbhalgat/HashNeRF-pytorch,Repo:yashbhalgat/HashNeRF-pytorch,Repo,,1035,
Repo:ydsf16/aruco_ekf_slam,Repo:ydsf16/aruco_ekf_slam,Repo,,370,
Repo:ydsf16/dre_slam,Repo:ydsf16/dre_slam,Repo,,181,
Repo:ydsf16/particle_filter_localization,Repo:ydsf16/particle_filter_localization,Repo,,109,
Repo:yerfor/GeneFace,Repo:yerfor/GeneFace,Repo,,2663,
Repo:yerfor/GeneFacePlusPlus,Repo:yerfor/GeneFacePlusPlus,Repo,,1811,
Repo:yerfor/Real3DPortrait,Repo:yerfor/Real3DPortrait,Repo,,1091,
Repo:yihua7/NeRF-Texture,Repo:yihua7/NeRF-Texture,Repo,,221,
Repo:yiqun-wang/HFS,Repo:yiqun-wang/HFS,Repo,,229,
Repo:yiqun-wang/PET-NeuS,Repo:yiqun-wang/PET-NeuS,Repo,,273,
Repo:yo-WASSUP/Good-GYM,Repo:yo-WASSUP/Good-GYM,Repo,,340,
Repo:yuanyuanli85/Fast_Human_Pose_Estimation_Pytorch,Repo:yuanyuanli85/Fast_Human_Pose_Estimation_Pytorch,Repo,,327,
Repo:yuanyuanli85/Fast_Stacked_Hourglass_Network_OpenVino,Repo:yuanyuanli85/Fast_Stacked_Hourglass_Network_OpenVino,Repo,,53,
Repo:yudhisteer/3D-Reconstruction-with-Uncalibrated-Stereo,Repo:yudhisteer/3D-Reconstruction-with-Uncalibrated-Stereo,Repo,,53,
Repo:yuehaowang/bilarf,Repo:yuehaowang/bilarf,Repo,,204,
Repo:zhangboshen/A2J,Repo:zhangboshen/A2J,Repo,,295,
Repo:zju3dv/IntrinsicNeRF,Repo:zju3dv/IntrinsicNeRF,Repo,,186,
Repo:zju3dv/NeuMesh,Repo:zju3dv/NeuMesh,Repo,,390,
Repo:zju3dv/PVIO,Repo:zju3dv/PVIO,Repo,,315,
Repo:zju3dv/instant-nvr,Repo:zju3dv/instant-nvr,Repo,,163,
Repo:zju3dv/object_nerf,Repo:zju3dv/object_nerf,Repo,,313,
Repo:zjudmd/Mini-3D-Scanner,Repo:zjudmd/Mini-3D-Scanner,Repo,,192,
Repo:zubair-irshad/CenterSnap,Repo:zubair-irshad/CenterSnap,Repo,,326,
Repo:zubair-irshad/NeRF-MAE,Repo:zubair-irshad/NeRF-MAE,Repo,,104,
Repo:zubair-irshad/articulated-object-nerf,Repo:zubair-irshad/articulated-object-nerf,Repo,,50,
Repo:zxz267/HaMuCo,Repo:zxz267/HaMuCo,Repo,,50,
