:ID,name,type,:LABEL,citation_count:long,reference_count:long,year:long,repo_stargazers_count:long,repo_forks_count:long,repo_open_issues_count:long,repo_updated_at,repo_created_at,title
5444,5444,,Entity,,,,,,,,,
Dataset:7-scenes,Dataset:7-scenes,Dataset,Dataset,,,,,,,,,
Dataset:abc,Dataset:abc,Dataset,Dataset,,,,,,,,,
Dataset:argoverse,Dataset:argoverse,Dataset,Dataset,,,,,,,,,
Dataset:blendedmvs,Dataset:blendedmvs,Dataset,Dataset,,,,,,,,,
Dataset:cityscapes,Dataset:cityscapes,Dataset,Dataset,,,,,,,,,
Dataset:co3d,Dataset:co3d,Dataset,Dataset,,,,,,,,,
Dataset:coco,Dataset:coco,Dataset,Dataset,,,,,,,,,
Dataset:dtu,Dataset:dtu,Dataset,Dataset,,,,,,,,,
Dataset:eth3d,Dataset:eth3d,Dataset,Dataset,,,,,,,,,
Dataset:euroc,Dataset:euroc,Dataset,Dataset,,,,,,,,,
Dataset:google,Dataset:google,Dataset,Dataset,,,,,,,,,
Dataset:gso,Dataset:gso,Dataset,Dataset,,,,,,,,,
Dataset:hm3d,Dataset:hm3d,Dataset,Dataset,,,,,,,,,
Dataset:hypersim,Dataset:hypersim,Dataset,Dataset,,,,,,,,,
Dataset:imagenet,Dataset:imagenet,Dataset,Dataset,,,,,,,,,
Dataset:kitti,Dataset:kitti,Dataset,Dataset,,,,,,,,,
Dataset:kitti,Dataset:kitti,Dataset,Dataset,,,,,,,,,
Dataset:kitti-360,Dataset:kitti-360,Dataset,Dataset,,,,,,,,,
Dataset:llff,Dataset:llff,Dataset,Dataset,,,,,,,,,
Dataset:lvis,Dataset:lvis,Dataset,Dataset,,,,,,,,,
Dataset:matterport3d,Dataset:matterport3d,Dataset,Dataset,,,,,,,,,
Dataset:megadepth,Dataset:megadepth,Dataset,Dataset,,,,,,,,,
Dataset:middlebury,Dataset:middlebury,Dataset,Dataset,,,,,,,,,
Dataset:mip-nerf,Dataset:mip-nerf,Dataset,Dataset,,,,,,,,,
Dataset:modelnet40,Dataset:modelnet40,Dataset,Dataset,,,,,,,,,
Dataset:nuscenes,Dataset:nuscenes,Dataset,Dataset,,,,,,,,,
Dataset:objaverse,Dataset:objaverse,Dataset,Dataset,,,,,,,,,
Dataset:omniobject3d,Dataset:omniobject3d,Dataset,Dataset,,,,,,,,,
Dataset:pix3d,Dataset:pix3d,Dataset,Dataset,,,,,,,,,
Dataset:realestate10k,Dataset:realestate10k,Dataset,Dataset,,,,,,,,,
Dataset:replica,Dataset:replica,Dataset,Dataset,,,,,,,,,
Dataset:sapien,Dataset:sapien,Dataset,Dataset,,,,,,,,,
Dataset:scannet,Dataset:scannet,Dataset,Dataset,,,,,,,,,
Dataset:scannet++,Dataset:scannet++,Dataset,Dataset,,,,,,,,,
Dataset:semantickitti,Dataset:semantickitti,Dataset,Dataset,,,,,,,,,
Dataset:shapenet,Dataset:shapenet,Dataset,Dataset,,,,,,,,,
Dataset:shapenetcore,Dataset:shapenetcore,Dataset,Dataset,,,,,,,,,
Dataset:sun3d,Dataset:sun3d,Dataset,Dataset,,,,,,,,,
Dataset:tanks,Dataset:tanks,Dataset,Dataset,,,,,,,,,
Dataset:tum,Dataset:tum,Dataset,Dataset,,,,,,,,,
Dataset:waymo,Dataset:waymo,Dataset,Dataset,,,,,,,,,
Method:2d,Method:2d,Method,Method,,,,,,,,,
Method:2d,Method:2d,Method,Method,,,,,,,,,
Method:2d,Method:2d,Method,Method,,,,,,,,,
Method:2d,Method:2d,Method,Method,,,,,,,,,
Method:2d,Method:2d,Method,Method,,,,,,,,,
Method:2d-3d,Method:2d-3d,Method,Method,,,,,,,,,
Method:2d-3d,Method:2d-3d,Method,Method,,,,,,,,,
Method:2d-guided,Method:2d-guided,Method,Method,,,,,,,,,
Method:2d-induced,Method:2d-induced,Method,Method,,,,,,,,,
Method:2d-to-3d,Method:2d-to-3d,Method,Method,,,,,,,,,
Method:360-dfpe,Method:360-dfpe,Method,Method,,,,,,,,,
Method:360°,Method:360°,Method,Method,,,,,,,,,
Method:3D,Method:3D,Method,Method,,,,,,,,,
Method:3d,Method:3d,Method,Method,,,,,,,,,
Method:3d,Method:3d,Method,Method,,,,,,,,,
Method:3d,Method:3d,Method,Method,,,,,,,,,
Method:3d,Method:3d,Method,Method,,,,,,,,,
Method:3d,Method:3d,Method,Method,,,,,,,,,
Method:3d,Method:3d,Method,Method,,,,,,,,,
Method:3d,Method:3d,Method,Method,,,,,,,,,
Method:3d,Method:3d,Method,Method,,,,,,,,,
Method:3d,Method:3d,Method,Method,,,,,,,,,
Method:3d,Method:3d,Method,Method,,,,,,,,,
Method:3d,Method:3d,Method,Method,,,,,,,,,
Method:3d,Method:3d,Method,Method,,,,,,,,,
Method:3d,Method:3d,Method,Method,,,,,,,,,
Method:3d,Method:3d,Method,Method,,,,,,,,,
Method:3d,Method:3d,Method,Method,,,,,,,,,
Method:3d,Method:3d,Method,Method,,,,,,,,,
Method:3d,Method:3d,Method,Method,,,,,,,,,
Method:3d,Method:3d,Method,Method,,,,,,,,,
Method:3d,Method:3d,Method,Method,,,,,,,,,
Method:3d,Method:3d,Method,Method,,,,,,,,,
Method:3d,Method:3d,Method,Method,,,,,,,,,
Method:3d,Method:3d,Method,Method,,,,,,,,,
Method:3d,Method:3d,Method,Method,,,,,,,,,
Method:3d,Method:3d,Method,Method,,,,,,,,,
Method:3d,Method:3d,Method,Method,,,,,,,,,
Method:3d,Method:3d,Method,Method,,,,,,,,,
Method:3d,Method:3d,Method,Method,,,,,,,,,
Method:3d,Method:3d,Method,Method,,,,,,,,,
Method:3d,Method:3d,Method,Method,,,,,,,,,
Method:3d,Method:3d,Method,Method,,,,,,,,,
Method:3d,Method:3d,Method,Method,,,,,,,,,
Method:3d,Method:3d,Method,Method,,,,,,,,,
Method:3d,Method:3d,Method,Method,,,,,,,,,
Method:3d-aware,Method:3d-aware,Method,Method,,,,,,,,,
Method:3d-aware,Method:3d-aware,Method,Method,,,,,,,,,
Method:3d-aware,Method:3d-aware,Method,Method,,,,,,,,,
Method:3d-aware,Method:3d-aware,Method,Method,,,,,,,,,
Method:3d-aware,Method:3d-aware,Method,Method,,,,,,,,,
Method:3d-future,Method:3d-future,Method,Method,,,,,,,,,
Method:3d-gmnet,Method:3d-gmnet,Method,Method,,,,,,,,,
Method:3d-guided,Method:3d-guided,Method,Method,,,,,,,,,
Method:3d-lmnet,Method:3d-lmnet,Method,Method,,,,,,,,,
Method:3d-ovs,Method:3d-ovs,Method,Method,,,,,,,,,
Method:3d-pose-baseline,Method:3d-pose-baseline,Method,Method,,,,,,,,,
Method:3d-to-events,Method:3d-to-events,Method,Method,,,,,,,,,
Method:3d_pose_baseline_pytorch,Method:3d_pose_baseline_pytorch,Method,Method,,,,,,,,,
Method:3da-gan,Method:3da-gan,Method,Method,,,,,,,,,
Method:3ddesigner,Method:3ddesigner,Method,Method,,,,,,,,,
Method:3dfusion,Method:3dfusion,Method,Method,,,,,,,,,
Method:3dgs-avatar,Method:3dgs-avatar,Method,Method,,,,,,,,,
Method:3dgs.cpp,Method:3dgs.cpp,Method,Method,,,,,,,,,
Method:3dof,Method:3dof,Method,Method,,,,,,,,,
Method:3dp3,Method:3dp3,Method,Method,,,,,,,,,
Method:3dphysvideo,Method:3dphysvideo,Method,Method,,,,,,,,,
Method:3dreflecnet,Method:3dreflecnet,Method,Method,,,,,,,,,
Method:3dturboquant,Method:3dturboquant,Method,Method,,,,,,,,,
Method:3infusion,Method:3infusion,Method,Method,,,,,,,,,
Method:3vp,Method:3vp,Method,Method,,,,,,,,,
Method:4D,Method:4D,Method,Method,,,,,,,,,
Method:4d,Method:4d,Method,Method,,,,,,,,,
Method:4d,Method:4d,Method,Method,,,,,,,,,
Method:4d,Method:4d,Method,Method,,,,,,,,,
Method:4d,Method:4d,Method,Method,,,,,,,,,
Method:4dvggt-d,Method:4dvggt-d,Method,Method,,,,,,,,,
Method:4k-nerf,Method:4k-nerf,Method,Method,,,,,,,,,
Method:5-point,Method:5-point,Method,Method,,,,,,,,,
Method:6-pack,Method:6-pack,Method,Method,,,,,,,,,
Method:6d,Method:6d,Method,Method,,,,,,,,,
Method:6d,Method:6d,Method,Method,,,,,,,,,
Method:6d,Method:6d,Method,Method,,,,,,,,,
Method:6d-clgrasp,Method:6d-clgrasp,Method,Method,,,,,,,,,
Method:6d-diff,Method:6d-diff,Method,Method,,,,,,,,,
Method:6dapose,Method:6dapose,Method,Method,,,,,,,,,
Method:6dattack,Method:6dattack,Method,Method,,,,,,,,,
Method:6dope-gs,Method:6dope-gs,Method,Method,,,,,,,,,
Method:6dposediffusion,Method:6dposediffusion,Method,Method,,,,,,,,,
Method:7-point,Method:7-point,Method,Method,,,,,,,,,
Method:8-point,Method:8-point,Method,Method,,,,,,,,,
Method:Bresenham画圆法,Method:Bresenham画圆法,Method,Method,,,,,,,,,
Method:DA²,Method:DA²,Method,Method,,,,,,,,,
Method:D²IM-Net,Method:D²IM-Net,Method,Method,,,,,,,,,
Method:DéjàView,Method:DéjàView,Method,Method,,,,,,,,,
Method:Earth,Method:Earth,Method,Method,,,,,,,,,
Method:Grid-based,Method:Grid-based,Method,Method,,,,,,,,,
Method:Gröbner,Method:Gröbner,Method,Method,,,,,,,,,
Method:HARPET,Method:HARPET,Method,Method,,,,,,,,,
Method:LSD,Method:LSD,Method,Method,,,,,,,,,
Method:Level-S$^2$fM,Method:Level-S$^2$fM,Method,Method,,,,,,,,,
Method:OV²SLAM,Method:OV²SLAM,Method,Method,,,,,,,,,
Method:Otsu二值化算法,Method:Otsu二值化算法,Method,Method,,,,,,,,,
"Method:Performant,","Method:Performant,",Method,Method,,,,,,,,,
"Method:Pyramid,","Method:Pyramid,",Method,Method,,,,,,,,,
Method:P²,Method:P²,Method,Method,,,,,,,,,
Method:R^3,Method:R^3,Method,Method,,,,,,,,,
"Method:Robust,","Method:Robust,",Method,Method,,,,,,,,,
Method:S&C,Method:S&C,Method,Method,,,,,,,,,
Method:S&CNet,Method:S&CNet,Method,Method,,,,,,,,,
Method:S³-FT,Method:S³-FT,Method,Method,,,,,,,,,
Method:TöRF,Method:TöRF,Method,Method,,,,,,,,,
Method:VG²GT,Method:VG²GT,Method,Method,,,,,,,,,
Method:a-ep,Method:a-ep,Method,Method,,,,,,,,,
Method:a-loam,Method:a-loam,Method,Method,,,,,,,,,
Method:a2j,Method:a2j,Method,Method,,,,,,,,,
Method:a2j-transformer,Method:a2j-transformer,Method,Method,,,,,,,,,
Method:a2pm,Method:a2pm,Method,Method,,,,,,,,,
Method:aacvp-mvsnet,Method:aacvp-mvsnet,Method,Method,,,,,,,,,
Method:able-nerf,Method:able-nerf,Method,Method,,,,,,,,,
Method:abstract,Method:abstract,Method,Method,,,,,,,,,
Method:ac3d,Method:ac3d,Method,Method,,,,,,,,,
Method:ace,Method:ace,Method,Method,,,,,,,,,
Method:ace0,Method:ace0,Method,Method,,,,,,,,,
Method:acf,Method:acf,Method,Method,,,,,,,,,
Method:acnn,Method:acnn,Method,Method,,,,,,,,,
Method:acquisition,Method:acquisition,Method,Method,,,,,,,,,
Method:acr-pose,Method:acr-pose,Method,Method,,,,,,,,,
Method:action,Method:action,Method,Method,,,,,,,,,
Method:active,Method:active,Method,Method,,,,,,,,,
Method:active,Method:active,Method,Method,,,,,,,,,
Method:active,Method:active,Method,Method,,,,,,,,,
Method:active-light,Method:active-light,Method,Method,,,,,,,,,
Method:activegs,Method:activegs,Method,Method,,,,,,,,,
Method:activemocap,Method:activemocap,Method,Method,,,,,,,,,
Method:activermap,Method:activermap,Method,Method,,,,,,,,,
Method:actmvs,Method:actmvs,Method,Method,,,,,,,,,
Method:ada-lio,Method:ada-lio,Method,Method,,,,,,,,,
Method:adafuse,Method:adafuse,Method,Method,,,,,,,,,
Method:adam,Method:adam,Method,Method,,,,,,,,,
Method:adaptive,Method:adaptive,Method,Method,,,,,,,,,
Method:adaptive,Method:adaptive,Method,Method,,,,,,,,,
Method:adaptive,Method:adaptive,Method,Method,,,,,,,,,
Method:adaptive,Method:adaptive,Method,Method,,,,,,,,,
Method:adaptive,Method:adaptive,Method,Method,,,,,,,,,
Method:adaptive,Method:adaptive,Method,Method,,,,,,,,,
Method:adaptive,Method:adaptive,Method,Method,,,,,,,,,
Method:adaptive,Method:adaptive,Method,Method,,,,,,,,,
Method:adaptive,Method:adaptive,Method,Method,,,,,,,,,
Method:adaptive,Method:adaptive,Method,Method,,,,,,,,,
Method:adaptive,Method:adaptive,Method,Method,,,,,,,,,
Method:adaptive,Method:adaptive,Method,Method,,,,,,,,,
Method:adaptivepose,Method:adaptivepose,Method,Method,,,,,,,,,
Method:adaptpose,Method:adaptpose,Method,Method,,,,,,,,,
Method:adugs-vins,Method:adugs-vins,Method,Method,,,,,,,,,
Method:adversarial,Method:adversarial,Method,Method,,,,,,,,,
Method:adversarial,Method:adversarial,Method,Method,,,,,,,,,
Method:adversarial,Method:adversarial,Method,Method,,,,,,,,,
Method:advpose,Method:advpose,Method,Method,,,,,,,,,
Method:advpose-ae,Method:advpose-ae,Method,Method,,,,,,,,,
Method:af-sfmlearner,Method:af-sfmlearner,Method,Method,,,,,,,,,
Method:affordance,Method:affordance,Method,Method,,,,,,,,,
Method:affordance-aware,Method:affordance-aware,Method,Method,,,,,,,,,
Method:ag-egopose,Method:ag-egopose,Method,Method,,,,,,,,,
Method:age,Method:age,Method,Method,,,,,,,,,
Method:agentic,Method:agentic,Method,Method,,,,,,,,,
Method:agglomerative,Method:agglomerative,Method,Method,,,,,,,,,
Method:agisoft,Method:agisoft,Method,Method,,,,,,,,,
Method:agora,Method:agora,Method,Method,,,,,,,,,
Method:aia-ultranerf,Method:aia-ultranerf,Method,Method,,,,,,,,,
Method:aigaitor,Method:aigaitor,Method,Method,,,,,,,,,
Method:aionhmr,Method:aionhmr,Method,Method,,,,,,,,,
Method:air,Method:air,Method,Method,,,,,,,,,
Method:air-nets,Method:air-nets,Method,Method,,,,,,,,,
Method:airslam,Method:airslam,Method,Method,,,,,,,,,
Method:airzoo,Method:airzoo,Method,Method,,,,,,,,,
Method:akida-compatible,Method:akida-compatible,Method,Method,,,,,,,,,
Method:aleth-nerf,Method:aleth-nerf,Method,Method,,,,,,,,,
Method:alignpose,Method:alignpose,Method,Method,,,,,,,,,
Method:alike,Method:alike,Method,Method,,,,,,,,,
Method:aliked,Method:aliked,Method,Method,,,,,,,,,
Method:alm,Method:alm,Method,Method,,,,,,,,,
Method:alphapose,Method:alphapose,Method,Method,,,,,,,,,
Method:alternating,Method:alternating,Method,Method,,,,,,,,,
Method:alto,Method:alto,Method,Method,,,,,,,,,
Method:ambisur,Method:ambisur,Method,Method,,,,,,,,,
Method:amg,Method:amg,Method,Method,,,,,,,,,
Method:amodal,Method:amodal,Method,Method,,,,,,,,,
Method:amortized,Method:amortized,Method,Method,,,,,,,,,
Method:amtm,Method:amtm,Method,Method,,,,,,,,,
Method:analysis-by-synthesis,Method:analysis-by-synthesis,Method,Method,,,,,,,,,
Method:anatomical,Method:anatomical,Method,Method,,,,,,,,,
Method:anatomy-regularized,Method:anatomy-regularized,Method,Method,,,,,,,,,
Method:anchor,Method:anchor,Method,Method,,,,,,,,,
Method:anchor-based,Method:anchor-based,Method,Method,,,,,,,,,
Method:anchor3r,Method:anchor3r,Method,Method,,,,,,,,,
Method:anchorhoi,Method:anchorhoi,Method,Method,,,,,,,,,
Method:angle,Method:angle,Method,Method,,,,,,,,,
Method:angle,Method:angle,Method,Method,,,,,,,,,
Method:animatable,Method:animatable,Method,Method,,,,,,,,,
Method:anisotropic,Method:anisotropic,Method,Method,,,,,,,,,
Method:ann,Method:ann,Method,Method,,,,,,,,,
Method:ansch,Method:ansch,Method,Method,,,,,,,,,
Method:anyrecon,Method:anyrecon,Method,Method,,,,,,,,,
Method:anyscene,Method:anyscene,Method,Method,,,,,,,,,
Method:apriltag,Method:apriltag,Method,Method,,,,,,,,,
Method:ar,Method:ar,Method,Method,,,,,,,,,
Method:arb-objaverse,Method:arb-objaverse,Method,Method,,,,,,,,,
Method:arcnerf,Method:arcnerf,Method,Method,,,,,,,,,
Method:area,Method:area,Method,Method,,,,,,,,,
Method:aret,Method:aret,Method,Method,,,,,,,,,
Method:arm,Method:arm,Method,Method,,,,,,,,,
Method:artiboost,Method:artiboost,Method,Method,,,,,,,,,
Method:articulated,Method:articulated,Method,Method,,,,,,,,,
Method:articulated,Method:articulated,Method,Method,,,,,,,,,
Method:articulation-aware,Method:articulation-aware,Method,Method,,,,,,,,,
Method:artifact-resilient,Method:artifact-resilient,Method,Method,,,,,,,,,
Method:artsplat,Method:artsplat,Method,Method,,,,,,,,,
Method:arttrack,Method:arttrack,Method,Method,,,,,,,,,
Method:aruco,Method:aruco,Method,Method,,,,,,,,,
Method:aruco,Method:aruco,Method,Method,,,,,,,,,
Method:aruco,Method:aruco,Method,Method,,,,,,,,,
Method:aruco,Method:aruco,Method,Method,,,,,,,,,
Method:aruco-based,Method:aruco-based,Method,Method,,,,,,,,,
Method:ash,Method:ash,Method,Method,,,,,,,,,
Method:assemblydyno,Method:assemblydyno,Method,Method,,,,,,,,,
Method:asset,Method:asset,Method,Method,,,,,,,,,
Method:asyncevgs,Method:asyncevgs,Method,Method,,,,,,,,,
Method:atmospheric,Method:atmospheric,Method,Method,,,,,,,,,
Method:atrouspose,Method:atrouspose,Method,Method,,,,,,,,,
Method:atrouspose-128,Method:atrouspose-128,Method,Method,,,,,,,,,
Method:atrouspose-512,Method:atrouspose-512,Method,Method,,,,,,,,,
Method:attention,Method:attention,Method,Method,,,,,,,,,
Method:attention,Method:attention,Method,Method,,,,,,,,,
Method:attention,Method:attention,Method,Method,,,,,,,,,
Method:attentive,Method:attentive,Method,Method,,,,,,,,,
Method:atvs,Method:atvs,Method,Method,,,,,,,,,
Method:augmented,Method:augmented,Method,Method,,,,,,,,,
Method:augmented,Method:augmented,Method,Method,,,,,,,,,
Method:augmented,Method:augmented,Method,Method,,,,,,,,,
Method:aura,Method:aura,Method,Method,,,,,,,,,
Method:aurora,Method:aurora,Method,Method,,,,,,,,,
Method:auto-diff,Method:auto-diff,Method,Method,,,,,,,,,
Method:auto-encoder,Method:auto-encoder,Method,Method,,,,,,,,,
Method:auto-encoding,Method:auto-encoding,Method,Method,,,,,,,,,
Method:auto3d,Method:auto3d,Method,Method,,,,,,,,,
Method:auto3r,Method:auto3r,Method,Method,,,,,,,,,
Method:automated,Method:automated,Method,Method,,,,,,,,,
Method:automatic,Method:automatic,Method,Method,,,,,,,,,
Method:autorf,Method:autorf,Method,Method,,,,,,,,,
Method:auxiliary,Method:auxiliary,Method,Method,,,,,,,,,
Method:av1-3dgs,Method:av1-3dgs,Method,Method,,,,,,,,,
Method:avatar4d,Method:avatar4d,Method,Method,,,,,,,,,
Method:avatarcap,Method:avatarcap,Method,Method,,,,,,,,,
Method:avatarclip,Method:avatarclip,Method,Method,,,,,,,,,
Method:avatarcraft,Method:avatarcraft,Method,Method,,,,,,,,,
Method:avatarmav,Method:avatarmav,Method,Method,,,,,,,,,
Method:avp-slam,Method:avp-slam,Method,Method,,,,,,,,,
Method:avp-slam-plus,Method:avp-slam-plus,Method,Method,,,,,,,,,
Method:b-slam-sim,Method:b-slam-sim,Method,Method,,,,,,,,,
Method:b-spline,Method:b-spline,Method,Method,,,,,,,,,
Method:ba-t,Method:ba-t,Method,Method,,,,,,,,,
Method:babelcalib,Method:babelcalib,Method,Method,,,,,,,,,
Method:back-projection,Method:back-projection,Method,Method,,,,,,,,,
Method:backward,Method:backward,Method,Method,,,,,,,,,
Method:bad-nerf,Method:bad-nerf,Method,Method,,,,,,,,,
Method:bakedangelo,Method:bakedangelo,Method,Method,,,,,,,,,
Method:bakedsdf,Method:bakedsdf,Method,Method,,,,,,,,,
Method:baltic,Method:baltic,Method,Method,,,,,,,,,
Method:banmo,Method:banmo,Method,Method,,,,,,,,,
Method:bapose,Method:bapose,Method,Method,,,,,,,,,
Method:basalt-vio,Method:basalt-vio,Method,Method,,,,,,,,,
Method:batch-based,Method:batch-based,Method,Method,,,,,,,,,
Method:bathyfacto,Method:bathyfacto,Method,Method,,,,,,,,,
Method:bayes,Method:bayes,Method,Method,,,,,,,,,
Method:bayes-optimal,Method:bayes-optimal,Method,Method,,,,,,,,,
Method:bayesian,Method:bayesian,Method,Method,,,,,,,,,
Method:bayesian,Method:bayesian,Method,Method,,,,,,,,,
Method:bayesian,Method:bayesian,Method,Method,,,,,,,,,
Method:bayesian,Method:bayesian,Method,Method,,,,,,,,,
Method:bbox,Method:bbox,Method,Method,,,,,,,,,
Method:bbox-mask-pose,Method:bbox-mask-pose,Method,Method,,,,,,,,,
Method:bboxmaskpose,Method:bboxmaskpose,Method,Method,,,,,,,,,
Method:bboxmaskpose,Method:bboxmaskpose,Method,Method,,,,,,,,,
Method:beast3d,Method:beast3d,Method,Method,,,,,,,,,
Method:behaviorvlm,Method:behaviorvlm,Method,Method,,,,,,,,,
Method:benchmarking,Method:benchmarking,Method,Method,,,,,,,,,
Method:beta-soft-argmax,Method:beta-soft-argmax,Method,Method,,,,,,,,,
Method:bev-based,Method:bev-based,Method,Method,,,,,,,,,
Method:bev-net,Method:bev-net,Method,Method,,,,,,,,,
Method:bi-objective,Method:bi-objective,Method,Method,,,,,,,,,
Method:bidirectional,Method:bidirectional,Method,Method,,,,,,,,,
Method:bifingerpose,Method:bifingerpose,Method,Method,,,,,,,,,
Method:bilarf,Method:bilarf,Method,Method,,,,,,,,,
Method:bilateral,Method:bilateral,Method,Method,,,,,,,,,
Method:bilayer,Method:bilayer,Method,Method,,,,,,,,,
Method:binarized,Method:binarized,Method,Method,,,,,,,,,
Method:binary,Method:binary,Method,Method,,,,,,,,,
Method:binocular,Method:binocular,Method,Method,,,,,,,,,
Method:biotuch,Method:biotuch,Method,Method,,,,,,,,,
Method:bkp-association,Method:bkp-association,Method,Method,,,,,,,,,
Method:blade,Method:blade,Method,Method,,,,,,,,,
Method:blanket,Method:blanket,Method,Method,,,,,,,,,
Method:blanketgen,Method:blanketgen,Method,Method,,,,,,,,,
Method:blazepose,Method:blazepose,Method,Method,,,,,,,,,
Method:blender,Method:blender,Method,Method,,,,,,,,,
Method:blender,Method:blender,Method,Method,,,,,,,,,
Method:blendernerf,Method:blendernerf,Method,Method,,,,,,,,,
Method:blenderneuralangelo,Method:blenderneuralangelo,Method,Method,,,,,,,,,
Method:blenderproc,Method:blenderproc,Method,Method,,,,,,,,,
Method:blink,Method:blink,Method,Method,,,,,,,,,
Method:block-nerf,Method:block-nerf,Method,Method,,,,,,,,,
Method:blur,Method:blur,Method,Method,,,,,,,,,
Method:blur2sharp,Method:blur2sharp,Method,Method,,,,,,,,,
Method:bmp,Method:bmp,Method,Method,,,,,,,,,
Method:bmpv1,Method:bmpv1,Method,Method,,,,,,,,,
Method:bmpv2,Method:bmpv2,Method,Method,,,,,,,,,
Method:bnn,Method:bnn,Method,Method,,,,,,,,,
Method:bnv-fusion,Method:bnv-fusion,Method,Method,,,,,,,,,
Method:boir,Method:boir,Method,Method,,,,,,,,,
Method:bone-constrained,Method:bone-constrained,Method,Method,,,,,,,,,
Method:bonet+,Method:bonet+,Method,Method,,,,,,,,,
Method:boofcv,Method:boofcv,Method,Method,,,,,,,,,
Method:bootstrapped,Method:bootstrapped,Method,Method,,,,,,,,,
Method:bootstrapping,Method:bootstrapping,Method,Method,,,,,,,,,
Method:bop,Method:bop,Method,Method,,,,,,,,,
Method:boundary-driven,Method:boundary-driven,Method,Method,,,,,,,,,
Method:bpt,Method:bpt,Method,Method,,,,,,,,,
Method:bpycv,Method:bpycv,Method,Method,,,,,,,,,
Method:brdftransform,Method:brdftransform,Method,Method,,,,,,,,,
Method:break,Method:break,Method,Method,,,,,,,,,
Method:buctd,Method:buctd,Method,Method,,,,,,,,,
Method:bundle,Method:bundle,Method,Method,,,,,,,,,
Method:bundle2pmvs,Method:bundle2pmvs,Method,Method,,,,,,,,,
Method:bundlefusion,Method:bundlefusion,Method,Method,,,,,,,,,
Method:bundler,Method:bundler,Method,Method,,,,,,,,,
Method:bundletrack,Method:bundletrack,Method,Method,,,,,,,,,
Method:bungeenerf,Method:bungeenerf,Method,Method,,,,,,,,,
Method:bytetrack,Method:bytetrack,Method,Method,,,,,,,,,
Method:c-bev,Method:c-bev,Method,Method,,,,,,,,,
Method:c-flow,Method:c-flow,Method,Method,,,,,,,,,
Method:c2p,Method:c2p,Method,Method,,,,,,,,,
Method:c3dgs,Method:c3dgs,Method,Method,,,,,,,,,
Method:c3vd-defcol,Method:c3vd-defcol,Method,Method,,,,,,,,,
Method:c4g,Method:c4g,Method,Method,,,,,,,,,
Method:cad-nerf,Method:cad-nerf,Method,Method,,,,,,,,,
Method:cad2real,Method:cad2real,Method,Method,,,,,,,,,
Method:cadam,Method:cadam,Method,Method,,,,,,,,,
Method:cadbench,Method:cadbench,Method,Method,,,,,,,,,
Method:calibanyview,Method:calibanyview,Method,Method,,,,,,,,,
Method:calibrated,Method:calibrated,Method,Method,,,,,,,,,
Method:cam3r,Method:cam3r,Method,Method,,,,,,,,,
Method:cambrian-p,Method:cambrian-p,Method,Method,,,,,,,,,
Method:camera,Method:camera,Method,Method,,,,,,,,,
Method:camformer,Method:camformer,Method,Method,,,,,,,,,
Method:camlasercalibratool,Method:camlasercalibratool,Method,Method,,,,,,,,,
Method:canonpose,Method:canonpose,Method,Method,,,,,,,,,
Method:cape,Method:cape,Method,Method,,,,,,,,,
Method:capellm,Method:capellm,Method,Method,,,,,,,,,
Method:capsule-pooling,Method:capsule-pooling,Method,Method,,,,,,,,,
Method:capture,Method:capture,Method,Method,,,,,,,,,
Method:carposemodel,Method:carposemodel,Method,Method,,,,,,,,,
Method:cartographer,Method:cartographer,Method,Method,,,,,,,,,
Method:casapose,Method:casapose,Method,Method,,,,,,,,,
Method:cascade,Method:cascade,Method,Method,,,,,,,,,
Method:cascaded,Method:cascaded,Method,Method,,,,,,,,,
Method:cascaded,Method:cascaded,Method,Method,,,,,,,,,
Method:catalyst4d,Method:catalyst4d,Method,Method,,,,,,,,,
Method:category-level,Method:category-level,Method,Method,,,,,,,,,
Method:cattlemountnet,Method:cattlemountnet,Method,Method,,,,,,,,,
Method:cauchy,Method:cauchy,Method,Method,,,,,,,,,
Method:cauchy-uniform,Method:cauchy-uniform,Method,Method,,,,,,,,,
Method:cc-fmo,Method:cc-fmo,Method,Method,,,,,,,,,
Method:ccnerf,Method:ccnerf,Method,Method,,,,,,,,,
Method:ccnet,Method:ccnet,Method,Method,,,,,,,,,
Method:cdpa,Method:cdpa,Method,Method,,,,,,,,,
Method:ce,Method:ce,Method,Method,,,,,,,,,
Method:ceiling-dso,Method:ceiling-dso,Method,Method,,,,,,,,,
Method:center,Method:center,Method,Method,,,,,,,,,
Method:centergrasp,Method:centergrasp,Method,Method,,,,,,,,,
Method:centerpose,Method:centerpose,Method,Method,,,,,,,,,
Method:centersnap,Method:centersnap,Method,Method,,,,,,,,,
Method:centroid-based,Method:centroid-based,Method,Method,,,,,,,,,
Method:cerebro,Method:cerebro,Method,Method,,,,,,,,,
Method:ceres,Method:ceres,Method,Method,,,,,,,,,
Method:cg-nerf,Method:cg-nerf,Method,Method,,,,,,,,,
Method:cgof++,Method:cgof++,Method,Method,,,,,,,,,
Method:cham,Method:cham,Method,Method,,,,,,,,,
Method:charuconet,Method:charuconet,Method,Method,,,,,,,,,
Method:chat,Method:chat,Method,Method,,,,,,,,,
Method:chatpose,Method:chatpose,Method,Method,,,,,,,,,
Method:chebyshev,Method:chebyshev,Method,Method,,,,,,,,,
Method:cholmod,Method:cholmod,Method,Method,,,,,,,,,
Method:ciper,Method:ciper,Method,Method,,,,,,,,,
Method:cips-3d,Method:cips-3d,Method,Method,,,,,,,,,
Method:cisru,Method:cisru,Method,Method,,,,,,,,,
Method:city-mesh3r,Method:city-mesh3r,Method,Method,,,,,,,,,
Method:clear-nerf,Method:clear-nerf,Method,Method,,,,,,,,,
Method:clerf,Method:clerf,Method,Method,,,,,,,,,
Method:clipgstream,Method:clipgstream,Method,Method,,,,,,,,,
Method:closed,Method:closed,Method,Method,,,,,,,,,
Method:cmls,Method:cmls,Method,Method,,,,,,,,,
Method:cmm,Method:cmm,Method,Method,,,,,,,,,
Method:cnerf,Method:cnerf,Method,Method,,,,,,,,,
Method:cnn,Method:cnn,Method,Method,,,,,,,,,
Method:cnn-based,Method:cnn-based,Method,Method,,,,,,,,,
Method:cnn-based,Method:cnn-based,Method,Method,,,,,,,,,
Method:co-learning,Method:co-learning,Method,Method,,,,,,,,,
Method:co-slam,Method:co-slam,Method,Method,,,,,,,,,
Method:co-visibility-driven,Method:co-visibility-driven,Method,Method,,,,,,,,,
Method:coarse-to-fine,Method:coarse-to-fine,Method,Method,,,,,,,,,
Method:coarse-to-fine,Method:coarse-to-fine,Method,Method,,,,,,,,,
Method:coarse-to-fine,Method:coarse-to-fine,Method,Method,,,,,,,,,
Method:coarse-to-fine,Method:coarse-to-fine,Method,Method,,,,,,,,,
Method:coco-inr,Method:coco-inr,Method,Method,,,,,,,,,
Method:coco-unihuman,Method:coco-unihuman,Method,Method,,,,,,,,,
Method:code-cot,Method:code-cot,Method,Method,,,,,,,,,
Method:codenerf,Method:codenerf,Method,Method,,,,,,,,,
Method:coge,Method:coge,Method,Method,,,,,,,,,
Method:cogs,Method:cogs,Method,Method,,,,,,,,,
Method:collaborative,Method:collaborative,Method,Method,,,,,,,,,
Method:collinearity-enforcing,Method:collinearity-enforcing,Method,Method,,,,,,,,,
Method:collision-aware,Method:collision-aware,Method,Method,,,,,,,,,
Method:collision-loss,Method:collision-loss,Method,Method,,,,,,,,,
Method:colmap,Method:colmap,Method,Method,,,,,,,,,
Method:color,Method:color,Method,Method,,,,,,,,,
Method:com4d,Method:com4d,Method,Method,,,,,,,,,
Method:como3r-slam,Method:como3r-slam,Method,Method,,,,,,,,,
Method:component-aware,Method:component-aware,Method,Method,,,,,,,,,
Method:compose,Method:compose,Method,Method,,,,,,,,,
Method:compositional,Method:compositional,Method,Method,,,,,,,,,
Method:compositional,Method:compositional,Method,Method,,,,,,,,,
Method:compressed,Method:compressed,Method,Method,,,,,,,,,
Method:con-dso,Method:con-dso,Method,Method,,,,,,,,,
Method:conceptfusion,Method:conceptfusion,Method,Method,,,,,,,,,
Method:conceptpose,Method:conceptpose,Method,Method,,,,,,,,,
Method:condimen,Method:condimen,Method,Method,,,,,,,,,
Method:conditional,Method:conditional,Method,Method,,,,,,,,,
Method:conditional,Method:conditional,Method,Method,,,,,,,,,
Method:conditional,Method:conditional,Method,Method,,,,,,,,,
Method:conditional,Method:conditional,Method,Method,,,,,,,,,
Method:conditional,Method:conditional,Method,Method,,,,,,,,,
Method:confidence,Method:confidence,Method,Method,,,,,,,,,
Method:confidence-aware,Method:confidence-aware,Method,Method,,,,,,,,,
Method:confixgs,Method:confixgs,Method,Method,,,,,,,,,
Method:consensus-based,Method:consensus-based,Method,Method,,,,,,,,,
Method:conservative,Method:conservative,Method,Method,,,,,,,,,
Method:consistency,Method:consistency,Method,Method,,,,,,,,,
Method:consistency,Method:consistency,Method,Method,,,,,,,,,
Method:consistency-guided,Method:consistency-guided,Method,Method,,,,,,,,,
Method:constrained,Method:constrained,Method,Method,,,,,,,,,
Method:contact-driven,Method:contact-driven,Method,Method,,,,,,,,,
Method:contactnets,Method:contactnets,Method,Method,,,,,,,,,
Method:context,Method:context,Method,Method,,,,,,,,,
Method:context-aware,Method:context-aware,Method,Method,,,,,,,,,
Method:contextual,Method:contextual,Method,Method,,,,,,,,,
Method:contextual,Method:contextual,Method,Method,,,,,,,,,
Method:continual-neural,Method:continual-neural,Method,Method,,,,,,,,,
Method:continuous-time,Method:continuous-time,Method,Method,,,,,,,,,
Method:contrastive,Method:contrastive,Method,Method,,,,,,,,,
Method:contrastive,Method:contrastive,Method,Method,,,,,,,,,
Method:controllable,Method:controllable,Method,Method,,,,,,,,,
Method:convexity,Method:convexity,Method,Method,,,,,,,,,
Method:convolutional,Method:convolutional,Method,Method,,,,,,,,,
Method:convolutional,Method:convolutional,Method,Method,,,,,,,,,
Method:convolutional,Method:convolutional,Method,Method,,,,,,,,,
Method:convolutional,Method:convolutional,Method,Method,,,,,,,,,
Method:convolutional,Method:convolutional,Method,Method,,,,,,,,,
Method:convposecnn,Method:convposecnn,Method,Method,,,,,,,,,
Method:correlation,Method:correlation,Method,Method,,,,,,,,,
Method:corresnerf,Method:corresnerf,Method,Method,,,,,,,,,
Method:correspondence,Method:correspondence,Method,Method,,,,,,,,,
Method:cos,Method:cos,Method,Method,,,,,,,,,
Method:cosam,Method:cosam,Method,Method,,,,,,,,,
Method:cosmos,Method:cosmos,Method,Method,,,,,,,,,
Method:coupled,Method:coupled,Method,Method,,,,,,,,,
Method:coupled,Method:coupled,Method,Method,,,,,,,,,
Method:coverage-maximizing,Method:coverage-maximizing,Method,Method,,,,,,,,,
Method:covisibility,Method:covisibility,Method,Method,,,,,,,,,
Method:covor-slam,Method:covor-slam,Method,Method,,,,,,,,,
Method:covrag,Method:covrag,Method,Method,,,,,,,,,
Method:cpm,Method:cpm,Method,Method,,,,,,,,,
Method:cpn,Method:cpn,Method,Method,,,,,,,,,
Method:cppf,Method:cppf,Method,Method,,,,,,,,,
Method:cppf++,Method:cppf++,Method,Method,,,,,,,,,
Method:cr-nerf,Method:cr-nerf,Method,Method,,,,,,,,,
Method:craves,Method:craves,Method,Method,,,,,,,,,
Method:crepes-x,Method:crepes-x,Method,Method,,,,,,,,,
Method:crf,Method:crf,Method,Method,,,,,,,,,
Method:crg,Method:crg,Method,Method,,,,,,,,,
Method:crisp,Method:crisp,Method,Method,,,,,,,,,
Method:crn,Method:crn,Method,Method,,,,,,,,,
Method:cross-domain,Method:cross-domain,Method,Method,,,,,,,,,
Method:cross-modal,Method:cross-modal,Method,Method,,,,,,,,,
Method:cross-modal,Method:cross-modal,Method,Method,,,,,,,,,
Method:cross-modal,Method:cross-modal,Method,Method,,,,,,,,,
Method:cross-modal,Method:cross-modal,Method,Method,,,,,,,,,
Method:cross-ray,Method:cross-ray,Method,Method,,,,,,,,,
Method:cross-stage,Method:cross-stage,Method,Method,,,,,,,,,
Method:cross-state,Method:cross-state,Method,Method,,,,,,,,,
Method:cross-supervision,Method:cross-supervision,Method,Method,,,,,,,,,
Method:cross-view,Method:cross-view,Method,Method,,,,,,,,,
Method:cross-view,Method:cross-view,Method,Method,,,,,,,,,
Method:cross-view,Method:cross-view,Method,Method,,,,,,,,,
Method:cross-view,Method:cross-view,Method,Method,,,,,,,,,
Method:cross-view,Method:cross-view,Method,Method,,,,,,,,,
Method:cross-view-aligned,Method:cross-view-aligned,Method,Method,,,,,,,,,
Method:cross3r,Method:cross3r,Method,Method,,,,,,,,,
Method:crossloc,Method:crossloc,Method,Method,,,,,,,,,
Method:ct-icp,Method:ct-icp,Method,Method,,,,,,,,,
Method:ct-voxelmap,Method:ct-voxelmap,Method,Method,,,,,,,,,
Method:ctrl-d,Method:ctrl-d,Method,Method,,,,,,,,,
Method:ctrlnerf,Method:ctrlnerf,Method,Method,,,,,,,,,
Method:cuar,Method:cuar,Method,Method,,,,,,,,,
Method:cubeslam,Method:cubeslam,Method,Method,,,,,,,,,
Method:cuefusion,Method:cuefusion,Method,Method,,,,,,,,,
Method:cullnet,Method:cullnet,Method,Method,,,,,,,,,
Method:cups,Method:cups,Method,Method,,,,,,,,,
Method:curriculum,Method:curriculum,Method,Method,,,,,,,,,
Method:customized,Method:customized,Method,Method,,,,,,,,,
Method:cva-mvsnet,Method:cva-mvsnet,Method,Method,,,,,,,,,
Method:cvarm,Method:cvarm,Method,Method,,,,,,,,,
Method:cvxnet,Method:cvxnet,Method,Method,,,,,,,,,
Method:d2-net,Method:d2-net,Method,Method,,,,,,,,,
Method:da3,Method:da3,Method,Method,,,,,,,,,
Method:dac,Method:dac,Method,Method,,,,,,,,,
Method:dads,Method:dads,Method,Method,,,,,,,,,
Method:dag,Method:dag,Method,Method,,,,,,,,,
Method:dagsfm,Method:dagsfm,Method,Method,,,,,,,,,
Method:dance,Method:dance,Method,Method,,,,,,,,,
Method:dance,Method:dance,Method,Method,,,,,,,,,
Method:danet,Method:danet,Method,Method,,,,,,,,,
Method:danet-72,Method:danet-72,Method,Method,,,,,,,,,
Method:darf,Method:darf,Method,Method,,,,,,,,,
Method:darknet,Method:darknet,Method,Method,,,,,,,,,
Method:dart,Method:dart,Method,Method,,,,,,,,,
Method:data-sufficient,Method:data-sufficient,Method,Method,,,,,,,,,
Method:datap,Method:datap,Method,Method,,,,,,,,,
Method:datap-sfm,Method:datap-sfm,Method,Method,,,,,,,,,
Method:dbn,Method:dbn,Method,Method,,,,,,,,,
Method:dbow2,Method:dbow2,Method,Method,,,,,,,,,
Method:dbow3,Method:dbow3,Method,Method,,,,,,,,,
Method:dddm,Method:dddm,Method,Method,,,,,,,,,
Method:deblur-nerf,Method:deblur-nerf,Method,Method,,,,,,,,,
Method:deblurnvs,Method:deblurnvs,Method,Method,,,,,,,,,
Method:deblurring,Method:deblurring,Method,Method,,,,,,,,,
Method:deciwatch,Method:deciwatch,Method,Method,,,,,,,,,
Method:decoder-side,Method:decoder-side,Method,Method,,,,,,,,,
Method:decompose,Method:decompose,Method,Method,,,,,,,,,
Method:decomposed,Method:decomposed,Method,Method,,,,,,,,,
Method:decorec,Method:decorec,Method,Method,,,,,,,,,
Method:decoupled,Method:decoupled,Method,Method,,,,,,,,,
Method:decoupled,Method:decoupled,Method,Method,,,,,,,,,
Method:decoupled,Method:decoupled,Method,Method,,,,,,,,,
Method:decoupled,Method:decoupled,Method,Method,,,,,,,,,
Method:decoupled,Method:decoupled,Method,Method,,,,,,,,,
Method:dedode,Method:dedode,Method,Method,,,,,,,,,
Method:deep,Method:deep,Method,Method,,,,,,,,,
Method:deep,Method:deep,Method,Method,,,,,,,,,
Method:deep,Method:deep,Method,Method,,,,,,,,,
Method:deep,Method:deep,Method,Method,,,,,,,,,
Method:deep,Method:deep,Method,Method,,,,,,,,,
Method:deep,Method:deep,Method,Method,,,,,,,,,
Method:deep,Method:deep,Method,Method,,,,,,,,,
Method:deep,Method:deep,Method,Method,,,,,,,,,
Method:deep,Method:deep,Method,Method,,,,,,,,,
Method:deep,Method:deep,Method,Method,,,,,,,,,
Method:deep,Method:deep,Method,Method,,,,,,,,,
Method:deep,Method:deep,Method,Method,,,,,,,,,
Method:deep,Method:deep,Method,Method,,,,,,,,,
Method:deep,Method:deep,Method,Method,,,,,,,,,
Method:deep,Method:deep,Method,Method,,,,,,,,,
Method:deep,Method:deep,Method,Method,,,,,,,,,
Method:deep,Method:deep,Method,Method,,,,,,,,,
Method:deep,Method:deep,Method,Method,,,,,,,,,
Method:deep,Method:deep,Method,Method,,,,,,,,,
Method:deep-image-matching,Method:deep-image-matching,Method,Method,,,,,,,,,
Method:deep3d_reconstruction,Method:deep3d_reconstruction,Method,Method,,,,,,,,,
Method:deeparuco++,Method:deeparuco++,Method,Method,,,,,,,,,
Method:deepcap,Method:deepcap,Method,Method,,,,,,,,,
Method:deepercut,Method:deepercut,Method,Method,,,,,,,,,
Method:deepfly3d,Method:deepfly3d,Method,Method,,,,,,,,,
Method:deepfuse,Method:deepfuse,Method,Method,,,,,,,,,
Method:deephar,Method:deephar,Method,Method,,,,,,,,,
Method:deephuman,Method:deephuman,Method,Method,,,,,,,,,
Method:deeplabcut,Method:deeplabcut,Method,Method,,,,,,,,,
Method:deepmorph,Method:deepmorph,Method,Method,,,,,,,,,
Method:deepmulticap,Method:deepmulticap,Method,Method,,,,,,,,,
Method:deepposekit,Method:deepposekit,Method,Method,,,,,,,,,
Method:deepsdf,Method:deepsdf,Method,Method,,,,,,,,,
Method:deepsft,Method:deepsft,Method,Method,,,,,,,,,
Method:deepsort,Method:deepsort,Method,Method,,,,,,,,,
Method:deepsportlab,Method:deepsportlab,Method,Method,,,,,,,,,
Method:deepvideomvs,Method:deepvideomvs,Method,Method,,,,,,,,,
Method:deepvoxels,Method:deepvoxels,Method,Method,,,,,,,,,
Method:deformable,Method:deformable,Method,Method,,,,,,,,,
Method:deformable,Method:deformable,Method,Method,,,,,,,,,
Method:deformable,Method:deformable,Method,Method,,,,,,,,,
Method:deformable,Method:deformable,Method,Method,,,,,,,,,
Method:deformable,Method:deformable,Method,Method,,,,,,,,,
Method:deformable-nerf,Method:deformable-nerf,Method,Method,,,,,,,,,
Method:deformation-force,Method:deformation-force,Method,Method,,,,,,,,,
Method:deformation-splines,Method:deformation-splines,Method,Method,,,,,,,,,
Method:deforming,Method:deforming,Method,Method,,,,,,,,,
Method:degauss,Method:degauss,Method,Method,,,,,,,,,
Method:degraded,Method:degraded,Method,Method,,,,,,,,,
Method:dehazing,Method:dehazing,Method,Method,,,,,,,,,
Method:dei,Method:dei,Method,Method,,,,,,,,,
Method:delowlightsplat,Method:delowlightsplat,Method,Method,,,,,,,,,
Method:demo-pose,Method:demo-pose,Method,Method,,,,,,,,,
Method:denoisegs,Method:denoisegs,Method,Method,,,,,,,,,
Method:denoisesplat,Method:denoisesplat,Method,Method,,,,,,,,,
Method:dense,Method:dense,Method,Method,,,,,,,,,
Method:dense,Method:dense,Method,Method,,,,,,,,,
Method:dense,Method:dense,Method,Method,,,,,,,,,
Method:dense,Method:dense,Method,Method,,,,,,,,,
Method:densepose,Method:densepose,Method,Method,,,,,,,,,
Method:densereg,Method:densereg,Method,Method,,,,,,,,,
Method:densewarper,Method:densewarper,Method,Method,,,,,,,,,
Method:dep,Method:dep,Method,Method,,,,,,,,,
Method:dept3r,Method:dept3r,Method,Method,,,,,,,,,
Method:depth,Method:depth,Method,Method,,,,,,,,,
Method:depth,Method:depth,Method,Method,,,,,,,,,
Method:depth-,Method:depth-,Method,Method,,,,,,,,,
Method:depth-anything,Method:depth-anything,Method,Method,,,,,,,,,
Method:depth-aware,Method:depth-aware,Method,Method,,,,,,,,,
Method:depth-aware,Method:depth-aware,Method,Method,,,,,,,,,
Method:depth-aware,Method:depth-aware,Method,Method,,,,,,,,,
Method:depth-based,Method:depth-based,Method,Method,,,,,,,,,
Method:depth-guided,Method:depth-guided,Method,Method,,,,,,,,,
Method:depth-guided,Method:depth-guided,Method,Method,,,,,,,,,
Method:depth-guided,Method:depth-guided,Method,Method,,,,,,,,,
Method:depth-image,Method:depth-image,Method,Method,,,,,,,,,
Method:depth-localized,Method:depth-localized,Method,Method,,,,,,,,,
Method:depth-supervised,Method:depth-supervised,Method,Method,,,,,,,,,
Method:depth-synchronized,Method:depth-synchronized,Method,Method,,,,,,,,,
Method:depth-to-normal,Method:depth-to-normal,Method,Method,,,,,,,,,
Method:depth-transformer,Method:depth-transformer,Method,Method,,,,,,,,,
Method:depth2pose,Method:depth2pose,Method,Method,,,,,,,,,
Method:derf,Method:derf,Method,Method,,,,,,,,,
Method:descriptor,Method:descriptor,Method,Method,,,,,,,,,
Method:descriptor-free,Method:descriptor-free,Method,Method,,,,,,,,,
Method:detail,Method:detail,Method,Method,,,,,,,,,
Method:determinant,Method:determinant,Method,Method,,,,,,,,,
Method:detrex,Method:detrex,Method,Method,,,,,,,,,
Method:dev,Method:dev,Method,Method,,,,,,,,,
Method:dev-pose,Method:dev-pose,Method,Method,,,,,,,,,
Method:dexavatar,Method:dexavatar,Method,Method,,,,,,,,,
Method:dexsim,Method:dexsim,Method,Method,,,,,,,,,
Method:dextreme,Method:dextreme,Method,Method,,,,,,,,,
Method:df-mamba,Method:df-mamba,Method,Method,,,,,,,,,
Method:dfnet,Method:dfnet,Method,Method,,,,,,,,,
Method:dgc-net,Method:dgc-net,Method,Method,,,,,,,,,
Method:dggan,Method:dggan,Method,Method,,,,,,,,,
Method:dgmc,Method:dgmc,Method,Method,,,,,,,,,
Method:dgns,Method:dgns,Method,Method,,,,,,,,,
Method:dgr,Method:dgr,Method,Method,,,,,,,,,
Method:dgsg-mind,Method:dgsg-mind,Method,Method,,,,,,,,,
Method:di-fusion,Method:di-fusion,Method,Method,,,,,,,,,
Method:diachronic,Method:diachronic,Method,Method,,,,,,,,,
Method:dictionary,Method:dictionary,Method,Method,,,,,,,,,
Method:dif-net,Method:dif-net,Method,Method,,,,,,,,,
Method:diff9d,Method:diff9d,Method,Method,,,,,,,,,
Method:diff_gauss,Method:diff_gauss,Method,Method,,,,,,,,,
Method:diffcp,Method:diffcp,Method,Method,,,,,,,,,
Method:differentiable,Method:differentiable,Method,Method,,,,,,,,,
Method:differentiable,Method:differentiable,Method,Method,,,,,,,,,
Method:differentiable,Method:differentiable,Method,Method,,,,,,,,,
Method:differentiable,Method:differentiable,Method,Method,,,,,,,,,
Method:differentiable,Method:differentiable,Method,Method,,,,,,,,,
Method:differentiable,Method:differentiable,Method,Method,,,,,,,,,
Method:differentiable,Method:differentiable,Method,Method,,,,,,,,,
Method:differentiable,Method:differentiable,Method,Method,,,,,,,,,
Method:differentiable,Method:differentiable,Method,Method,,,,,,,,,
Method:differentiable,Method:differentiable,Method,Method,,,,,,,,,
Method:differentiable,Method:differentiable,Method,Method,,,,,,,,,
Method:differentiable,Method:differentiable,Method,Method,,,,,,,,,
Method:differential,Method:differential,Method,Method,,,,,,,,,
Method:differential,Method:differential,Method,Method,,,,,,,,,
Method:diffpose,Method:diffpose,Method,Method,,,,,,,,,
Method:diffreps,Method:diffreps,Method,Method,,,,,,,,,
Method:diffupose,Method:diffupose,Method,Method,,,,,,,,,
Method:diffusion-based,Method:diffusion-based,Method,Method,,,,,,,,,
Method:diffusion-model,Method:diffusion-model,Method,Method,,,,,,,,,
Method:diffusionerf,Method:diffusionerf,Method,Method,,,,,,,,,
Method:diffusionharmonizer,Method:diffusionharmonizer,Method,Method,,,,,,,,,
Method:diffustereo,Method:diffustereo,Method,Method,,,,,,,,,
Method:difix,Method:difix,Method,Method,,,,,,,,,
Method:difix3d,Method:difix3d,Method,Method,,,,,,,,,
Method:difix3d+,Method:difix3d+,Method,Method,,,,,,,,,
Method:digihuman,Method:digihuman,Method,Method,,,,,,,,,
Method:dijkstra,Method:dijkstra,Method,Method,,,,,,,,,
Method:dim,Method:dim,Method,Method,,,,,,,,,
Method:dimension,Method:dimension,Method,Method,,,,,,,,,
Method:dimofs,Method:dimofs,Method,Method,,,,,,,,,
Method:diner,Method:diner,Method,Method,,,,,,,,,
Method:dinov2-bridge,Method:dinov2-bridge,Method,Method,,,,,,,,,
Method:diorama,Method:diorama,Method,Method,,,,,,,,,
Method:dips,Method:dips,Method,Method,,,,,,,,,
Method:direct,Method:direct,Method,Method,,,,,,,,,
Method:direct,Method:direct,Method,Method,,,,,,,,,
Method:directanimator,Method:directanimator,Method,Method,,,,,,,,,
Method:direction,Method:direction,Method,Method,,,,,,,,,
Method:directional,Method:directional,Method,Method,,,,,,,,,
Method:directional,Method:directional,Method,Method,,,,,,,,,
Method:directvoxgo,Method:directvoxgo,Method,Method,,,,,,,,,
Method:discontinuity,Method:discontinuity,Method,Method,,,,,,,,,
Method:discrete,Method:discrete,Method,Method,,,,,,,,,
Method:discretized,Method:discretized,Method,Method,,,,,,,,,
Method:discriminative,Method:discriminative,Method,Method,,,,,,,,,
Method:disentangled360,Method:disentangled360,Method,Method,,,,,,,,,
Method:disflow,Method:disflow,Method,Method,,,,,,,,,
Method:disk,Method:disk,Method,Method,,,,,,,,,
Method:diskchungs,Method:diskchungs,Method,Method,,,,,,,,,
Method:disparity,Method:disparity,Method,Method,,,,,,,,,
Method:disparity-based,Method:disparity-based,Method,Method,,,,,,,,,
Method:dispersed,Method:dispersed,Method,Method,,,,,,,,,
Method:dispose,Method:dispose,Method,Method,,,,,,,,,
Method:dist,Method:dist,Method,Method,,,,,,,,,
Method:distillation,Method:distillation,Method,Method,,,,,,,,,
Method:distributed,Method:distributed,Method,Method,,,,,,,,,
Method:dite-hrnet,Method:dite-hrnet,Method,Method,,,,,,,,,
Method:divas,Method:divas,Method,Method,,,,,,,,,
Method:dkd,Method:dkd,Method,Method,,,,,,,,,
Method:dl-slot,Method:dl-slot,Method,Method,,,,,,,,,
Method:dlcrnet,Method:dlcrnet,Method,Method,,,,,,,,,
Method:dlib,Method:dlib,Method,Method,,,,,,,,,
Method:dlio,Method:dlio,Method,Method,,,,,,,,,
Method:dlo,Method:dlo,Method,Method,,,,,,,,,
Method:dm-calib,Method:dm-calib,Method,Method,,,,,,,,,
Method:dmesa,Method:dmesa,Method,Method,,,,,,,,,
Method:dmrf,Method:dmrf,Method,Method,,,,,,,,,
Method:do-it-yourself,Method:do-it-yourself,Method,Method,,,,,,,,,
Method:domain,Method:domain,Method,Method,,,,,,,,,
Method:domain,Method:domain,Method,Method,,,,,,,,,
Method:domain,Method:domain,Method,Method,,,,,,,,,
Method:domain,Method:domain,Method,Method,,,,,,,,,
Method:domain-specific,Method:domain-specific,Method,Method,,,,,,,,,
Method:door-slam,Method:door-slam,Method,Method,,,,,,,,,
Method:dope,Method:dope,Method,Method,,,,,,,,,
Method:dope,Method:dope,Method,Method,,,,,,,,,
Method:doubletake,Method:doubletake,Method,Method,,,,,,,,,
Method:dp-ges,Method:dp-ges,Method,Method,,,,,,,,,
Method:dp-sfm,Method:dp-sfm,Method,Method,,,,,,,,,
Method:dpm,Method:dpm,Method,Method,,,,,,,,,
Method:dprost,Method:dprost,Method,Method,,,,,,,,,
Method:dpt,Method:dpt,Method,Method,,,,,,,,,
Method:dr-ba,Method:dr-ba,Method,Method,,,,,,,,,
Method:dr-kfs,Method:dr-kfs,Method,Method,,,,,,,,,
Method:dre-slam,Method:dre-slam,Method,Method,,,,,,,,,
Method:dream,Method:dream,Method,Method,,,,,,,,,
Method:dream2act,Method:dream2act,Method,Method,,,,,,,,,
Method:dream3d,Method:dream3d,Method,Method,,,,,,,,,
Method:dreamark,Method:dreamark,Method,Method,,,,,,,,,
Method:dreamcar,Method:dreamcar,Method,Method,,,,,,,,,
Method:dreamcraft3d,Method:dreamcraft3d,Method,Method,,,,,,,,,
Method:dreamcrafter,Method:dreamcrafter,Method,Method,,,,,,,,,
Method:dreamfusion,Method:dreamfusion,Method,Method,,,,,,,,,
Method:dreamfusionacc,Method:dreamfusionacc,Method,Method,,,,,,,,,
Method:dreamo,Method:dreamo,Method,Method,,,,,,,,,
Method:dreamtonav,Method:dreamtonav,Method,Method,,,,,,,,,
Method:driv3r,Method:driv3r,Method,Method,,,,,,,,,
Method:driverestorer,Method:driverestorer,Method,Method,,,,,,,,,
Method:drivinggaussian,Method:drivinggaussian,Method,Method,,,,,,,,,
Method:drlavt,Method:drlavt,Method,Method,,,,,,,,,
Method:droneulator,Method:droneulator,Method,Method,,,,,,,,,
Method:drop-and-refresh,Method:drop-and-refresh,Method,Method,,,,,,,,,
Method:ds-nerf,Method:ds-nerf,Method,Method,,,,,,,,,
Method:ds-stylegaussian,Method:ds-stylegaussian,Method,Method,,,,,,,,,
Method:dsd-gs,Method:dsd-gs,Method,Method,,,,,,,,,
Method:dsgs,Method:dsgs,Method,Method,,,,,,,,,
Method:dsk,Method:dsk,Method,Method,,,,,,,,,
Method:dsl,Method:dsl,Method,Method,,,,,,,,,
Method:dso,Method:dso,Method,Method,,,,,,,,,
Method:dsp-slam,Method:dsp-slam,Method,Method,,,,,,,,,
Method:du-vio,Method:du-vio,Method,Method,,,,,,,,,
Method:dual,Method:dual,Method,Method,,,,,,,,,
Method:dual,Method:dual,Method,Method,,,,,,,,,
Method:dual,Method:dual,Method,Method,,,,,,,,,
Method:dual,Method:dual,Method,Method,,,,,,,,,
Method:dual,Method:dual,Method,Method,,,,,,,,,
Method:dual-branch,Method:dual-branch,Method,Method,,,,,,,,,
Method:dual-domain,Method:dual-domain,Method,Method,,,,,,,,,
Method:dual-encoder,Method:dual-encoder,Method,Method,,,,,,,,,
Method:dual-level,Method:dual-level,Method,Method,,,,,,,,,
Method:dual-pixel,Method:dual-pixel,Method,Method,,,,,,,,,
Method:dual-scale,Method:dual-scale,Method,Method,,,,,,,,,
Method:dual-stage,Method:dual-stage,Method,Method,,,,,,,,,
Method:dual-stream,Method:dual-stream,Method,Method,,,,,,,,,
Method:dual-stream,Method:dual-stream,Method,Method,,,,,,,,,
Method:dual-supervised,Method:dual-supervised,Method,Method,,,,,,,,,
Method:dual-thread,Method:dual-thread,Method,Method,,,,,,,,,
Method:dualpm,Method:dualpm,Method,Method,,,,,,,,,
Method:dualrefine,Method:dualrefine,Method,Method,,,,,,,,,
Method:dualsplat,Method:dualsplat,Method,Method,,,,,,,,,
Method:dust3r,Method:dust3r,Method,Method,,,,,,,,,
Method:dvgformer,Method:dvgformer,Method,Method,,,,,,,,,
Method:dvgo,Method:dvgo,Method,Method,,,,,,,,,
Method:dwpose,Method:dwpose,Method,Method,,,,,,,,,
Method:dynaip,Method:dynaip,Method,Method,,,,,,,,,
Method:dynamic,Method:dynamic,Method,Method,,,,,,,,,
Method:dynamic,Method:dynamic,Method,Method,,,,,,,,,
Method:dynamic,Method:dynamic,Method,Method,,,,,,,,,
Method:dynamic,Method:dynamic,Method,Method,,,,,,,,,
Method:dynamic,Method:dynamic,Method,Method,,,,,,,,,
Method:dynamic,Method:dynamic,Method,Method,,,,,,,,,
Method:dynamic,Method:dynamic,Method,Method,,,,,,,,,
Method:dynamic,Method:dynamic,Method,Method,,,,,,,,,
Method:dynamic,Method:dynamic,Method,Method,,,,,,,,,
Method:dynamic,Method:dynamic,Method,Method,,,,,,,,,
Method:dynamic,Method:dynamic,Method,Method,,,,,,,,,
Method:dynamic,Method:dynamic,Method,Method,,,,,,,,,
Method:dynamic,Method:dynamic,Method,Method,,,,,,,,,
Method:dynamic,Method:dynamic,Method,Method,,,,,,,,,
Method:dynamic,Method:dynamic,Method,Method,,,,,,,,,
Method:dynamic,Method:dynamic,Method,Method,,,,,,,,,
Method:dynamic-mask-guided,Method:dynamic-mask-guided,Method,Method,,,,,,,,,
Method:dynamic-orb-slam2,Method:dynamic-orb-slam2,Method,Method,,,,,,,,,
Method:dynamically,Method:dynamically,Method,Method,,,,,,,,,
Method:dynamics-based,Method:dynamics-based,Method,Method,,,,,,,,,
Method:dynamicsurf,Method:dynamicsurf,Method,Method,,,,,,,,,
Method:dynamicverse,Method:dynamicverse,Method,Method,,,,,,,,,
Method:dynaslam,Method:dynaslam,Method,Method,,,,,,,,,
Method:dynslam,Method:dynslam,Method,Method,,,,,,,,,
Method:dysurface,Method:dysurface,Method,Method,,,,,,,,,
Method:e(3)-pose,Method:e(3)-pose,Method,Method,,,,,,,,,
Method:e-3dpsm,Method:e-3dpsm,Method,Method,,,,,,,,,
Method:e-rayzer,Method:e-rayzer,Method,Method,,,,,,,,,
Method:e2egs,Method:e2egs,Method,Method,,,,,,,,,
Method:e3d,Method:e3d,Method,Method,,,,,,,,,
Method:e3vs-bench,Method:e3vs-bench,Method,Method,,,,,,,,,
Method:eag-pt,Method:eag-pt,Method,Method,,,,,,,,,
Method:eagles,Method:eagles,Method,Method,,,,,,,,,
Method:eao-slam,Method:eao-slam,Method,Method,,,,,,,,,
Method:easy_vitpose,Method:easy_vitpose,Method,Method,,,,,,,,,
Method:easyvis2,Method:easyvis2,Method,Method,,,,,,,,,
Method:easyvolcap,Method:easyvolcap,Method,Method,,,,,,,,,
Method:edge,Method:edge,Method,Method,,,,,,,,,
Method:edge-aware,Method:edge-aware,Method,Method,,,,,,,,,
Method:editablenerf,Method:editablenerf,Method,Method,,,,,,,,,
Method:edm,Method:edm,Method,Method,,,,,,,,,
Method:ednet,Method:ednet,Method,Method,,,,,,,,,
Method:eer,Method:eer,Method,Method,,,,,,,,,
Method:eff_distloss,Method:eff_distloss,Method,Method,,,,,,,,,
Method:eff_distloss_native,Method:eff_distloss_native,Method,Method,,,,,,,,,
Method:efficientlo-net,Method:efficientlo-net,Method,Method,,,,,,,,,
Method:efficientnets,Method:efficientnets,Method,Method,,,,,,,,,
Method:efficientpose,Method:efficientpose,Method,Method,,,,,,,,,
Method:egg-fusion,Method:egg-fusion,Method,Method,,,,,,,,,
Method:egocast,Method:egocast,Method,Method,,,,,,,,,
Method:egoego,Method:egoego,Method,Method,,,,,,,,,
Method:egoev-handpose,Method:egoev-handpose,Method,Method,,,,,,,,,
Method:egonet,Method:egonet,Method,Method,,,,,,,,,
Method:egopose,Method:egopose,Method,Method,,,,,,,,,
Method:egowholebody,Method:egowholebody,Method,Method,,,,,,,,,
Method:egp3d,Method:egp3d,Method,Method,,,,,,,,,
Method:ei-nexus,Method:ei-nexus,Method,Method,,,,,,,,,
Method:eigen,Method:eigen,Method,Method,,,,,,,,,
Method:eimp,Method:eimp,Method,Method,,,,,,,,,
Method:ekf,Method:ekf,Method,Method,,,,,,,,,
Method:ekf-slam,Method:ekf-slam,Method,Method,,,,,,,,,
Method:ekf_robot_localization,Method:ekf_robot_localization,Method,Method,,,,,,,,,
Method:elastic,Method:elastic,Method,Method,,,,,,,,,
Method:elastic,Method:elastic,Method,Method,,,,,,,,,
Method:elastic,Method:elastic,Method,Method,,,,,,,,,
Method:elastic,Method:elastic,Method,Method,,,,,,,,,
Method:elasticfusion,Method:elasticfusion,Method,Method,,,,,,,,,
Method:elog-gs,Method:elog-gs,Method,Method,,,,,,,,,
Method:em-fusion,Method:em-fusion,Method,Method,,,,,,,,,
Method:emap,Method:emap,Method,Method,,,,,,,,,
Method:embedding,Method:embedding,Method,Method,,,,,,,,,
Method:embedding-to-label,Method:embedding-to-label,Method,Method,,,,,,,,,
Method:embodied,Method:embodied,Method,Method,,,,,,,,,
Method:embodiedpose,Method:embodiedpose,Method,Method,,,,,,,,,
Method:emdul,Method:emdul,Method,Method,,,,,,,,,
Method:emernerf,Method:emernerf,Method,Method,,,,,,,,,
Method:emg2pose,Method:emg2pose,Method,Method,,,,,,,,,
Method:emoca,Method:emoca,Method,Method,,,,,,,,,
Method:emoca,Method:emoca,Method,Method,,,,,,,,,
Method:emoca,Method:emoca,Method,Method,,,,,,,,,
Method:emotag,Method:emotag,Method,Method,,,,,,,,,
Method:enavi,Method:enavi,Method,Method,,,,,,,,,
Method:endogsim,Method:endogsim,Method,Method,,,,,,,,,
Method:endonerf,Method:endonerf,Method,Method,,,,,,,,,
Method:enerf,Method:enerf,Method,Method,,,,,,,,,
Method:energy-based,Method:energy-based,Method,Method,,,,,,,,,
Method:enhanced,Method:enhanced,Method,Method,,,,,,,,,
Method:eogs++,Method:eogs++,Method,Method,,,,,,,,,
Method:epidiffvo,Method:epidiffvo,Method,Method,,,,,,,,,
Method:epipolar,Method:epipolar,Method,Method,,,,,,,,,
Method:epipolar,Method:epipolar,Method,Method,,,,,,,,,
Method:epipolar,Method:epipolar,Method,Method,,,,,,,,,
Method:epipolar-constrained,Method:epipolar-constrained,Method,Method,,,,,,,,,
Method:epipolarpose,Method:epipolarpose,Method,Method,,,,,,,,,
Method:epos,Method:epos,Method,Method,,,,,,,,,
Method:eposit,Method:eposit,Method,Method,,,,,,,,,
Method:epro-pnp,Method:epro-pnp,Method,Method,,,,,,,,,
Method:epro-pnp,Method:epro-pnp,Method,Method,,,,,,,,,
Method:epro-pnp-det,Method:epro-pnp-det,Method,Method,,,,,,,,,
Method:equi-pose,Method:equi-pose,Method,Method,,,,,,,,,
Method:equivariant,Method:equivariant,Method,Method,,,,,,,,,
Method:equivariant,Method:equivariant,Method,Method,,,,,,,,,
Method:equivariant,Method:equivariant,Method,Method,,,,,,,,,
Method:ernerf,Method:ernerf,Method,Method,,,,,,,,,
Method:error-driven,Method:error-driven,Method,Method,,,,,,,,,
Method:escape,Method:escape,Method,Method,,,,,,,,,
Method:esl,Method:esl,Method,Method,,,,,,,,,
Method:eslam,Method:eslam,Method,Method,,,,,,,,,
Method:essential,Method:essential,Method,Method,,,,,,,,,
Method:euclidean,Method:euclidean,Method,Method,,,,,,,,,
Method:euclidean,Method:euclidean,Method,Method,,,,,,,,,
Method:eulerian,Method:eulerian,Method,Method,,,,,,,,,
Method:event-based,Method:event-based,Method,Method,,,,,,,,,
Method:event-based,Method:event-based,Method,Method,,,,,,,,,
Method:event-to-edge,Method:event-to-edge,Method,Method,,,,,,,,,
Method:event-to-silhouette,Method:event-to-silhouette,Method,Method,,,,,,,,,
Method:eventgan,Method:eventgan,Method,Method,,,,,,,,,
Method:eventhands,Method:eventhands,Method,Method,,,,,,,,,
Method:eventposevelocity,Method:eventposevelocity,Method,Method,,,,,,,,,
Method:evflow-gs,Method:evflow-gs,Method,Method,,,,,,,,,
Method:evidential,Method:evidential,Method,Method,,,,,,,,,
Method:evo,Method:evo,Method,Method,,,,,,,,,
Method:evolsplat4d,Method:evolsplat4d,Method,Method,,,,,,,,,
Method:evomemnav,Method:evomemnav,Method,Method,,,,,,,,,
Method:evopose2d,Method:evopose2d,Method,Method,,,,,,,,,
Method:evoskeleton,Method:evoskeleton,Method,Method,,,,,,,,,
Method:evplug,Method:evplug,Method,Method,,,,,,,,,
Method:exhistcnn,Method:exhistcnn,Method,Method,,,,,,,,,
Method:expanded,Method:expanded,Method,Method,,,,,,,,,
Method:expandynerf,Method:expandynerf,Method,Method,,,,,,,,,
Method:expectation-maximization,Method:expectation-maximization,Method,Method,,,,,,,,,
Method:extreme,Method:extreme,Method,Method,,,,,,,,,
Method:f2r-backbone,Method:f2r-backbone,Method,Method,,,,,,,,,
Method:fa-qem,Method:fa-qem,Method,Method,,,,,,,,,
Method:face,Method:face,Method,Method,,,,,,,,,
Method:facelit,Method:facelit,Method,Method,,,,,,,,,
Method:facemap,Method:facemap,Method,Method,,,,,,,,,
Method:faceverse,Method:faceverse,Method,Method,,,,,,,,,
Method:fact-hash,Method:fact-hash,Method,Method,,,,,,,,,
Method:factor,Method:factor,Method,Method,,,,,,,,,
Method:factor,Method:factor,Method,Method,,,,,,,,,
Method:factor,Method:factor,Method,Method,,,,,,,,,
Method:factor,Method:factor,Method,Method,,,,,,,,,
Method:factor,Method:factor,Method,Method,,,,,,,,,
Method:factorized,Method:factorized,Method,Method,,,,,,,,,
Method:fake3dgs,Method:fake3dgs,Method,Method,,,,,,,,,
Method:falconapp,Method:falconapp,Method,Method,,,,,,,,,
Method:fast,Method:fast,Method,Method,,,,,,,,,
Method:fast,Method:fast,Method,Method,,,,,,,,,
Method:fast,Method:fast,Method,Method,,,,,,,,,
Method:fast,Method:fast,Method,Method,,,,,,,,,
Method:fast,Method:fast,Method,Method,,,,,,,,,
Method:fast,Method:fast,Method,Method,,,,,,,,,
Method:fast,Method:fast,Method,Method,,,,,,,,,
Method:fast,Method:fast,Method,Method,,,,,,,,,
Method:fast,Method:fast,Method,Method,,,,,,,,,
Method:fast-lio-multi,Method:fast-lio-multi,Method,Method,,,,,,,,,
Method:fast-lio2,Method:fast-lio2,Method,Method,,,,,,,,,
Method:fast-livo,Method:fast-livo,Method,Method,,,,,,,,,
Method:fast-livo2,Method:fast-livo2,Method,Method,,,,,,,,,
Method:fast-lo,Method:fast-lo,Method,Method,,,,,,,,,
Method:fast-segsim,Method:fast-segsim,Method,Method,,,,,,,,,
Method:fast-snarf,Method:fast-snarf,Method,Method,,,,,,,,,
Method:fast_gicp,Method:fast_gicp,Method,Method,,,,,,,,,
Method:fast_lio_color_mapping,Method:fast_lio_color_mapping,Method,Method,,,,,,,,,
Method:fast_lio_sam,Method:fast_lio_sam,Method,Method,,,,,,,,,
Method:fast_vgicp,Method:fast_vgicp,Method,Method,,,,,,,,,
Method:faster-lio,Method:faster-lio,Method,Method,,,,,,,,,
Method:fastgs,Method:fastgs,Method,Method,,,,,,,,,
Method:fastmap,Method:fastmap,Method,Method,,,,,,,,,
Method:fastpose-vit,Method:fastpose-vit,Method,Method,,,,,,,,,
Method:fault,Method:fault,Method,Method,,,,,,,,,
Method:fd,Method:fd,Method,Method,,,,,,,,,
Method:feat2map,Method:feat2map,Method,Method,,,,,,,,,
Method:feature,Method:feature,Method,Method,,,,,,,,,
Method:feature,Method:feature,Method,Method,,,,,,,,,
Method:feature,Method:feature,Method,Method,,,,,,,,,
Method:feature,Method:feature,Method,Method,,,,,,,,,
Method:feature,Method:feature,Method,Method,,,,,,,,,
Method:feature,Method:feature,Method,Method,,,,,,,,,
Method:feature-aware,Method:feature-aware,Method,Method,,,,,,,,,
Method:feature-based,Method:feature-based,Method,Method,,,,,,,,,
Method:feature-fusion-resunet,Method:feature-fusion-resunet,Method,Method,,,,,,,,,
Method:feature-guided,Method:feature-guided,Method,Method,,,,,,,,,
Method:feature-steering,Method:feature-steering,Method,Method,,,,,,,,,
Method:feed-forward,Method:feed-forward,Method,Method,,,,,,,,,
Method:feed-forward,Method:feed-forward,Method,Method,,,,,,,,,
Method:feed-forward,Method:feed-forward,Method,Method,,,,,,,,,
Method:feed-forward,Method:feed-forward,Method,Method,,,,,,,,,
Method:feedforward,Method:feedforward,Method,Method,,,,,,,,,
Method:fenerf,Method:fenerf,Method,Method,,,,,,,,,
Method:fesd,Method:fesd,Method,Method,,,,,,,,,
Method:fetusmap,Method:fetusmap,Method,Method,,,,,,,,,
Method:few,Method:few,Method,Method,,,,,,,,,
Method:fgmp-gcn,Method:fgmp-gcn,Method,Method,,,,,,,,,
Method:fgq,Method:fgq,Method,Method,,,,,,,,,
Method:fidip,Method:fidip,Method,Method,,,,,,,,,
Method:fires,Method:fires,Method,Method,,,,,,,,,
Method:fisheye-orb-slam,Method:fisheye-orb-slam,Method,Method,,,,,,,,,
Method:fisheyevit,Method:fisheyevit,Method,Method,,,,,,,,,
Method:fit2form,Method:fit2form,Method,Method,,,,,,,,,
Method:fitness,Method:fitness,Method,Method,,,,,,,,,
Method:fixed-lag,Method:fixed-lag,Method,Method,,,,,,,,,
Method:fixed-lens,Method:fixed-lens,Method,Method,,,,,,,,,
Method:flashcap,Method:flashcap,Method,Method,,,,,,,,,
Method:flashsign,Method:flashsign,Method,Method,,,,,,,,,
Method:flashslam,Method:flashslam,Method,Method,,,,,,,,,
Method:flatten_eff_distloss,Method:flatten_eff_distloss,Method,Method,,,,,,,,,
Method:fled-gs,Method:fled-gs,Method,Method,,,,,,,,,
Method:flexion,Method:flexion,Method,Method,,,,,,,,,
Method:floam,Method:floam,Method,Method,,,,,,,,,
Method:floam_noted,Method:floam_noted,Method,Method,,,,,,,,,
Method:floorplan-aware,Method:floorplan-aware,Method,Method,,,,,,,,,
Method:flow,Method:flow,Method,Method,,,,,,,,,
Method:flow-to-flow,Method:flow-to-flow,Method,Method,,,,,,,,,
Method:flow4dgs-slam,Method:flow4dgs-slam,Method,Method,,,,,,,,,
Method:fluidgaussian,Method:fluidgaussian,Method,Method,,,,,,,,,
Method:flusplat,Method:flusplat,Method,Method,,,,,,,,,
Method:fmpose3d,Method:fmpose3d,Method,Method,,,,,,,,,
Method:focal,Method:focal,Method,Method,,,,,,,,,
Method:focalpose,Method:focalpose,Method,Method,,,,,,,,,
Method:fof,Method:fof,Method,Method,,,,,,,,,
Method:foresplat,Method:foresplat,Method,Method,,,,,,,,,
Method:forge,Method:forge,Method,Method,,,,,,,,,
Method:form2fit,Method:form2fit,Method,Method,,,,,,,,,
Method:forplane,Method:forplane,Method,Method,,,,,,,,,
Method:forward,Method:forward,Method,Method,,,,,,,,,
Method:foundationpose,Method:foundationpose,Method,Method,,,,,,,,,
Method:fourier,Method:fourier,Method,Method,,,,,,,,,
Method:fpd,Method:fpd,Method,Method,,,,,,,,,
Method:fractional,Method:fractional,Method,Method,,,,,,,,,
Method:free,Method:free,Method,Method,,,,,,,,,
Method:freefix,Method:freefix,Method,Method,,,,,,,,,
Method:freescale,Method:freescale,Method,Method,,,,,,,,,
Method:freesplatter,Method:freesplatter,Method,Method,,,,,,,,,
Method:freetures,Method:freetures,Method,Method,,,,,,,,,
Method:freeze,Method:freeze,Method,Method,,,,,,,,,
Method:frequency-weighted,Method:frequency-weighted,Method,Method,,,,,,,,,
Method:fruc,Method:fruc,Method,Method,,,,,,,,,
Method:fruitnerf,Method:fruitnerf,Method,Method,,,,,,,,,
Method:fruitnerf++,Method:fruitnerf++,Method,Method,,,,,,,,,
Method:fsanet-wide,Method:fsanet-wide,Method,Method,,,,,,,,,
Method:fsmc-pose,Method:fsmc-pose,Method,Method,,,,,,,,,
Method:fstm,Method:fstm,Method,Method,,,,,,,,,
Method:ftsplat,Method:ftsplat,Method,Method,,,,,,,,,
Method:fu-mpc,Method:fu-mpc,Method,Method,,,,,,,,,
Method:full,Method:full,Method,Method,,,,,,,,,
Method:fully,Method:fully,Method,Method,,,,,,,,,
Method:fully,Method:fully,Method,Method,,,,,,,,,
Method:fully,Method:fully,Method,Method,,,,,,,,,
Method:fully,Method:fully,Method,Method,,,,,,,,,
Method:fully,Method:fully,Method,Method,,,,,,,,,
Method:fundamental,Method:fundamental,Method,Method,,,,,,,,,
Method:furnset,Method:furnset,Method,Method,,,,,,,,,
Method:fused-planes,Method:fused-planes,Method,Method,,,,,,,,,
Method:fusion,Method:fusion,Method,Method,,,,,,,,,
Method:fusion++,Method:fusion++,Method,Method,,,,,,,,,
Method:fw-nkf,Method:fw-nkf,Method,Method,,,,,,,,,
Method:g2g,Method:g2g,Method,Method,,,,,,,,,
Method:g2ltex,Method:g2ltex,Method,Method,,,,,,,,,
Method:g2o,Method:g2o,Method,Method,,,,,,,,,
Method:g2opy,Method:g2opy,Method,Method,,,,,,,,,
Method:g3splat,Method:g3splat,Method,Method,,,,,,,,,
Method:g3t,Method:g3t,Method,Method,,,,,,,,,
Method:g3t-long,Method:g3t-long,Method,Method,,,,,,,,,
Method:ga-bev,Method:ga-bev,Method,Method,,,,,,,,,
Method:ga-vln,Method:ga-vln,Method,Method,,,,,,,,,
Method:gad,Method:gad,Method,Method,,,,,,,,,
Method:gamo,Method:gamo,Method,Method,,,,,,,,,
Method:gan-based,Method:gan-based,Method,Method,,,,,,,,,
Method:ganvo,Method:ganvo,Method,Method,,,,,,,,,
Method:gard,Method:gard,Method,Method,,,,,,,,,
Method:garf,Method:garf,Method,Method,,,,,,,,,
Method:garlileo,Method:garlileo,Method,Method,,,,,,,,,
Method:gat-nerf,Method:gat-nerf,Method,Method,,,,,,,,,
Method:gated,Method:gated,Method,Method,,,,,,,,,
Method:gated,Method:gated,Method,Method,,,,,,,,,
Method:gauss-mi,Method:gauss-mi,Method,Method,,,,,,,,,
Method:gaussian,Method:gaussian,Method,Method,,,,,,,,,
Method:gaussian,Method:gaussian,Method,Method,,,,,,,,,
Method:gaussian,Method:gaussian,Method,Method,,,,,,,,,
Method:gaussian,Method:gaussian,Method,Method,,,,,,,,,
Method:gaussian,Method:gaussian,Method,Method,,,,,,,,,
Method:gaussian,Method:gaussian,Method,Method,,,,,,,,,
Method:gaussian,Method:gaussian,Method,Method,,,,,,,,,
Method:gaussian,Method:gaussian,Method,Method,,,,,,,,,
Method:gaussian,Method:gaussian,Method,Method,,,,,,,,,
Method:gaussian,Method:gaussian,Method,Method,,,,,,,,,
Method:gaussian,Method:gaussian,Method,Method,,,,,,,,,
Method:gaussian,Method:gaussian,Method,Method,,,,,,,,,
Method:gaussian,Method:gaussian,Method,Method,,,,,,,,,
Method:gaussian-density,Method:gaussian-density,Method,Method,,,,,,,,,
Method:gaussian-flow,Method:gaussian-flow,Method,Method,,,,,,,,,
Method:gaussian-mesh,Method:gaussian-mesh,Method,Method,,,,,,,,,
Method:gaussian-slam,Method:gaussian-slam,Method,Method,,,,,,,,,
Method:gaussian-uniform,Method:gaussian-uniform,Method,Method,,,,,,,,,
Method:gaussian-voxel,Method:gaussian-voxel,Method,Method,,,,,,,,,
Method:gaussianavatar,Method:gaussianavatar,Method,Method,,,,,,,,,
Method:gaussiandreamer,Method:gaussiandreamer,Method,Method,,,,,,,,,
Method:gaussianflow,Method:gaussianflow,Method,Method,,,,,,,,,
Method:gaussianflow,Method:gaussianflow,Method,Method,,,,,,,,,
Method:gaussianmixturenllloss,Method:gaussianmixturenllloss,Method,Method,,,,,,,,,
Method:gaussianpile,Method:gaussianpile,Method,Method,,,,,,,,,
Method:gaussianzoom,Method:gaussianzoom,Method,Method,,,,,,,,,
Method:gaustudio,Method:gaustudio,Method,Method,,,,,,,,,
Method:gavis,Method:gavis,Method,Method,,,,,,,,,
Method:gaze,Method:gaze,Method,Method,,,,,,,,,
Method:gazenerf,Method:gazenerf,Method,Method,,,,,,,,,
Method:gazeprior,Method:gazeprior,Method,Method,,,,,,,,,
Method:gca,Method:gca,Method,Method,,,,,,,,,
Method:gccpm,Method:gccpm,Method,Method,,,,,,,,,
Method:gdl,Method:gdl,Method,Method,,,,,,,,,
Method:gels,Method:gels,Method,Method,,,,,,,,,
Method:gem,Method:gem,Method,Method,,,,,,,,,
Method:gemm-gs,Method:gemm-gs,Method,Method,,,,,,,,,
Method:gen6d,Method:gen6d,Method,Method,,,,,,,,,
Method:gencape,Method:gencape,Method,Method,,,,,,,,,
Method:geneface,Method:geneface,Method,Method,,,,,,,,,
Method:geneface++,Method:geneface++,Method,Method,,,,,,,,,
Method:generalizable,Method:generalizable,Method,Method,,,,,,,,,
Method:generalizable,Method:generalizable,Method,Method,,,,,,,,,
Method:generalizable,Method:generalizable,Method,Method,,,,,,,,,
Method:generalized,Method:generalized,Method,Method,,,,,,,,,
Method:generalized,Method:generalized,Method,Method,,,,,,,,,
Method:generalized,Method:generalized,Method,Method,,,,,,,,,
Method:generalized,Method:generalized,Method,Method,,,,,,,,,
Method:generative,Method:generative,Method,Method,,,,,,,,,
Method:generative,Method:generative,Method,Method,,,,,,,,,
Method:generative,Method:generative,Method,Method,,,,,,,,,
Method:generative,Method:generative,Method,Method,,,,,,,,,
Method:generative,Method:generative,Method,Method,,,,,,,,,
Method:generative,Method:generative,Method,Method,,,,,,,,,
Method:generative_pose,Method:generative_pose,Method,Method,,,,,,,,,
Method:genie,Method:genie,Method,Method,,,,,,,,,
Method:genre,Method:genre,Method,Method,,,,,,,,,
Method:genrecon,Method:genrecon,Method,Method,,,,,,,,,
Method:genwildsplat,Method:genwildsplat,Method,Method,,,,,,,,,
Method:genz-icp,Method:genz-icp,Method,Method,,,,,,,,,
Method:geo-neus,Method:geo-neus,Method,Method,,,,,,,,,
Method:geo-supervised,Method:geo-supervised,Method,Method,,,,,,,,,
Method:geo-volsdf,Method:geo-volsdf,Method,Method,,,,,,,,,
Method:geo6dpose,Method:geo6dpose,Method,Method,,,,,,,,,
Method:geodesc,Method:geodesc,Method,Method,,,,,,,,,
Method:geodesic,Method:geodesic,Method,Method,,,,,,,,,
Method:geometric,Method:geometric,Method,Method,,,,,,,,,
Method:geometric,Method:geometric,Method,Method,,,,,,,,,
Method:geometric,Method:geometric,Method,Method,,,,,,,,,
Method:geometric,Method:geometric,Method,Method,,,,,,,,,
Method:geometric,Method:geometric,Method,Method,,,,,,,,,
Method:geometric,Method:geometric,Method,Method,,,,,,,,,
Method:geometric-photometric,Method:geometric-photometric,Method,Method,,,,,,,,,
Method:geometrically,Method:geometrically,Method,Method,,,,,,,,,
Method:geometry,Method:geometry,Method,Method,,,,,,,,,
Method:geometry-aware,Method:geometry-aware,Method,Method,,,,,,,,,
Method:geometry-aware,Method:geometry-aware,Method,Method,,,,,,,,,
Method:geometry-aware,Method:geometry-aware,Method,Method,,,,,,,,,
Method:geometry-aware,Method:geometry-aware,Method,Method,,,,,,,,,
Method:geometry-aware,Method:geometry-aware,Method,Method,,,,,,,,,
Method:geometry-aware,Method:geometry-aware,Method,Method,,,,,,,,,
Method:geometry-aware,Method:geometry-aware,Method,Method,,,,,,,,,
Method:geometry-conditioned,Method:geometry-conditioned,Method,Method,,,,,,,,,
Method:geometry-grounded,Method:geometry-grounded,Method,Method,,,,,,,,,
Method:geometry-guided,Method:geometry-guided,Method,Method,,,,,,,,,
Method:geometry-hierarchical,Method:geometry-hierarchical,Method,Method,,,,,,,,,
Method:geometry-preserving,Method:geometry-preserving,Method,Method,,,,,,,,,
Method:geometry-relevant,Method:geometry-relevant,Method,Method,,,,,,,,,
Method:geonet++,Method:geonet++,Method,Method,,,,,,,,,
Method:geoquery,Method:geoquery,Method,Method,,,,,,,,,
Method:geraf,Method:geraf,Method,Method,,,,,,,,,
Method:gesture-aware,Method:gesture-aware,Method,Method,,,,,,,,,
Method:geta-3dgs,Method:geta-3dgs,Method,Method,,,,,,,,,
Method:gfpose,Method:gfpose,Method,Method,,,,,,,,,
Method:ggd-slam,Method:ggd-slam,Method,Method,,,,,,,,,
Method:ghost,Method:ghost,Method,Method,,,,,,,,,
Method:gicp,Method:gicp,Method,Method,,,,,,,,,
Method:gift,Method:gift,Method,Method,,,,,,,,,
Method:gigapose,Method:gigapose,Method,Method,,,,,,,,,
Method:gim-world,Method:gim-world,Method,Method,,,,,,,,,
Method:giraffe,Method:giraffe,Method,Method,,,,,,,,,
Method:glados,Method:glados,Method,Method,,,,,,,,,
Method:glance,Method:glance,Method,Method,,,,,,,,,
Method:glim,Method:glim,Method,Method,,,,,,,,,
Method:gloabalnet,Method:gloabalnet,Method,Method,,,,,,,,,
Method:global,Method:global,Method,Method,,,,,,,,,
Method:global,Method:global,Method,Method,,,,,,,,,
Method:global-2-local,Method:global-2-local,Method,Method,,,,,,,,,
Method:globally,Method:globally,Method,Method,,,,,,,,,
Method:globally-optimal,Method:globally-optimal,Method,Method,,,,,,,,,
Method:glosplat,Method:glosplat,Method,Method,,,,,,,,,
Method:glosplat-a,Method:glosplat-a,Method,Method,,,,,,,,,
Method:glosplat-f,Method:glosplat-f,Method,Method,,,,,,,,,
Method:glover,Method:glover,Method,Method,,,,,,,,,
Method:glowgs,Method:glowgs,Method,Method,,,,,,,,,
Method:gm-livox,Method:gm-livox,Method,Method,,,,,,,,,
Method:gm-scenet,Method:gm-scenet,Method,Method,,,,,,,,,
Method:gmld,Method:gmld,Method,Method,,,,,,,,,
Method:gmr,Method:gmr,Method,Method,,,,,,,,,
Method:gms,Method:gms,Method,Method,,,,,,,,,
Method:gn-bae,Method:gn-bae,Method,Method,,,,,,,,,
Method:gn0,Method:gn0,Method,Method,,,,,,,,,
Method:gnc-pose,Method:gnc-pose,Method,Method,,,,,,,,,
Method:gnerf,Method:gnerf,Method,Method,,,,,,,,,
Method:gnt-move,Method:gnt-move,Method,Method,,,,,,,,,
Method:goat,Method:goat,Method,Method,,,,,,,,,
Method:gomvs,Method:gomvs,Method,Method,,,,,,,,,
Method:good,Method:good,Method,Method,,,,,,,,,
Method:gor-is,Method:gor-is,Method,Method,,,,,,,,,
Method:gp-slam,Method:gp-slam,Method,Method,,,,,,,,,
Method:gpert,Method:gpert,Method,Method,,,,,,,,,
Method:gpp,Method:gpp,Method,Method,,,,,,,,,
Method:gprnet,Method:gprnet,Method,Method,,,,,,,,,
Method:gps-gaussian,Method:gps-gaussian,Method,Method,,,,,,,,,
Method:gradient,Method:gradient,Method,Method,,,,,,,,,
Method:gradient-ascend,Method:gradient-ascend,Method,Method,,,,,,,,,
Method:gradiometer-based,Method:gradiometer-based,Method,Method,,,,,,,,,
Method:gradslam,Method:gradslam,Method,Method,,,,,,,,,
Method:graduated,Method:graduated,Method,Method,,,,,,,,,
Method:graformer,Method:graformer,Method,Method,,,,,,,,,
Method:gram,Method:gram,Method,Method,,,,,,,,,
Method:graph,Method:graph,Method,Method,,,,,,,,,
Method:graph,Method:graph,Method,Method,,,,,,,,,
Method:graph,Method:graph,Method,Method,,,,,,,,,
Method:graph,Method:graph,Method,Method,,,,,,,,,
Method:graph,Method:graph,Method,Method,,,,,,,,,
Method:graph,Method:graph,Method,Method,,,,,,,,,
Method:graph,Method:graph,Method,Method,,,,,,,,,
Method:graph,Method:graph,Method,Method,,,,,,,,,
Method:graph-based,Method:graph-based,Method,Method,,,,,,,,,
Method:graph-cut,Method:graph-cut,Method,Method,,,,,,,,,
Method:graphical,Method:graphical,Method,Method,,,,,,,,,
Method:graphslam,Method:graphslam,Method,Method,,,,,,,,,
Method:graphx,Method:graphx,Method,Method,,,,,,,,,
Method:graphx-convolution,Method:graphx-convolution,Method,Method,,,,,,,,,
Method:grasping,Method:grasping,Method,Method,,,,,,,,,
Method:gravity,Method:gravity,Method,Method,,,,,,,,,
Method:grid-fastslam,Method:grid-fastslam,Method,Method,,,,,,,,,
Method:ground,Method:ground,Method,Method,,,,,,,,,
Method:group,Method:group,Method,Method,,,,,,,,,
Method:gs-cpr,Method:gs-cpr,Method,Method,,,,,,,,,
Method:gs-enabled,Method:gs-enabled,Method,Method,,,,,,,,,
Method:gs-nfs,Method:gs-nfs,Method,Method,,,,,,,,,
Method:gs-pose,Method:gs-pose,Method,Method,,,,,,,,,
Method:gs-surrogate,Method:gs-surrogate,Method,Method,,,,,,,,,
Method:gs2pose,Method:gs2pose,Method,Method,,,,,,,,,
Method:gsc,Method:gsc,Method,Method,,,,,,,,,
Method:gsrender,Method:gsrender,Method,Method,,,,,,,,,
Method:gst,Method:gst,Method,Method,,,,,,,,,
Method:gtsam,Method:gtsam,Method,Method,,,,,,,,,
Method:guardmarkgs,Method:guardmarkgs,Method,Method,,,,,,,,,
Method:guided,Method:guided,Method,Method,,,,,,,,,
Method:guidenav,Method:guidenav,Method,Method,,,,,,,,,
Method:gvkf,Method:gvkf,Method,Method,,,,,,,,,
Method:h3r,Method:h3r,Method,Method,,,,,,,,,
Method:h3wb,Method:h3wb,Method,Method,,,,,,,,,
Method:ha-nerf,Method:ha-nerf,Method,Method,,,,,,,,,
Method:had,Method:had,Method,Method,,,,,,,,,
Method:hamuco,Method:hamuco,Method,Method,,,,,,,,,
Method:hand4whole,Method:hand4whole,Method,Method,,,,,,,,,
Method:hand4whole++,Method:hand4whole++,Method,Method,,,,,,,,,
Method:hanet,Method:hanet,Method,Method,,,,,,,,,
Method:hardnet,Method:hardnet,Method,Method,,,,,,,,,
Method:harmonic,Method:harmonic,Method,Method,,,,,,,,,
Method:harp,Method:harp,Method,Method,,,,,,,,,
Method:hash,Method:hash,Method,Method,,,,,,,,,
Method:hash-grid,Method:hash-grid,Method,Method,,,,,,,,,
Method:hashed,Method:hashed,Method,Method,,,,,,,,,
Method:hashnerf,Method:hashnerf,Method,Method,,,,,,,,,
Method:havatar,Method:havatar,Method,Method,,,,,,,,,
Method:hcm,Method:hcm,Method,Method,,,,,,,,,
Method:hcrnn,Method:hcrnn,Method,Method,,,,,,,,,
Method:hdl-graph-slam,Method:hdl-graph-slam,Method,Method,,,,,,,,,
Method:hdl_graph_slam,Method:hdl_graph_slam,Method,Method,,,,,,,,,
Method:hdr-gs,Method:hdr-gs,Method,Method,,,,,,,,,
Method:hdr-nerf,Method:hdr-nerf,Method,Method,,,,,,,,,
Method:hdr-nsff,Method:hdr-nsff,Method,Method,,,,,,,,,
Method:headnerf,Method:headnerf,Method,Method,,,,,,,,,
Method:headsculpt,Method:headsculpt,Method,Method,,,,,,,,,
Method:heatmap,Method:heatmap,Method,Method,,,,,,,,,
Method:heatmap-based,Method:heatmap-based,Method,Method,,,,,,,,,
Method:heatmap-style,Method:heatmap-style,Method,Method,,,,,,,,,
Method:heatnet,Method:heatnet,Method,Method,,,,,,,,,
Method:heatpose,Method:heatpose,Method,Method,,,,,,,,,
Method:helixsurf,Method:helixsurf,Method,Method,,,,,,,,,
Method:here,Method:here,Method,Method,,,,,,,,,
Method:hf-neus,Method:hf-neus,Method,Method,,,,,,,,,
Method:hfnet,Method:hfnet,Method,Method,,,,,,,,,
Method:hfnet-slam,Method:hfnet-slam,Method,Method,,,,,,,,,
Method:hg_s2_b1_mobile,Method:hg_s2_b1_mobile,Method,Method,,,,,,,,,
Method:hg_s2_b1_mobile_fpd,Method:hg_s2_b1_mobile_fpd,Method,Method,,,,,,,,,
Method:hg_s2_b1_mobile_fpd_unlabeled,Method:hg_s2_b1_mobile_fpd_unlabeled,Method,Method,,,,,,,,,
Method:hg_s2_b1_mobile_kd,Method:hg_s2_b1_mobile_kd,Method,Method,,,,,,,,,
Method:hg_s8_b1,Method:hg_s8_b1,Method,Method,,,,,,,,,
Method:hgf,Method:hgf,Method,Method,,,,,,,,,
Method:hgn,Method:hgn,Method,Method,,,,,,,,,
Method:hgpose,Method:hgpose,Method,Method,,,,,,,,,
Method:hgpose-ae,Method:hgpose-ae,Method,Method,,,,,,,,,
Method:hgs,Method:hgs,Method,Method,,,,,,,,,
Method:hierarchical,Method:hierarchical,Method,Method,,,,,,,,,
Method:hierarchical,Method:hierarchical,Method,Method,,,,,,,,,
Method:hierarchical,Method:hierarchical,Method,Method,,,,,,,,,
Method:hierarchical,Method:hierarchical,Method,Method,,,,,,,,,
Method:hierarchical,Method:hierarchical,Method,Method,,,,,,,,,
Method:hierarchical,Method:hierarchical,Method,Method,,,,,,,,,
Method:hierarchicalprobabilistic3dhuman,Method:hierarchicalprobabilistic3dhuman,Method,Method,,,,,,,,,
Method:hipose,Method:hipose,Method,Method,,,,,,,,,
Method:history,Method:history,Method,Method,,,,,,,,,
Method:hkpsa,Method:hkpsa,Method,Method,,,,,,,,,
Method:hmp,Method:hmp,Method,Method,,,,,,,,,
Method:hmtnet,Method:hmtnet,Method,Method,,,,,,,,,
Method:hog,Method:hog,Method,Method,,,,,,,,,
Method:hoisdf,Method:hoisdf,Method,Method,,,,,,,,,
Method:hold,Method:hold,Method,Method,,,,,,,,,
Method:homography,Method:homography,Method,Method,,,,,,,,,
Method:hope-net,Method:hope-net,Method,Method,,,,,,,,,
Method:horizonstream,Method:horizonstream,Method,Method,,,,,,,,,
Method:hot,Method:hot,Method,Method,,,,,,,,,
Method:hot3d,Method:hot3d,Method,Method,,,,,,,,,
Method:hourglass,Method:hourglass,Method,Method,,,,,,,,,
Method:hourglass,Method:hourglass,Method,Method,,,,,,,,,
Method:hourglass,Method:hourglass,Method,Method,,,,,,,,,
Method:hourglass,Method:hourglass,Method,Method,,,,,,,,,
Method:house,Method:house,Method,Method,,,,,,,,,
Method:housecorr3d,Method:housecorr3d,Method,Method,,,,,,,,,
Method:hpa,Method:hpa,Method,Method,,,,,,,,,
Method:hperl,Method:hperl,Method,Method,,,,,,,,,
Method:hpgm,Method:hpgm,Method,Method,,,,,,,,,
Method:hprnet,Method:hprnet,Method,Method,,,,,,,,,
Method:hqnet,Method:hqnet,Method,Method,,,,,,,,,
Method:hrnet,Method:hrnet,Method,Method,,,,,,,,,
Method:hrnet-w32,Method:hrnet-w32,Method,Method,,,,,,,,,
Method:hrnet-w48,Method:hrnet-w48,Method,Method,,,,,,,,,
Method:hs-3d-nerf,Method:hs-3d-nerf,Method,Method,,,,,,,,,
Method:hsfm,Method:hsfm,Method,Method,,,,,,,,,
Method:hsi-sc-nerf,Method:hsi-sc-nerf,Method,Method,,,,,,,,,
Method:hsjp,Method:hsjp,Method,Method,,,,,,,,,
Method:human-body,Method:human-body,Method,Method,,,,,,,,,
Method:human-bone,Method:human-bone,Method,Method,,,,,,,,,
Method:human-centric,Method:human-centric,Method,Method,,,,,,,,,
Method:human-joint,Method:human-joint,Method,Method,,,,,,,,,
Method:human101,Method:human101,Method,Method,,,,,,,,,
Method:human2afford,Method:human2afford,Method,Method,,,,,,,,,
Method:human3.6m-c,Method:human3.6m-c,Method,Method,,,,,,,,,
Method:humaneva-i-c,Method:humaneva-i-c,Method,Method,,,,,,,,,
Method:humangs,Method:humangs,Method,Method,,,,,,,,,
Method:humannerf,Method:humannerf,Method,Method,,,,,,,,,
Method:humannorm,Method:humannorm,Method,Method,,,,,,,,,
Method:humanrf,Method:humanrf,Method,Method,,,,,,,,,
Method:humansplathmr,Method:humansplathmr,Method,Method,,,,,,,,,
Method:hybrid,Method:hybrid,Method,Method,,,,,,,,,
Method:hybrid,Method:hybrid,Method,Method,,,,,,,,,
Method:hybrid,Method:hybrid,Method,Method,,,,,,,,,
Method:hybrid,Method:hybrid,Method,Method,,,,,,,,,
Method:hybrid,Method:hybrid,Method,Method,,,,,,,,,
Method:hybrid,Method:hybrid,Method,Method,,,,,,,,,
Method:hybrid,Method:hybrid,Method,Method,,,,,,,,,
Method:hybrid,Method:hybrid,Method,Method,,,,,,,,,
Method:hybvio,Method:hybvio,Method,Method,,,,,,,,,
Method:hydar-pano3d,Method:hydar-pano3d,Method,Method,,,,,,,,,
Method:hykey,Method:hykey,Method,Method,,,,,,,,,
Method:hyperbolic,Method:hyperbolic,Method,Method,,,,,,,,,
Method:hypernerf,Method:hypernerf,Method,Method,,,,,,,,,
Method:hyperpose,Method:hyperpose,Method,Method,,,,,,,,,
Method:hyrf,Method:hyrf,Method,Method,,,,,,,,,
Method:hyvggt-vo,Method:hyvggt-vo,Method,Method,,,,,,,,,
Method:i-kdtree,Method:i-kdtree,Method,Method,,,,,,,,,
Method:iMAP*,Method:iMAP*,Method,Method,,,,,,,,,
Method:ibow,Method:ibow,Method,Method,,,,,,,,,
Method:ibutter,Method:ibutter,Method,Method,,,,,,,,,
Method:ic-gtm,Method:ic-gtm,Method,Method,,,,,,,,,
Method:ic-gvins,Method:ic-gvins,Method,Method,,,,,,,,,
Method:icd,Method:icd,Method,Method,,,,,,,,,
Method:icomma,Method:icomma,Method,Method,,,,,,,,,
Method:icp,Method:icp,Method,Method,,,,,,,,,
Method:idarb,Method:idarb,Method,Method,,,,,,,,,
Method:iddr-ngp,Method:iddr-ngp,Method,Method,,,,,,,,,
Method:ide-3d,Method:ide-3d,Method,Method,,,,,,,,,
Method:idr,Method:idr,Method,Method,,,,,,,,,
Method:ie-ponet,Method:ie-ponet,Method,Method,,,,,,,,,
Method:ig-lio,Method:ig-lio,Method,Method,,,,,,,,,
Method:igaussian,Method:igaussian,Method,Method,,,,,,,,,
Method:ikea,Method:ikea,Method,Method,,,,,,,,,
Method:ikea,Method:ikea,Method,Method,,,,,,,,,
Method:image,Method:image,Method,Method,,,,,,,,,
Method:image,Method:image,Method,Method,,,,,,,,,
Method:image,Method:image,Method,Method,,,,,,,,,
Method:image-conditioned,Method:image-conditioned,Method,Method,,,,,,,,,
Method:image-pose,Method:image-pose,Method,Method,,,,,,,,,
Method:image_wise_dynamic,Method:image_wise_dynamic,Method,Method,,,,,,,,,
Method:images2mesh,Method:images2mesh,Method,Method,,,,,,,,,
Method:imap,Method:imap,Method,Method,,,,,,,,,
Method:imatching,Method:imatching,Method,Method,,,,,,,,,
Method:img2pose,Method:img2pose,Method,Method,,,,,,,,,
Method:imgui,Method:imgui,Method,Method,,,,,,,,,
Method:immesh,Method:immesh,Method,Method,,,,,,,,,
Method:imp,Method:imp,Method,Method,,,,,,,,,
Method:imperative,Method:imperative,Method,Method,,,,,,,,,
Method:implicit,Method:implicit,Method,Method,,,,,,,,,
Method:implicit,Method:implicit,Method,Method,,,,,,,,,
Method:implicit,Method:implicit,Method,Method,,,,,,,,,
Method:implicit,Method:implicit,Method,Method,,,,,,,,,
Method:implicit,Method:implicit,Method,Method,,,,,,,,,
Method:implicitly,Method:implicitly,Method,Method,,,,,,,,,
Method:implicitpdf,Method:implicitpdf,Method,Method,,,,,,,,,
Method:impose,Method:impose,Method,Method,,,,,,,,,
Method:improved,Method:improved,Method,Method,,,,,,,,,
Method:improved,Method:improved,Method,Method,,,,,,,,,
Method:incarpose,Method:incarpose,Method,Method,,,,,,,,,
Method:inception,Method:inception,Method,Method,,,,,,,,,
Method:incrowd-vi,Method:incrowd-vi,Method,Method,,,,,,,,,
Method:indirect,Method:indirect,Method,Method,,,,,,,,,
Method:indoor,Method:indoor,Method,Method,,,,,,,,,
Method:inerf,Method:inerf,Method,Method,,,,,,,,,
Method:infinitamv2,Method:infinitamv2,Method,Method,,,,,,,,,
Method:info-nerf,Method:info-nerf,Method,Method,,,,,,,,,
Method:infoinv,Method:infoinv,Method,Method,,,,,,,,,
Method:information-theoretic,Method:information-theoretic,Method,Method,,,,,,,,,
Method:ingeo,Method:ingeo,Method,Method,,,,,,,,,
Method:ingvio,Method:ingvio,Method,Method,,,,,,,,,
Method:inhabit,Method:inhabit,Method,Method,,,,,,,,,
Method:inpaint360gs,Method:inpaint360gs,Method,Method,,,,,,,,,
Method:inr,Method:inr,Method,Method,,,,,,,,,
Method:ins,Method:ins,Method,Method,,,,,,,,,
Method:insta,Method:insta,Method,Method,,,,,,,,,
Method:insta,Method:insta,Method,Method,,,,,,,,,
Method:instance,Method:instance,Method,Method,,,,,,,,,
Method:instant,Method:instant,Method,Method,,,,,,,,,
Method:instant,Method:instant,Method,Method,,,,,,,,,
Method:instant,Method:instant,Method,Method,,,,,,,,,
Method:instant,Method:instant,Method,Method,,,,,,,,,
Method:instant,Method:instant,Method,Method,,,,,,,,,
Method:instant-angelo,Method:instant-angelo,Method,Method,,,,,,,,,
Method:instant-ngp,Method:instant-ngp,Method,Method,,,,,,,,,
Method:instant3d,Method:instant3d,Method,Method,,,,,,,,,
Method:instant3dit,Method:instant3dit,Method,Method,,,,,,,,,
Method:instruct-nerf2nerf,Method:instruct-nerf2nerf,Method,Method,,,,,,,,,
Method:intensity-based,Method:intensity-based,Method,Method,,,,,,,,,
Method:inter-,Method:inter-,Method,Method,,,,,,,,,
Method:inter-class,Method:inter-class,Method,Method,,,,,,,,,
Method:interacting,Method:interacting,Method,Method,,,,,,,,,
Method:interacting,Method:interacting,Method,Method,,,,,,,,,
Method:interactive,Method:interactive,Method,Method,,,,,,,,,
Method:interactive_slam,Method:interactive_slam,Method,Method,,,,,,,,,
Method:intermediate,Method:intermediate,Method,Method,,,,,,,,,
Method:interpose,Method:interpose,Method,Method,,,,,,,,,
Method:intersection-aware,Method:intersection-aware,Method,Method,,,,,,,,,
Method:intrinsic,Method:intrinsic,Method,Method,,,,,,,,,
Method:intrinsic3d,Method:intrinsic3d,Method,Method,,,,,,,,,
Method:intrinsicnerf,Method:intrinsicnerf,Method,Method,,,,,,,,,
Method:invariant,Method:invariant,Method,Method,,,,,,,,,
Method:invariant,Method:invariant,Method,Method,,,,,,,,,
Method:invariantcloud,Method:invariantcloud,Method,Method,,,,,,,,,
Method:inverse,Method:inverse,Method,Method,,,,,,,,,
Method:inverse,Method:inverse,Method,Method,,,,,,,,,
Method:iot-enhanced,Method:iot-enhanced,Method,Method,,,,,,,,,
Method:ippe,Method:ippe,Method,Method,,,,,,,,,
Method:irbsm,Method:irbsm,Method,Method,,,,,,,,,
Method:iris,Method:iris,Method,Method,,,,,,,,,
Method:isaac,Method:isaac,Method,Method,,,,,,,,,
Method:isaac_ros_centerpose,Method:isaac_ros_centerpose,Method,Method,,,,,,,,,
Method:isaac_ros_dope,Method:isaac_ros_dope,Method,Method,,,,,,,,,
Method:isaac_ros_foundationpose,Method:isaac_ros_foundationpose,Method,Method,,,,,,,,,
Method:isam2,Method:isam2,Method,Method,,,,,,,,,
Method:iscloam_noted,Method:iscloam_noted,Method,Method,,,,,,,,,
Method:isdf,Method:isdf,Method,Method,,,,,,,,,
Method:ismo-gan,Method:ismo-gan,Method,Method,,,,,,,,,
Method:isometric,Method:isometric,Method,Method,,,,,,,,,
Method:isometry-aware,Method:isometry-aware,Method,Method,,,,,,,,,
Method:it-net,Method:it-net,Method,Method,,,,,,,,,
Method:iterative,Method:iterative,Method,Method,,,,,,,,,
Method:iterative,Method:iterative,Method,Method,,,,,,,,,
Method:iterative,Method:iterative,Method,Method,,,,,,,,,
Method:iterative,Method:iterative,Method,Method,,,,,,,,,
Method:iterative,Method:iterative,Method,Method,,,,,,,,,
Method:iterative,Method:iterative,Method,Method,,,,,,,,,
Method:itermvs,Method:itermvs,Method,Method,,,,,,,,,
Method:iup-pose,Method:iup-pose,Method,Method,,,,,,,,,
Method:ivgt,Method:ivgt,Method,Method,,,,,,,,,
Method:jacobinerf,Method:jacobinerf,Method,Method,,,,,,,,,
Method:joint,Method:joint,Method,Method,,,,,,,,,
Method:joint,Method:joint,Method,Method,,,,,,,,,
Method:joint,Method:joint,Method,Method,,,,,,,,,
Method:joint,Method:joint,Method,Method,,,,,,,,,
Method:joint-aware,Method:joint-aware,Method,Method,,,,,,,,,
Method:joint-tcn,Method:joint-tcn,Method,Method,,,,,,,,,
Method:js,Method:js,Method,Method,,,,,,,,,
Method:kalman,Method:kalman,Method,Method,,,,,,,,,
Method:kalman,Method:kalman,Method,Method,,,,,,,,,
Method:kan-fpn-stem,Method:kan-fpn-stem,Method,Method,,,,,,,,,
Method:kaolin,Method:kaolin,Method,Method,,,,,,,,,
Method:kapao,Method:kapao,Method,Method,,,,,,,,,
Method:kapao-l,Method:kapao-l,Method,Method,,,,,,,,,
Method:kapao-m,Method:kapao-m,Method,Method,,,,,,,,,
Method:kapao-s,Method:kapao-s,Method,Method,,,,,,,,,
Method:kapture-localization,Method:kapture-localization,Method,Method,,,,,,,,,
Method:kc-3dgs,Method:kc-3dgs,Method,Method,,,,,,,,,
Method:keras,Method:keras,Method,Method,,,,,,,,,
Method:keyframe-based,Method:keyframe-based,Method,Method,,,,,,,,,
Method:keyframe-vo,Method:keyframe-vo,Method,Method,,,,,,,,,
Method:keygs,Method:keygs,Method,Method,,,,,,,,,
Method:keynet,Method:keynet,Method,Method,,,,,,,,,
Method:keypoint,Method:keypoint,Method,Method,,,,,,,,,
Method:keypoint,Method:keypoint,Method,Method,,,,,,,,,
Method:keypoint-aware,Method:keypoint-aware,Method,Method,,,,,,,,,
Method:keypoint-based,Method:keypoint-based,Method,Method,,,,,,,,,
Method:keypoint-based,Method:keypoint-based,Method,Method,,,,,,,,,
Method:keypointbev,Method:keypointbev,Method,Method,,,,,,,,,
Method:keypose,Method:keypose,Method,Method,,,,,,,,,
Method:keytrack,Method:keytrack,Method,Method,,,,,,,,,
Method:kfusion,Method:kfusion,Method,Method,,,,,,,,,
Method:kilonerf,Method:kilonerf,Method,Method,,,,,,,,,
Method:kimera,Method:kimera,Method,Method,,,,,,,,,
Method:kimera-vio,Method:kimera-vio,Method,Method,,,,,,,,,
Method:kinect,Method:kinect,Method,Method,,,,,,,,,
Method:kinectfusion,Method:kinectfusion,Method,Method,,,,,,,,,
Method:kinematic-aware,Method:kinematic-aware,Method,Method,,,,,,,,,
Method:kinematics-driven,Method:kinematics-driven,Method,Method,,,,,,,,,
Method:kinematics-gs,Method:kinematics-gs,Method,Method,,,,,,,,,
Method:kintinuous,Method:kintinuous,Method,Method,,,,,,,,,
Method:kiss-icp,Method:kiss-icp,Method,Method,,,,,,,,,
Method:kiss-slam,Method:kiss-slam,Method,Method,,,,,,,,,
Method:kittingbot,Method:kittingbot,Method,Method,,,,,,,,,
Method:kornia,Method:kornia,Method,Method,,,,,,,,,
Method:ksf,Method:ksf,Method,Method,,,,,,,,,
Method:l-lo,Method:l-lo,Method,Method,,,,,,,,,
Method:l2a,Method:l2a,Method,Method,,,,,,,,,
Method:l2g-nerf,Method:l2g-nerf,Method,Method,,,,,,,,,
Method:l4casadi,Method:l4casadi,Method,Method,,,,,,,,,
Method:la-pose,Method:la-pose,Method,Method,,,,,,,,,
Method:laenerf,Method:laenerf,Method,Method,,,,,,,,,
Method:land-reg,Method:land-reg,Method,Method,,,,,,,,,
Method:langflash,Method:langflash,Method,Method,,,,,,,,,
Method:langsplat,Method:langsplat,Method,Method,,,,,,,,,
Method:laplacian,Method:laplacian,Method,Method,,,,,,,,,
Method:laplacian,Method:laplacian,Method,Method,,,,,,,,,
Method:laplacian,Method:laplacian,Method,Method,,,,,,,,,
Method:lapx,Method:lapx,Method,Method,,,,,,,,,
Method:large,Method:large,Method,Method,,,,,,,,,
Method:laser,Method:laser,Method,Method,,,,,,,,,
Method:latent,Method:latent,Method,Method,,,,,,,,,
Method:latent,Method:latent,Method,Method,,,,,,,,,
Method:latent-nerf,Method:latent-nerf,Method,Method,,,,,,,,,
Method:latentavatar,Method:latentavatar,Method,Method,,,,,,,,,
Method:latenteditor,Method:latenteditor,Method,Method,,,,,,,,,
Method:latentfusion,Method:latentfusion,Method,Method,,,,,,,,,
Method:layer,Method:layer,Method,Method,,,,,,,,,
Method:layer-by-layer,Method:layer-by-layer,Method,Method,,,,,,,,,
Method:layer-by-layer,Method:layer-by-layer,Method,Method,,,,,,,,,
Method:layered,Method:layered,Method,Method,,,,,,,,,
Method:leader,Method:leader,Method,Method,,,,,,,,,
Method:leap,Method:leap,Method,Method,,,,,,,,,
Method:learnable,Method:learnable,Method,Method,,,,,,,,,
Method:learnable,Method:learnable,Method,Method,,,,,,,,,
Method:learnablegroups-hand,Method:learnablegroups-hand,Method,Method,,,,,,,,,
Method:learned,Method:learned,Method,Method,,,,,,,,,
Method:learned,Method:learned,Method,Method,,,,,,,,,
Method:learning,Method:learning,Method,Method,,,,,,,,,
Method:learning,Method:learning,Method,Method,,,,,,,,,
Method:learning,Method:learning,Method,Method,,,,,,,,,
Method:learning-based,Method:learning-based,Method,Method,,,,,,,,,
Method:left-right,Method:left-right,Method,Method,,,,,,,,,
Method:legendre,Method:legendre,Method,Method,,,,,,,,,
Method:lego-loam,Method:lego-loam,Method,Method,,,,,,,,,
Method:legs,Method:legs,Method,Method,,,,,,,,,
Method:lens,Method:lens,Method,Method,,,,,,,,,
Method:lens,Method:lens,Method,Method,,,,,,,,,
Method:level-set,Method:level-set,Method,Method,,,,,,,,,
Method:lf-vio,Method:lf-vio,Method,Method,,,,,,,,,
Method:lg-hand,Method:lg-hand,Method,Method,,,,,,,,,
Method:lgfusionnet,Method:lgfusionnet,Method,Method,,,,,,,,,
Method:lhmanip,Method:lhmanip,Method,Method,,,,,,,,,
Method:li-init,Method:li-init,Method,Method,,,,,,,,,
Method:li_slam_ros2,Method:li_slam_ros2,Method,Method,,,,,,,,,
Method:liauto-geox,Method:liauto-geox,Method,Method,,,,,,,,,
Method:libtorch,Method:libtorch,Method,Method,,,,,,,,,
Method:licampose,Method:licampose,Method,Method,,,,,,,,,
Method:lidar,Method:lidar,Method,Method,,,,,,,,,
Method:lidar-centric,Method:lidar-centric,Method,Method,,,,,,,,,
Method:lidar-inertial-visual,Method:lidar-inertial-visual,Method,Method,,,,,,,,,
Method:lidar-rt,Method:lidar-rt,Method,Method,,,,,,,,,
Method:lidar_slam_3d,Method:lidar_slam_3d,Method,Method,,,,,,,,,
Method:lieflow,Method:lieflow,Method,Method,,,,,,,,,
Method:liftfeat,Method:liftfeat,Method,Method,,,,,,,,,
Method:liftformer,Method:liftformer,Method,Method,,,,,,,,,
Method:liftimage3d,Method:liftimage3d,Method,Method,,,,,,,,,
Method:lifting,Method:lifting,Method,Method,,,,,,,,,
Method:liftnav,Method:liftnav,Method,Method,,,,,,,,,
Method:light,Method:light,Method,Method,,,,,,,,,
Method:light,Method:light,Method,Method,,,,,,,,,
Method:light-c3k2,Method:light-c3k2,Method,Method,,,,,,,,,
Method:lighterglue,Method:lighterglue,Method,Method,,,,,,,,,
Method:lightgaussian,Method:lightgaussian,Method,Method,,,,,,,,,
Method:lightglue,Method:lightglue,Method,Method,,,,,,,,,
Method:lightning,Method:lightning,Method,Method,,,,,,,,,
Method:lightning,Method:lightning,Method,Method,,,,,,,,,
Method:lightweight,Method:lightweight,Method,Method,,,,,,,,,
Method:lightweight,Method:lightweight,Method,Method,,,,,,,,,
Method:lightweight,Method:lightweight,Method,Method,,,,,,,,,
Method:lightweight,Method:lightweight,Method,Method,,,,,,,,,
Method:lightweight,Method:lightweight,Method,Method,,,,,,,,,
Method:lihi-gs,Method:lihi-gs,Method,Method,,,,,,,,,
Method:likelihood-scheduled,Method:likelihood-scheduled,Method,Method,,,,,,,,,
Method:liloc,Method:liloc,Method,Method,,,,,,,,,
Method:linear,Method:linear,Method,Method,,,,,,,,,
Method:linear,Method:linear,Method,Method,,,,,,,,,
Method:lins,Method:lins,Method,Method,,,,,,,,,
Method:lio-ekf,Method:lio-ekf,Method,Method,,,,,,,,,
Method:lio-mapping,Method:lio-mapping,Method,Method,,,,,,,,,
Method:lio-sam,Method:lio-sam,Method,Method,,,,,,,,,
Method:liodom,Method:liodom,Method,Method,,,,,,,,,
Method:lit,Method:lit,Method,Method,,,,,,,,,
Method:lite-hrnet,Method:lite-hrnet,Method,Method,,,,,,,,,
Method:lite3r,Method:lite3r,Method,Method,,,,,,,,,
Method:liteloc,Method:liteloc,Method,Method,,,,,,,,,
Method:litepose,Method:litepose,Method,Method,,,,,,,,,
Method:livenerf,Method:livenerf,Method,Method,,,,,,,,,
Method:livox-mapping,Method:livox-mapping,Method,Method,,,,,,,,,
Method:llha-net,Method:llha-net,Method,Method,,,,,,,,,
Method:llnerf,Method:llnerf,Method,Method,,,,,,,,,
Method:lmcnet,Method:lmcnet,Method,Method,,,,,,,,,
Method:loam,Method:loam,Method,Method,,,,,,,,,
Method:loam-livox,Method:loam-livox,Method,Method,,,,,,,,,
Method:local,Method:local,Method,Method,,,,,,,,,
Method:local,Method:local,Method,Method,,,,,,,,,
Method:local,Method:local,Method,Method,,,,,,,,,
Method:local-global,Method:local-global,Method,Method,,,,,,,,,
Method:localisebot,Method:localisebot,Method,Method,,,,,,,,,
Method:locposenet,Method:locposenet,Method,Method,,,,,,,,,
Method:locus,Method:locus,Method,Method,,,,,,,,,
Method:loftr,Method:loftr,Method,Method,,,,,,,,,
Method:log-weighted,Method:log-weighted,Method,Method,,,,,,,,,
Method:lolnerf,Method:lolnerf,Method,Method,,,,,,,,,
Method:longdpm,Method:longdpm,Method,Method,,,,,,,,,
Method:longstream,Method:longstream,Method,Method,,,,,,,,,
Method:looping,Method:looping,Method,Method,,,,,,,,,
Method:lora3d,Method:lora3d,Method,Method,,,,,,,,,
Method:loransac,Method:loransac,Method,Method,,,,,,,,,
Method:lostu,Method:lostu,Method,Method,,,,,,,,,
Method:lowlight,Method:lowlight,Method,Method,,,,,,,,,
Method:lpa,Method:lpa,Method,Method,,,,,,,,,
Method:lpips,Method:lpips,Method,Method,,,,,,,,,
Method:lpn-50,Method:lpn-50,Method,Method,,,,,,,,,
Method:lrsc,Method:lrsc,Method,Method,,,,,,,,,
Method:lsdslam,Method:lsdslam,Method,Method,,,,,,,,,
Method:lsp-yolo,Method:lsp-yolo,Method,Method,,,,,,,,,
Method:lsp-yolo-n,Method:lsp-yolo-n,Method,Method,,,,,,,,,
Method:lstm,Method:lstm,Method,Method,,,,,,,,,
Method:lt-mapping,Method:lt-mapping,Method,Method,,,,,,,,,
Method:ltm-nerf,Method:ltm-nerf,Method,Method,,,,,,,,,
Method:lumimotion,Method:lumimotion,Method,Method,,,,,,,,,
Method:luminance-gs++,Method:luminance-gs++,Method,Method,,,,,,,,,
Method:lvi-sam,Method:lvi-sam,Method,Method,,,,,,,,,
Method:lwf,Method:lwf,Method,Method,,,,,,,,,
Method:m-estimator,Method:m-estimator,Method,Method,,,,,,,,,
Method:m-loam,Method:m-loam,Method,Method,,,,,,,,,
Method:ma-lio,Method:ma-lio,Method,Method,,,,,,,,,
Method:mac-ego3d,Method:mac-ego3d,Method,Method,,,,,,,,,
Method:maem,Method:maem,Method,Method,,,,,,,,,
Method:maepose,Method:maepose,Method,Method,,,,,,,,,
Method:magic-slam,Method:magic-slam,Method,Method,,,,,,,,,
Method:magic3d,Method:magic3d,Method,Method,,,,,,,,,
Method:magneto-inductive,Method:magneto-inductive,Method,Method,,,,,,,,,
Method:mags-slam,Method:mags-slam,Method,Method,,,,,,,,,
Method:magsense,Method:magsense,Method,Method,,,,,,,,,
Method:make-it-3d,Method:make-it-3d,Method,Method,,,,,,,,,
Method:mamba-based,Method:mamba-based,Method,Method,,,,,,,,,
Method:mamba-vggt,Method:mamba-vggt,Method,Method,,,,,,,,,
Method:mambavo,Method:mambavo,Method,Method,,,,,,,,,
Method:mambavo++,Method:mambavo++,Method,Method,,,,,,,,,
Method:mamkpd,Method:mamkpd,Method,Method,,,,,,,,,
Method:manhattan,Method:manhattan,Method,Method,,,,,,,,,
Method:maplab,Method:maplab,Method,Method,,,,,,,,,
Method:mapmonoego,Method:mapmonoego,Method,Method,,,,,,,,,
Method:maprpose,Method:maprpose,Method,Method,,,,,,,,,
Method:marf,Method:marf,Method,Method,,,,,,,,,
Method:margipose,Method:margipose,Method,Method,,,,,,,,,
Method:marinestd-gs,Method:marinestd-gs,Method,Method,,,,,,,,,
Method:marker-free,Method:marker-free,Method,Method,,,,,,,,,
Method:maroam,Method:maroam,Method,Method,,,,,,,,,
Method:masc-pose,Method:masc-pose,Method,Method,,,,,,,,,
Method:mask,Method:mask,Method,Method,,,,,,,,,
Method:mask,Method:mask,Method,Method,,,,,,,,,
Method:mask-aware,Method:mask-aware,Method,Method,,,,,,,,,
Method:mask-guided,Method:mask-guided,Method,Method,,,,,,,,,
Method:mask-rcnn,Method:mask-rcnn,Method,Method,,,,,,,,,
Method:masked,Method:masked,Method,Method,,,,,,,,,
Method:masked,Method:masked,Method,Method,,,,,,,,,
Method:maskedfusion,Method:maskedfusion,Method,Method,,,,,,,,,
Method:masking,Method:masking,Method,Method,,,,,,,,,
Method:maskpose,Method:maskpose,Method,Method,,,,,,,,,
Method:mast3r-slam,Method:mast3r-slam,Method,Method,,,,,,,,,
Method:matchnerf,Method:matchnerf,Method,Method,,,,,,,,,
Method:matspray,Method:matspray,Method,Method,,,,,,,,,
Method:maxcon,Method:maxcon,Method,Method,,,,,,,,,
Method:maximum,Method:maximum,Method,Method,,,,,,,,,
Method:mbw,Method:mbw,Method,Method,,,,,,,,,
Method:mc-hands-1m,Method:mc-hands-1m,Method,Method,,,,,,,,,
Method:mcl,Method:mcl,Method,Method,,,,,,,,,
Method:mcvo,Method:mcvo,Method,Method,,,,,,,,,
Method:md-lvio,Method:md-lvio,Method,Method,,,,,,,,,
Method:mdenerf,Method:mdenerf,Method,Method,,,,,,,,,
Method:mdp,Method:mdp,Method,Method,,,,,,,,,
Method:mds-nerf,Method:mds-nerf,Method,Method,,,,,,,,,
Method:med-acdtw,Method:med-acdtw,Method,Method,,,,,,,,,
Method:med-query,Method:med-query,Method,Method,,,,,,,,,
Method:mediapipe,Method:mediapipe,Method,Method,,,,,,,,,
Method:meev,Method:meev,Method,Method,,,,,,,,,
Method:mega-nerf,Method:mega-nerf,Method,Method,,,,,,,,,
Method:meil-nerf,Method:meil-nerf,Method,Method,,,,,,,,,
Method:merl,Method:merl,Method,Method,,,,,,,,,
Method:mesa,Method:mesa,Method,Method,,,,,,,,,
Method:mesa-f,Method:mesa-f,Method,Method,,,,,,,,,
Method:mesh,Method:mesh,Method,Method,,,,,,,,,
Method:mesh,Method:mesh,Method,Method,,,,,,,,,
Method:mesh-aware,Method:mesh-aware,Method,Method,,,,,,,,,
Method:mesh-point,Method:mesh-point,Method,Method,,,,,,,,,
Method:meta,Method:meta,Method,Method,,,,,,,,,
Method:metagrad,Method:metagrad,Method,Method,,,,,,,,,
Method:metrabs,Method:metrabs,Method,Method,,,,,,,,,
Method:metric,Method:metric,Method,Method,,,,,,,,,
Method:metric,Method:metric,Method,Method,,,,,,,,,
Method:metro,Method:metro,Method,Method,,,,,,,,,
Method:mft,Method:mft,Method,Method,,,,,,,,,
Method:mgca-net,Method:mgca-net,Method,Method,,,,,,,,,
Method:mhformer,Method:mhformer,Method,Method,,,,,,,,,
Method:micmac,Method:micmac,Method,Method,,,,,,,,,
Method:mild,Method:mild,Method,Method,,,,,,,,,
Method:millimamba,Method:millimamba,Method,Method,,,,,,,,,
Method:mimictalk,Method:mimictalk,Method,Method,,,,,,,,,
Method:mind-3d,Method:mind-3d,Method,Method,,,,,,,,,
Method:mine,Method:mine,Method,Method,,,,,,,,,
Method:mini,Method:mini,Method,Method,,,,,,,,,
Method:minimum,Method:minimum,Method,Method,,,,,,,,,
Method:minisam,Method:minisam,Method,Method,,,,,,,,,
Method:mip,Method:mip,Method,Method,,,,,,,,,
Method:mip,Method:mip,Method,Method,,,,,,,,,
Method:mip-nerf,Method:mip-nerf,Method,Method,,,,,,,,,
Method:mip-nerf-360,Method:mip-nerf-360,Method,Method,,,,,,,,,
Method:mip-splatting,Method:mip-splatting,Method,Method,,,,,,,,,
Method:mirage,Method:mirage,Method,Method,,,,,,,,,
Method:mirror,Method:mirror,Method,Method,,,,,,,,,
Method:mit-princeton,Method:mit-princeton,Method,Method,,,,,,,,,
Method:mix3r,Method:mix3r,Method,Method,,,,,,,,,
Method:mixed,Method:mixed,Method,Method,,,,,,,,,
Method:mixedgaussianavatar,Method:mixedgaussianavatar,Method,Method,,,,,,,,,
Method:mixformer,Method:mixformer,Method,Method,,,,,,,,,
Method:mixformer,Method:mixformer,Method,Method,,,,,,,,,
Method:mixing-denoising,Method:mixing-denoising,Method,Method,,,,,,,,,
Method:mixrt,Method:mixrt,Method,Method,,,,,,,,,
Method:mixtgformer,Method:mixtgformer,Method,Method,,,,,,,,,
Method:mixture,Method:mixture,Method,Method,,,,,,,,,
Method:mixture-of-cauchy-based,Method:mixture-of-cauchy-based,Method,Method,,,,,,,,,
Method:mixture-of-gaussians-based,Method:mixture-of-gaussians-based,Method,Method,,,,,,,,,
Method:mixture-of-transformers,Method:mixture-of-transformers,Method,Method,,,,,,,,,
Method:mllm-guided,Method:mllm-guided,Method,Method,,,,,,,,,
Method:mlp-splatting,Method:mlp-splatting,Method,Method,,,,,,,,,
Method:mlpnp,Method:mlpnp,Method,Method,,,,,,,,,
Method:mlrecon,Method:mlrecon,Method,Method,,,,,,,,,
Method:mmg,Method:mmg,Method,Method,,,,,,,,,
Method:mmgat,Method:mmgat,Method,Method,,,,,,,,,
Method:mmgs,Method:mmgs,Method,Method,,,,,,,,,
Method:mmpose,Method:mmpose,Method,Method,,,,,,,,,
Method:mmweaver,Method:mmweaver,Method,Method,,,,,,,,,
Method:mobifuse,Method:mobifuse,Method,Method,,,,,,,,,
Method:mobile,Method:mobile,Method,Method,,,,,,,,,
Method:mobilebrick,Method:mobilebrick,Method,Method,,,,,,,,,
Method:mobilenerf,Method:mobilenerf,Method,Method,,,,,,,,,
Method:mobilenet,Method:mobilenet,Method,Method,,,,,,,,,
Method:mobilenet,Method:mobilenet,Method,Method,,,,,,,,,
Method:mobilenet-style,Method:mobilenet-style,Method,Method,,,,,,,,,
Method:mobilenetv2,Method:mobilenetv2,Method,Method,,,,,,,,,
Method:mobilenetv3,Method:mobilenetv3,Method,Method,,,,,,,,,
Method:moblurf,Method:moblurf,Method,Method,,,,,,,,,
Method:mocapnet,Method:mocapnet,Method,Method,,,,,,,,,
Method:mocapnet3,Method:mocapnet3,Method,Method,,,,,,,,,
Method:mod,Method:mod,Method,Method,,,,,,,,,
Method:model-based,Method:model-based,Method,Method,,,,,,,,,
Method:modeler,Method:modeler,Method,Method,,,,,,,,,
Method:modified,Method:modified,Method,Method,,,,,,,,,
Method:modified,Method:modified,Method,Method,,,,,,,,,
Method:mofanerf,Method:mofanerf,Method,Method,,,,,,,,,
Method:moganet,Method:moganet,Method,Method,,,,,,,,,
Method:mono-neus,Method:mono-neus,Method,Method,,,,,,,,,
Method:monoduo,Method:monoduo,Method,Method,,,,,,,,,
Method:monoem-gs,Method:monoem-gs,Method,Method,,,,,,,,,
Method:monogs,Method:monogs,Method,Method,,,,,,,,,
Method:mononerf,Method:mononerf,Method,Method,,,,,,,,,
Method:monoscene,Method:monoscene,Method,Method,,,,,,,,,
Method:monosdf,Method:monosdf,Method,Method,,,,,,,,,
Method:monoslam,Method:monoslam,Method,Method,,,,,,,,,
Method:monster,Method:monster,Method,Method,,,,,,,,,
Method:moonanything,Method:moonanything,Method,Method,,,,,,,,,
Method:more,Method:more,Method,Method,,,,,,,,,
Method:morefusion,Method:morefusion,Method,Method,,,,,,,,,
Method:morphable,Method:morphable,Method,Method,,,,,,,,,
Method:morpheus,Method:morpheus,Method,Method,,,,,,,,,
Method:motion,Method:motion,Method,Method,,,,,,,,,
Method:motion-induced,Method:motion-induced,Method,Method,,,,,,,,,
Method:motion-uncertainty-aware,Method:motion-uncertainty-aware,Method,Method,,,,,,,,,
Method:movenet,Method:movenet,Method,Method,,,,,,,,,
Method:mpa3d,Method:mpa3d,Method,Method,,,,,,,,,
Method:mpose3d,Method:mpose3d,Method,Method,,,,,,,,,
Method:mprf,Method:mprf,Method,Method,,,,,,,,,
Method:mpt,Method:mpt,Method,Method,,,,,,,,,
Method:mr.scalemaster,Method:mr.scalemaster,Method,Method,,,,,,,,,
Method:mr_slam,Method:mr_slam,Method,Method,,,,,,,,,
Method:mrf,Method:mrf,Method,Method,,,,,,,,,
Method:mrpt_ekf_slam_2d,Method:mrpt_ekf_slam_2d,Method,Method,,,,,,,,,
Method:mrpt_ekf_slam_3d,Method:mrpt_ekf_slam_3d,Method,Method,,,,,,,,,
Method:mrpt_graphslam_2d,Method:mrpt_graphslam_2d,Method,Method,,,,,,,,,
Method:mrpt_icp_slam_2d,Method:mrpt_icp_slam_2d,Method,Method,,,,,,,,,
Method:mrpt_rbpf_slam,Method:mrpt_rbpf_slam,Method,Method,,,,,,,,,
Method:msc,Method:msc,Method,Method,,,,,,,,,
Method:msg-loc,Method:msg-loc,Method,Method,,,,,,,,,
Method:mspn,Method:mspn,Method,Method,,,,,,,,,
Method:mtf-transformer,Method:mtf-transformer,Method,Method,,,,,,,,,
Method:mtfusion,Method:mtfusion,Method,Method,,,,,,,,,
Method:mu-generf,Method:mu-generf,Method,Method,,,,,,,,,
Method:multi-camera,Method:multi-camera,Method,Method,,,,,,,,,
Method:multi-class,Method:multi-class,Method,Method,,,,,,,,,
Method:multi-dimensional,Method:multi-dimensional,Method,Method,,,,,,,,,
Method:multi-domain,Method:multi-domain,Method,Method,,,,,,,,,
Method:multi-frame,Method:multi-frame,Method,Method,,,,,,,,,
Method:multi-head,Method:multi-head,Method,Method,,,,,,,,,
Method:multi-hypothesis,Method:multi-hypothesis,Method,Method,,,,,,,,,
Method:multi-layer,Method:multi-layer,Method,Method,,,,,,,,,
Method:multi-level,Method:multi-level,Method,Method,,,,,,,,,
Method:multi-level,Method:multi-level,Method,Method,,,,,,,,,
Method:multi-mask,Method:multi-mask,Method,Method,,,,,,,,,
Method:multi-modal,Method:multi-modal,Method,Method,,,,,,,,,
Method:multi-mode,Method:multi-mode,Method,Method,,,,,,,,,
Method:multi-object,Method:multi-object,Method,Method,,,,,,,,,
Method:multi-projection-center,Method:multi-projection-center,Method,Method,,,,,,,,,
Method:multi-scale,Method:multi-scale,Method,Method,,,,,,,,,
Method:multi-scale,Method:multi-scale,Method,Method,,,,,,,,,
Method:multi-scale,Method:multi-scale,Method,Method,,,,,,,,,
Method:multi-scale,Method:multi-scale,Method,Method,,,,,,,,,
Method:multi-source,Method:multi-source,Method,Method,,,,,,,,,
Method:multi-source,Method:multi-source,Method,Method,,,,,,,,,
Method:multi-stage,Method:multi-stage,Method,Method,,,,,,,,,
Method:multi-stage,Method:multi-stage,Method,Method,,,,,,,,,
Method:multi-stream,Method:multi-stream,Method,Method,,,,,,,,,
Method:multi-task,Method:multi-task,Method,Method,,,,,,,,,
Method:multi-task,Method:multi-task,Method,Method,,,,,,,,,
Method:multi-view,Method:multi-view,Method,Method,,,,,,,,,
Method:multi-view,Method:multi-view,Method,Method,,,,,,,,,
Method:multi-view,Method:multi-view,Method,Method,,,,,,,,,
Method:multi-view,Method:multi-view,Method,Method,,,,,,,,,
Method:multi-view,Method:multi-view,Method,Method,,,,,,,,,
Method:multi-view,Method:multi-view,Method,Method,,,,,,,,,
Method:multi-view,Method:multi-view,Method,Method,,,,,,,,,
Method:multi-view,Method:multi-view,Method,Method,,,,,,,,,
Method:multi-view,Method:multi-view,Method,Method,,,,,,,,,
Method:multi-view,Method:multi-view,Method,Method,,,,,,,,,
Method:multi-view,Method:multi-view,Method,Method,,,,,,,,,
Method:multi-view,Method:multi-view,Method,Method,,,,,,,,,
Method:multi-view,Method:multi-view,Method,Method,,,,,,,,,
Method:multifocus,Method:multifocus,Method,Method,,,,,,,,,
Method:multifusion,Method:multifusion,Method,Method,,,,,,,,,
Method:multilayer,Method:multilayer,Method,Method,,,,,,,,,
Method:multilayer,Method:multilayer,Method,Method,,,,,,,,,
Method:multiloc,Method:multiloc,Method,Method,,,,,,,,,
Method:multinerf,Method:multinerf,Method,Method,,,,,,,,,
Method:multiple,Method:multiple,Method,Method,,,,,,,,,
Method:multiresolution,Method:multiresolution,Method,Method,,,,,,,,,
Method:multisensor,Method:multisensor,Method,Method,,,,,,,,,
Method:multitask-net,Method:multitask-net,Method,Method,,,,,,,,,
Method:mum,Method:mum,Method,Method,,,,,,,,,
Method:muppet,Method:muppet,Method,Method,,,,,,,,,
Method:murp,Method:murp,Method,Method,,,,,,,,,
Method:mus-polar3d,Method:mus-polar3d,Method,Method,,,,,,,,,
Method:musetalk,Method:musetalk,Method,Method,,,,,,,,,
Method:musgd,Method:musgd,Method,Method,,,,,,,,,
Method:muskie,Method:muskie,Method,Method,,,,,,,,,
Method:muvihandnet,Method:muvihandnet,Method,Method,,,,,,,,,
Method:mv-sam,Method:mv-sam,Method,Method,,,,,,,,,
Method:mvcl,Method:mvcl,Method,Method,,,,,,,,,
Method:mve,Method:mve,Method,Method,,,,,,,,,
Method:mvgformer,Method:mvgformer,Method,Method,,,,,,,,,
Method:mvgsr,Method:mvgsr,Method,Method,,,,,,,,,
Method:mvp,Method:mvp,Method,Method,,,,,,,,,
Method:mvs-gs,Method:mvs-gs,Method,Method,,,,,,,,,
Method:mvs-texturing,Method:mvs-texturing,Method,Method,,,,,,,,,
Method:mvsnerf,Method:mvsnerf,Method,Method,,,,,,,,,
Method:mvstudio,Method:mvstudio,Method,Method,,,,,,,,,
Method:n-view,Method:n-view,Method,Method,,,,,,,,,
Method:n3dr,Method:n3dr,Method,Method,,,,,,,,,
Method:nad,Method:nad,Method,Method,,,,,,,,,
Method:nads-net,Method:nads-net,Method,Method,,,,,,,,,
Method:naf,Method:naf,Method,Method,,,,,,,,,
Method:nap3d,Method:nap3d,Method,Method,,,,,,,,,
Method:napa,Method:napa,Method,Method,,,,,,,,,
Method:navtech-radar-slam,Method:navtech-radar-slam,Method,Method,,,,,,,,,
Method:ncnn,Method:ncnn,Method,Method,,,,,,,,,
Method:ndt,Method:ndt,Method,Method,,,,,,,,,
Method:ndt_omp,Method:ndt_omp,Method,Method,,,,,,,,,
Method:nearest,Method:nearest,Method,Method,,,,,,,,,
Method:neat,Method:neat,Method,Method,,,,,,,,,
Method:neighborhood,Method:neighborhood,Method,Method,,,,,,,,,
Method:nelf,Method:nelf,Method,Method,,,,,,,,,
Method:nemf,Method:nemf,Method,Method,,,,,,,,,
Method:nemo,Method:nemo,Method,Method,,,,,,,,,
Method:nerf,Method:nerf,Method,Method,,,,,,,,,
Method:nerf,Method:nerf,Method,Method,,,,,,,,,
Method:nerf,Method:nerf,Method,Method,,,,,,,,,
Method:nerf,Method:nerf,Method,Method,,,,,,,,,
Method:nerf,Method:nerf,Method,Method,,,,,,,,,
Method:nerf,Method:nerf,Method,Method,,,,,,,,,
Method:nerf,Method:nerf,Method,Method,,,,,,,,,
Method:nerf,Method:nerf,Method,Method,,,,,,,,,
Method:nerf++,Method:nerf++,Method,Method,,,,,,,,,
Method:nerf--,Method:nerf--,Method,Method,,,,,,,,,
Method:nerf-art,Method:nerf-art,Method,Method,,,,,,,,,
Method:nerf-aug,Method:nerf-aug,Method,Method,,,,,,,,,
Method:nerf-based,Method:nerf-based,Method,Method,,,,,,,,,
Method:nerf-ensembles,Method:nerf-ensembles,Method,Method,,,,,,,,,
Method:nerf-gaze,Method:nerf-gaze,Method,Method,,,,,,,,,
Method:nerf-guided,Method:nerf-guided,Method,Method,,,,,,,,,
Method:nerf-mae,Method:nerf-mae,Method,Method,,,,,,,,,
Method:nerf-meta,Method:nerf-meta,Method,Method,,,,,,,,,
Method:nerf-mir,Method:nerf-mir,Method,Method,,,,,,,,,
Method:nerf-nqa,Method:nerf-nqa,Method,Method,,,,,,,,,
Method:nerf-osr,Method:nerf-osr,Method,Method,,,,,,,,,
Method:nerf-rpn,Method:nerf-rpn,Method,Method,,,,,,,,,
Method:nerf-slam,Method:nerf-slam,Method,Method,,,,,,,,,
Method:nerf-sos,Method:nerf-sos,Method,Method,,,,,,,,,
Method:nerf-sr,Method:nerf-sr,Method,Method,,,,,,,,,
Method:nerf-supervised,Method:nerf-supervised,Method,Method,,,,,,,,,
Method:nerf-texture,Method:nerf-texture,Method,Method,,,,,,,,,
Method:nerf-vo,Method:nerf-vo,Method,Method,,,,,,,,,
Method:nerf2mesh,Method:nerf2mesh,Method,Method,,,,,,,,,
Method:nerf2physics,Method:nerf2physics,Method,Method,,,,,,,,,
Method:nerf_pl,Method:nerf_pl,Method,Method,,,,,,,,,
Method:nerfacc,Method:nerfacc,Method,Method,,,,,,,,,
Method:nerfactor,Method:nerfactor,Method,Method,,,,,,,,,
Method:nerfae,Method:nerfae,Method,Method,,,,,,,,,
Method:nerfbaselines,Method:nerfbaselines,Method,Method,,,,,,,,,
Method:nerffaceediting,Method:nerffaceediting,Method,Method,,,,,,,,,
Method:nerffacespeech,Method:nerffacespeech,Method,Method,,,,,,,,,
Method:nerfgans,Method:nerfgans,Method,Method,,,,,,,,,
Method:nerfies,Method:nerfies,Method,Method,,,,,,,,,
Method:nerfify,Method:nerfify,Method,Method,,,,,,,,,
Method:nerfingmvs,Method:nerfingmvs,Method,Method,,,,,,,,,
Method:nerfmm,Method:nerfmm,Method,Method,,,,,,,,,
Method:nerformer,Method:nerformer,Method,Method,,,,,,,,,
Method:nerfren,Method:nerfren,Method,Method,,,,,,,,,
Method:nerfscopy,Method:nerfscopy,Method,Method,,,,,,,,,
Method:nerfstudio,Method:nerfstudio,Method,Method,,,,,,,,,
Method:nerfviewcontroller,Method:nerfviewcontroller,Method,Method,,,,,,,,,
Method:nerp3d,Method:nerp3d,Method,Method,,,,,,,,,
Method:neumesh,Method:neumesh,Method,Method,,,,,,,,,
Method:neural,Method:neural,Method,Method,,,,,,,,,
Method:neural,Method:neural,Method,Method,,,,,,,,,
Method:neural,Method:neural,Method,Method,,,,,,,,,
Method:neural,Method:neural,Method,Method,,,,,,,,,
Method:neural,Method:neural,Method,Method,,,,,,,,,
Method:neural,Method:neural,Method,Method,,,,,,,,,
Method:neural,Method:neural,Method,Method,,,,,,,,,
Method:neural,Method:neural,Method,Method,,,,,,,,,
Method:neural,Method:neural,Method,Method,,,,,,,,,
Method:neural,Method:neural,Method,Method,,,,,,,,,
Method:neural,Method:neural,Method,Method,,,,,,,,,
Method:neural,Method:neural,Method,Method,,,,,,,,,
Method:neural,Method:neural,Method,Method,,,,,,,,,
Method:neural,Method:neural,Method,Method,,,,,,,,,
Method:neural,Method:neural,Method,Method,,,,,,,,,
Method:neural,Method:neural,Method,Method,,,,,,,,,
Method:neural,Method:neural,Method,Method,,,,,,,,,
Method:neural,Method:neural,Method,Method,,,,,,,,,
Method:neural,Method:neural,Method,Method,,,,,,,,,
Method:neural,Method:neural,Method,Method,,,,,,,,,
Method:neural,Method:neural,Method,Method,,,,,,,,,
Method:neural,Method:neural,Method,Method,,,,,,,,,
Method:neural,Method:neural,Method,Method,,,,,,,,,
Method:neural,Method:neural,Method,Method,,,,,,,,,
Method:neural,Method:neural,Method,Method,,,,,,,,,
Method:neural,Method:neural,Method,Method,,,,,,,,,
Method:neural,Method:neural,Method,Method,,,,,,,,,
Method:neuralangelo,Method:neuralangelo,Method,Method,,,,,,,,,
Method:neuralfusion,Method:neuralfusion,Method,Method,,,,,,,,,
Method:neurallift-360,Method:neurallift-360,Method,Method,,,,,,,,,
Method:neuralreconw,Method:neuralreconw,Method,Method,,,,,,,,,
Method:neuraludf,Method:neuraludf,Method,Method,,,,,,,,,
Method:neuralwarp,Method:neuralwarp,Method,Method,,,,,,,,,
Method:neuray,Method:neuray,Method,Method,,,,,,,,,
Method:neuropump,Method:neuropump,Method,Method,,,,,,,,,
Method:neus,Method:neus,Method,Method,,,,,,,,,
Method:neus-acc,Method:neus-acc,Method,Method,,,,,,,,,
Method:neus-facto,Method:neus-facto,Method,Method,,,,,,,,,
Method:neus-facto-angelo,Method:neus-facto-angelo,Method,Method,,,,,,,,,
Method:neus-facto-bigmlp,Method:neus-facto-bigmlp,Method,Method,,,,,,,,,
Method:neus-ngp,Method:neus-ngp,Method,Method,,,,,,,,,
Method:nevstereo,Method:nevstereo,Method,Method,,,,,,,,,
Method:nexels,Method:nexels,Method,Method,,,,,,,,,
Method:next,Method:next,Method,Method,,,,,,,,,
Method:next,Method:next,Method,Method,,,,,,,,,
Method:next3d,Method:next3d,Method,Method,,,,,,,,,
Method:ng-gs,Method:ng-gs,Method,Method,,,,,,,,,
Method:ngp,Method:ngp,Method,Method,,,,,,,,,
Method:ngp_pl,Method:ngp_pl,Method,Method,,,,,,,,,
Method:nice-slam,Method:nice-slam,Method,Method,,,,,,,,,
Method:node-rf,Method:node-rf,Method,Method,,,,,,,,,
Method:nodemicmac,Method:nodemicmac,Method,Method,,,,,,,,,
Method:noise-resilient,Method:noise-resilient,Method,Method,,,,,,,,,
Method:non-manifold,Method:non-manifold,Method,Method,,,,,,,,,
Method:non-minimal,Method:non-minimal,Method,Method,,,,,,,,,
Method:non-rigid,Method:non-rigid,Method,Method,,,,,,,,,
Method:nonlinear,Method:nonlinear,Method,Method,,,,,,,,,
Method:nonlinear,Method:nonlinear,Method,Method,,,,,,,,,
Method:nonparametric,Method:nonparametric,Method,Method,,,,,,,,,
Method:nonparametric,Method:nonparametric,Method,Method,,,,,,,,,
Method:nonsac,Method:nonsac,Method,Method,,,,,,,,,
Method:nope-nerf,Method:nope-nerf,Method,Method,,,,,,,,,
Method:nope-sac,Method:nope-sac,Method,Method,,,,,,,,,
Method:nopo4d,Method:nopo4d,Method,Method,,,,,,,,,
Method:normal-clustering-nerf,Method:normal-clustering-nerf,Method,Method,,,,,,,,,
Method:normal-to-depth,Method:normal-to-depth,Method,Method,,,,,,,,,
Method:normalflow,Method:normalflow,Method,Method,,,,,,,,,
Method:normalgan,Method:normalgan,Method,Method,,,,,,,,,
Method:normalizing,Method:normalizing,Method,Method,,,,,,,,,
Method:nrhints,Method:nrhints,Method,Method,,,,,,,,,
Method:nrityantar,Method:nrityantar,Method,Method,,,,,,,,,
Method:nsff,Method:nsff,Method,Method,,,,,,,,,
Method:nsrm,Method:nsrm,Method,Method,,,,,,,,,
Method:nsrmhand,Method:nsrmhand,Method,Method,,,,,,,,,
Method:nvcomposer,Method:nvcomposer,Method,Method,,,,,,,,,
Method:nvidia,Method:nvidia,Method,Method,,,,,,,,,
Method:nvidia,Method:nvidia,Method,Method,,,,,,,,,
Method:nvs-ho,Method:nvs-ho,Method,Method,,,,,,,,,
Method:oab,Method:oab,Method,Method,,,,,,,,,
Method:ob_gins,Method:ob_gins,Method,Method,,,,,,,,,
Method:object,Method:object,Method,Method,,,,,,,,,
Method:object,Method:object,Method,Method,,,,,,,,,
Method:object,Method:object,Method,Method,,,,,,,,,
Method:object-aware,Method:object-aware,Method,Method,,,,,,,,,
Method:object-based,Method:object-based,Method,Method,,,,,,,,,
Method:object-compositional,Method:object-compositional,Method,Method,,,,,,,,,
Method:object-level,Method:object-level,Method,Method,,,,,,,,,
Method:object-nerf,Method:object-nerf,Method,Method,,,,,,,,,
Method:object-oriented,Method:object-oriented,Method,Method,,,,,,,,,
Method:object-oriented,Method:object-oriented,Method,Method,,,,,,,,,
Method:objectness-based,Method:objectness-based,Method,Method,,,,,,,,,
Method:objview-bench,Method:objview-bench,Method,Method,,,,,,,,,
Method:occlusion-aware,Method:occlusion-aware,Method,Method,,,,,,,,,
Method:occupancy,Method:occupancy,Method,Method,,,,,,,,,
Method:occupancy-based,Method:occupancy-based,Method,Method,,,,,,,,,
Method:och3r,Method:och3r,Method,Method,,,,,,,,,
Method:ocpose,Method:ocpose,Method,Method,,,,,,,,,
Method:octomap,Method:octomap,Method,Method,,,,,,,,,
Method:odin,Method:odin,Method,Method,,,,,,,,,
Method:off-axis,Method:off-axis,Method,Method,,,,,,,,,
Method:okvis,Method:okvis,Method,Method,,,,,,,,,
Method:omad,Method:omad,Method,Method,,,,,,,,,
Method:omadnet,Method:omadnet,Method,Method,,,,,,,,,
Method:omni-gaussian,Method:omni-gaussian,Method,Method,,,,,,,,,
Method:omni-posex,Method:omni-posex,Method,Method,,,,,,,,,
Method:omni-scene,Method:omni-scene,Method,Method,,,,,,,,,
Method:omnidirectional,Method:omnidirectional,Method,Method,,,,,,,,,
Method:omnidirectional,Method:omnidirectional,Method,Method,,,,,,,,,
Method:omninerf,Method:omninerf,Method,Method,,,,,,,,,
Method:omniverse,Method:omniverse,Method,Method,,,,,,,,,
Method:on-the-fly,Method:on-the-fly,Method,Method,,,,,,,,,
Method:one-2-3-45,Method:one-2-3-45,Method,Method,,,,,,,,,
Method:one-shot,Method:one-shot,Method,Method,,,,,,,,,
Method:one-step,Method:one-step,Method,Method,,,,,,,,,
Method:onediffusion,Method:onediffusion,Method,Method,,,,,,,,,
Method:onerf,Method:onerf,Method,Method,,,,,,,,,
Method:oneviewall,Method:oneviewall,Method,Method,,,,,,,,,
Method:onnx,Method:onnx,Method,Method,,,,,,,,,
Method:onnxruntime,Method:onnxruntime,Method,Method,,,,,,,,,
Method:ood-cv,Method:ood-cv,Method,Method,,,,,,,,,
Method:open3d_slam,Method:open3d_slam,Method,Method,,,,,,,,,
Method:open3dcv,Method:open3dcv,Method,Method,,,,,,,,,
Method:opencv,Method:opencv,Method,Method,,,,,,,,,
Method:opencv2,Method:opencv2,Method,Method,,,,,,,,,
Method:opengl,Method:opengl,Method,Method,,,,,,,,,
Method:openhype,Method:openhype,Method,Method,,,,,,,,,
Method:openmvg,Method:openmvg,Method,Method,,,,,,,,,
Method:openpifpaf,Method:openpifpaf,Method,Method,,,,,,,,,
Method:openpose,Method:openpose,Method,Method,,,,,,,,,
Method:openpose-darknet,Method:openpose-darknet,Method,Method,,,,,,,,,
Method:openvino,Method:openvino,Method,Method,,,,,,,,,
Method:openvins,Method:openvins,Method,Method,,,,,,,,,
Method:opg,Method:opg,Method,Method,,,,,,,,,
Method:optical,Method:optical,Method,Method,,,,,,,,,
Method:optimal,Method:optimal,Method,Method,,,,,,,,,
Method:optimal,Method:optimal,Method,Method,,,,,,,,,
Method:optimization-based,Method:optimization-based,Method,Method,,,,,,,,,
Method:orb,Method:orb,Method,Method,,,,,,,,,
Method:orb,Method:orb,Method,Method,,,,,,,,,
Method:orb-slam,Method:orb-slam,Method,Method,,,,,,,,,
Method:orb-slam2,Method:orb-slam2,Method,Method,,,,,,,,,
Method:orb-slam2_with_semantic_label,Method:orb-slam2_with_semantic_label,Method,Method,,,,,,,,,
Method:orb-slam3,Method:orb-slam3,Method,Method,,,,,,,,,
Method:orb-slam3-rgbl,Method:orb-slam3-rgbl,Method,Method,,,,,,,,,
Method:orbit2ground,Method:orbit2ground,Method,Method,,,,,,,,,
Method:orientation-aware,Method:orientation-aware,Method,Method,,,,,,,,,
Method:orinet,Method:orinet,Method,Method,,,,,,,,,
Method:orthogonal,Method:orthogonal,Method,Method,,,,,,,,,
Method:orthogonal,Method:orthogonal,Method,Method,,,,,,,,,
Method:ot-uvgs,Method:ot-uvgs,Method,Method,,,,,,,,,
Method:overlapnet,Method:overlapnet,Method,Method,,,,,,,,,
Method:p-nms,Method:p-nms,Method,Method,,,,,,,,,
Method:p1ac,Method:p1ac,Method,Method,,,,,,,,,
Method:p3haoi,Method:p3haoi,Method,Method,,,,,,,,,
Method:pace,Method:pace,Method,Method,,,,,,,,,
Method:pace-sim,Method:pace-sim,Method,Method,,,,,,,,,
Method:pad,Method:pad,Method,Method,,,,,,,,,
Method:padmix,Method:padmix,Method,Method,,,,,,,,,
Method:pafs,Method:pafs,Method,Method,,,,,,,,,
Method:pagas,Method:pagas,Method,Method,,,,,,,,,
Method:pager,Method:pager,Method,Method,,,,,,,,,
Method:painpainter,Method:painpainter,Method,Method,,,,,,,,,
Method:palettenerf,Method:palettenerf,Method,Method,,,,,,,,,
Method:pam,Method:pam,Method,Method,,,,,,,,,
Method:pamir,Method:pamir,Method,Method,,,,,,,,,
Method:pamosplat,Method:pamosplat,Method,Method,,,,,,,,,
Method:pangolin,Method:pangolin,Method,Method,,,,,,,,,
Method:pano,Method:pano,Method,Method,,,,,,,,,
Method:panoptic3d,Method:panoptic3d,Method,Method,,,,,,,,,
Method:panoptic3d,Method:panoptic3d,Method,Method,,,,,,,,,
Method:panoramic,Method:panoramic,Method,Method,,,,,,,,,
Method:panoramic,Method:panoramic,Method,Method,,,,,,,,,
Method:panoslam,Method:panoslam,Method,Method,,,,,,,,,
Method:panovggt,Method:panovggt,Method,Method,,,,,,,,,
Method:panoworld,Method:panoworld,Method,Method,,,,,,,,,
Method:papnet,Method:papnet,Method,Method,,,,,,,,,
Method:parallel,Method:parallel,Method,Method,,,,,,,,,
Method:parametric,Method:parametric,Method,Method,,,,,,,,,
Method:parametric,Method:parametric,Method,Method,,,,,,,,,
Method:part,Method:part,Method,Method,,,,,,,,,
Method:part-guided,Method:part-guided,Method,Method,,,,,,,,,
Method:particle,Method:particle,Method,Method,,,,,,,,,
Method:particle,Method:particle,Method,Method,,,,,,,,,
Method:particle,Method:particle,Method,Method,,,,,,,,,
Method:particle,Method:particle,Method,Method,,,,,,,,,
Method:particle,Method:particle,Method,Method,,,,,,,,,
Method:partnerface,Method:partnerface,Method,Method,,,,,,,,,
Method:pasr,Method:pasr,Method,Method,,,,,,,,,
Method:passive,Method:passive,Method,Method,,,,,,,,,
Method:patch-based,Method:patch-based,Method,Method,,,,,,,,,
Method:patch-based,Method:patch-based,Method,Method,,,,,,,,,
Method:patchmatch-stereo-panorama,Method:patchmatch-stereo-panorama,Method,Method,,,,,,,,,
Method:patchpoison,Method:patchpoison,Method,Method,,,,,,,,,
Method:pave-net,Method:pave-net,Method,Method,,,,,,,,,
Method:paz,Method:paz,Method,Method,,,,,,,,,
Method:pcfex,Method:pcfex,Method,Method,,,,,,,,,
Method:pcl,Method:pcl,Method,Method,,,,,,,,,
Method:pcl,Method:pcl,Method,Method,,,,,,,,,
Method:pcls,Method:pcls,Method,Method,,,,,,,,,
Method:pcm-nerf,Method:pcm-nerf,Method,Method,,,,,,,,,
Method:pcof-mod,Method:pcof-mod,Method,Method,,,,,,,,,
Method:pcrnet,Method:pcrnet,Method,Method,,,,,,,,,
Method:pe-former,Method:pe-former,Method,Method,,,,,,,,,
Method:peng,Method:peng,Method,Method,,,,,,,,,
Method:peoplesanspeople,Method:peoplesanspeople,Method,Method,,,,,,,,,
Method:per-joint,Method:per-joint,Method,Method,,,,,,,,,
Method:perbite,Method:perbite,Method,Method,,,,,,,,,
Method:perception,Method:perception,Method,Method,,,,,,,,,
Method:percepttwin,Method:percepttwin,Method,Method,,,,,,,,,
Method:perf,Method:perf,Method,Method,,,,,,,,,
Method:permutation,Method:permutation,Method,Method,,,,,,,,,
Method:permutosdf,Method:permutosdf,Method,Method,,,,,,,,,
Method:persistgs,Method:persistgs,Method,Method,,,,,,,,,
Method:person,Method:person,Method,Method,,,,,,,,,
Method:person,Method:person,Method,Method,,,,,,,,,
Method:perspective,Method:perspective,Method,Method,,,,,,,,,
Method:perspective,Method:perspective,Method,Method,,,,,,,,,
Method:perspective-n-points,Method:perspective-n-points,Method,Method,,,,,,,,,
Method:pet-adapter,Method:pet-adapter,Method,Method,,,,,,,,,
Method:pet-neus,Method:pet-neus,Method,Method,,,,,,,,,
Method:pf-lrm,Method:pf-lrm,Method,Method,,,,,,,,,
Method:pf3plat,Method:pf3plat,Method,Method,,,,,,,,,
Method:pfavatar,Method:pfavatar,Method,Method,,,,,,,,,
Method:pfgs360,Method:pfgs360,Method,Method,,,,,,,,,
Method:pgganet,Method:pgganet,Method,Method,,,,,,,,,
Method:pgn,Method:pgn,Method,Method,,,,,,,,,
Method:pgpg,Method:pgpg,Method,Method,,,,,,,,,
Method:phase-separated,Method:phase-separated,Method,Method,,,,,,,,,
Method:phe,Method:phe,Method,Method,,,,,,,,,
Method:photogrammetry,Method:photogrammetry,Method,Method,,,,,,,,,
Method:phygenhoi,Method:phygenhoi,Method,Method,,,,,,,,,
Method:physconvex,Method:physconvex,Method,Method,,,,,,,,,
Method:physhandi,Method:physhandi,Method,Method,,,,,,,,,
Method:physical-aware,Method:physical-aware,Method,Method,,,,,,,,,
Method:physics-based,Method:physics-based,Method,Method,,,,,,,,,
Method:physics-based,Method:physics-based,Method,Method,,,,,,,,,
Method:physics-informed,Method:physics-informed,Method,Method,,,,,,,,,
Method:pi-def,Method:pi-def,Method,Method,,,,,,,,,
Method:pi-gs,Method:pi-gs,Method,Method,,,,,,,,,
Method:pickalo,Method:pickalo,Method,Method,,,,,,,,,
Method:pid,Method:pid,Method,Method,,,,,,,,,
Method:pifu,Method:pifu,Method,Method,,,,,,,,,
Method:pilot,Method:pilot,Method,Method,,,,,,,,,
Method:pim,Method:pim,Method,Method,,,,,,,,,
Method:pin-slam,Method:pin-slam,Method,Method,,,,,,,,,
Method:pinhole,Method:pinhole,Method,Method,,,,,,,,,
Method:pipe,Method:pipe,Method,Method,,,,,,,,,
Method:pix2nphm,Method:pix2nphm,Method,Method,,,,,,,,,
Method:pix2pixgan,Method:pix2pixgan,Method,Method,,,,,,,,,
Method:pix3d,Method:pix3d,Method,Method,,,,,,,,,
Method:pixal3d,Method:pixal3d,Method,Method,,,,,,,,,
Method:pixel-aligned,Method:pixel-aligned,Method,Method,,,,,,,,,
Method:pixel-to-pixel,Method:pixel-to-pixel,Method,Method,,,,,,,,,
Method:pixelnerf,Method:pixelnerf,Method,Method,,,,,,,,,
Method:pixelsplat,Method:pixelsplat,Method,Method,,,,,,,,,
Method:pixlrelight,Method:pixlrelight,Method,Method,,,,,,,,,
Method:pl-vins,Method:pl-vins,Method,Method,,,,,,,,,
Method:plainnerf,Method:plainnerf,Method,Method,,,,,,,,,
Method:planarreconstruction,Method:planarreconstruction,Method,Method,,,,,,,,,
Method:plane,Method:plane,Method,Method,,,,,,,,,
Method:plane,Method:plane,Method,Method,,,,,,,,,
Method:plane-aware,Method:plane-aware,Method,Method,,,,,,,,,
Method:plane-based,Method:plane-based,Method,Method,,,,,,,,,
Method:planedict,Method:planedict,Method,Method,,,,,,,,,
Method:plankassembly,Method:plankassembly,Method,Method,,,,,,,,,
Method:plenoxels,Method:plenoxels,Method,Method,,,,,,,,,
Method:plink,Method:plink,Method,Method,,,,,,,,,
Method:plivoxs,Method:plivoxs,Method,Method,,,,,,,,,
Method:plp-slam,Method:plp-slam,Method,Method,,,,,,,,,
Method:pmpnbp,Method:pmpnbp,Method,Method,,,,,,,,,
Method:pmpose,Method:pmpose,Method,Method,,,,,,,,,
Method:pnerf,Method:pnerf,Method,Method,,,,,,,,,
Method:pnerfloc,Method:pnerfloc,Method,Method,,,,,,,,,
Method:pnp,Method:pnp,Method,Method,,,,,,,,,
Method:pnp,Method:pnp,Method,Method,,,,,,,,,
Method:poet,Method:poet,Method,Method,,,,,,,,,
Method:poinav,Method:poinav,Method,Method,,,,,,,,,
Method:poinav-bench,Method:poinav-bench,Method,Method,,,,,,,,,
Method:poinit-of-view,Method:poinit-of-view,Method,Method,,,,,,,,,
Method:point,Method:point,Method,Method,,,,,,,,,
Method:point,Method:point,Method,Method,,,,,,,,,
Method:point,Method:point,Method,Method,,,,,,,,,
Method:point-based,Method:point-based,Method,Method,,,,,,,,,
Method:point-frame,Method:point-frame,Method,Method,,,,,,,,,
Method:point-lio,Method:point-lio,Method,Method,,,,,,,,,
Method:point-nerf,Method:point-nerf,Method,Method,,,,,,,,,
Method:point-to-ellipsoid,Method:point-to-ellipsoid,Method,Method,,,,,,,,,
Method:point2pose,Method:point2pose,Method,Method,,,,,,,,,
Method:pointnet,Method:pointnet,Method,Method,,,,,,,,,
Method:pointvotenet,Method:pointvotenet,Method,Method,,,,,,,,,
Method:pola4all,Method:pola4all,Method,Method,,,,,,,,,
Method:polarguide-gsdr,Method:polarguide-gsdr,Method,Method,,,,,,,,,
Method:polarimetric,Method:polarimetric,Method,Method,,,,,,,,,
Method:polarimetric,Method:polarimetric,Method,Method,,,,,,,,,
Method:polarimetric,Method:polarimetric,Method,Method,,,,,,,,,
Method:poli,Method:poli,Method,Method,,,,,,,,,
Method:polyfit,Method:polyfit,Method,Method,,,,,,,,,
Method:polyform,Method:polyform,Method,Method,,,,,,,,,
Method:ponder,Method:ponder,Method,Method,,,,,,,,,
Method:ponet,Method:ponet,Method,Method,,,,,,,,,
Method:pop-net,Method:pop-net,Method,Method,,,,,,,,,
Method:pop-up,Method:pop-up,Method,Method,,,,,,,,,
Method:pope,Method:pope,Method,Method,,,,,,,,,
Method:portrait,Method:portrait,Method,Method,,,,,,,,,
Method:portrait4d,Method:portrait4d,Method,Method,,,,,,,,,
Method:posa,Method:posa,Method,Method,,,,,,,,,
Method:pose,Method:pose,Method,Method,,,,,,,,,
Method:pose,Method:pose,Method,Method,,,,,,,,,
Method:pose,Method:pose,Method,Method,,,,,,,,,
Method:pose,Method:pose,Method,Method,,,,,,,,,
Method:pose,Method:pose,Method,Method,,,,,,,,,
Method:pose,Method:pose,Method,Method,,,,,,,,,
Method:pose,Method:pose,Method,Method,,,,,,,,,
Method:pose,Method:pose,Method,Method,,,,,,,,,
Method:pose,Method:pose,Method,Method,,,,,,,,,
Method:pose,Method:pose,Method,Method,,,,,,,,,
Method:pose,Method:pose,Method,Method,,,,,,,,,
Method:pose,Method:pose,Method,Method,,,,,,,,,
Method:pose,Method:pose,Method,Method,,,,,,,,,
Method:pose,Method:pose,Method,Method,,,,,,,,,
Method:pose,Method:pose,Method,Method,,,,,,,,,
Method:pose,Method:pose,Method,Method,,,,,,,,,
Method:pose,Method:pose,Method,Method,,,,,,,,,
Method:pose,Method:pose,Method,Method,,,,,,,,,
Method:pose-accompanied,Method:pose-accompanied,Method,Method,,,,,,,,,
Method:pose-aware,Method:pose-aware,Method,Method,,,,,,,,,
Method:pose-aware,Method:pose-aware,Method,Method,,,,,,,,,
Method:pose-aware,Method:pose-aware,Method,Method,,,,,,,,,
Method:pose-aware,Method:pose-aware,Method,Method,,,,,,,,,
Method:pose-conditioned,Method:pose-conditioned,Method,Method,,,,,,,,,
Method:pose-conditioned,Method:pose-conditioned,Method,Method,,,,,,,,,
Method:pose-disentangled,Method:pose-disentangled,Method,Method,,,,,,,,,
Method:pose-disentangled,Method:pose-disentangled,Method,Method,,,,,,,,,
Method:pose-free,Method:pose-free,Method,Method,,,,,,,,,
Method:pose-graph,Method:pose-graph,Method,Method,,,,,,,,,
Method:pose-guided,Method:pose-guided,Method,Method,,,,,,,,,
Method:pose-irrelevant,Method:pose-irrelevant,Method,Method,,,,,,,,,
Method:pose-ldm,Method:pose-ldm,Method,Method,,,,,,,,,
Method:pose-only,Method:pose-only,Method,Method,,,,,,,,,
Method:pose-to-motion,Method:pose-to-motion,Method,Method,,,,,,,,,
Method:pose2motion,Method:pose2motion,Method,Method,,,,,,,,,
Method:pose2pose,Method:pose2pose,Method,Method,,,,,,,,,
Method:pose2rgbd,Method:pose2rgbd,Method,Method,,,,,,,,,
Method:pose2sim,Method:pose2sim,Method,Method,,,,,,,,,
Method:pose6d,Method:pose6d,Method,Method,,,,,,,,,
Method:poseanything,Method:poseanything,Method,Method,,,,,,,,,
Method:posebridge,Method:posebridge,Method,Method,,,,,,,,,
Method:posefix,Method:posefix,Method,Method,,,,,,,,,
Method:posefix,Method:posefix,Method,Method,,,,,,,,,
Method:poseflow,Method:poseflow,Method,Method,,,,,,,,,
Method:posefm,Method:posefm,Method,Method,,,,,,,,,
Method:poseformerv2,Method:poseformerv2,Method,Method,,,,,,,,,
Method:posefromshape,Method:posefromshape,Method,Method,,,,,,,,,
Method:posegam,Method:posegam,Method,Method,,,,,,,,,
Method:posegen,Method:posegen,Method,Method,,,,,,,,,
Method:posehrnet,Method:posehrnet,Method,Method,,,,,,,,,
Method:posekan,Method:posekan,Method,Method,,,,,,,,,
Method:poselectr,Method:poselectr,Method,Method,,,,,,,,,
Method:posenet,Method:posenet,Method,Method,,,,,,,,,
Method:poseosc,Method:poseosc,Method,Method,,,,,,,,,
Method:posestreamer,Method:posestreamer,Method,Method,,,,,,,,,
Method:posetriplet,Method:posetriplet,Method,Method,,,,,,,,,
Method:posevocab,Method:posevocab,Method,Method,,,,,,,,,
Method:position,Method:position,Method,Method,,,,,,,,,
Method:potr,Method:potr,Method,Method,,,,,,,,,
Method:poze,Method:poze,Method,Method,,,,,,,,,
Method:ppd,Method:ppd,Method,Method,,,,,,,,,
Method:ppo,Method:ppo,Method,Method,,,,,,,,,
Method:pranet,Method:pranet,Method,Method,,,,,,,,,
Method:precise,Method:precise,Method,Method,,,,,,,,,
Method:predict--optimize--distill,Method:predict--optimize--distill,Method,Method,,,,,,,,,
Method:predictive,Method:predictive,Method,Method,,,,,,,,,
Method:prescan,Method:prescan,Method,Method,,,,,,,,,
Method:prg,Method:prg,Method,Method,,,,,,,,,
Method:prima6d++,Method:prima6d++,Method,Method,,,,,,,,,
Method:prior-guided,Method:prior-guided,Method,Method,,,,,,,,,
Method:prior-guided,Method:prior-guided,Method,Method,,,,,,,,,
Method:prn,Method:prn,Method,Method,,,,,,,,,
Method:probabilistic,Method:probabilistic,Method,Method,,,,,,,,,
Method:probabilistic,Method:probabilistic,Method,Method,,,,,,,,,
Method:probabilistic,Method:probabilistic,Method,Method,,,,,,,,,
Method:probnerf,Method:probnerf,Method,Method,,,,,,,,,
Method:probpose,Method:probpose,Method,Method,,,,,,,,,
Method:procnet,Method:procnet,Method,Method,,,,,,,,,
Method:profusion,Method:profusion,Method,Method,,,,,,,,,
Method:progressive,Method:progressive,Method,Method,,,,,,,,,
Method:progressive,Method:progressive,Method,Method,,,,,,,,,
Method:progressive,Method:progressive,Method,Method,,,,,,,,,
Method:progressively,Method:progressively,Method,Method,,,,,,,,,
Method:project-and-compare,Method:project-and-compare,Method,Method,,,,,,,,,
Method:projection,Method:projection,Method,Method,,,,,,,,,
Method:projective,Method:projective,Method,Method,,,,,,,,,
Method:projective,Method:projective,Method,Method,,,,,,,,,
Method:projective,Method:projective,Method,Method,,,,,,,,,
Method:prolificdreamer,Method:prolificdreamer,Method,Method,,,,,,,,,
Method:prom,Method:prom,Method,Method,,,,,,,,,
Method:prometheus,Method:prometheus,Method,Method,,,,,,,,,
Method:prompt2nerf-pil,Method:prompt2nerf-pil,Method,Method,,,,,,,,,
Method:propliks,Method:propliks,Method,Method,,,,,,,,,
Method:proposal,Method:proposal,Method,Method,,,,,,,,,
Method:proposed,Method:proposed,Method,Method,,,,,,,,,
Method:protection,Method:protection,Method,Method,,,,,,,,,
Method:provably,Method:provably,Method,Method,,,,,,,,,
Method:psdf,Method:psdf,Method,Method,,,,,,,,,
Method:psdf,Method:psdf,Method,Method,,,,,,,,,
Method:pseudo,Method:pseudo,Method,Method,,,,,,,,,
Method:pseudo-3d,Method:pseudo-3d,Method,Method,,,,,,,,,
Method:pspnet,Method:pspnet,Method,Method,,,,,,,,,
Method:pssnet,Method:pssnet,Method,Method,,,,,,,,,
Method:pt2pc,Method:pt2pc,Method,Method,,,,,,,,,
Method:ptam,Method:ptam,Method,Method,,,,,,,,,
Method:ptdrop,Method:ptdrop,Method,Method,,,,,,,,,
Method:pu-gan,Method:pu-gan,Method,Method,,,,,,,,,
Method:pull,Method:pull,Method,Method,,,,,,,,,
Method:pv-lio,Method:pv-lio,Method,Method,,,,,,,,,
Method:pvd,Method:pvd,Method,Method,,,,,,,,,
Method:pvio,Method:pvio,Method,Method,,,,,,,,,
Method:pvn3d,Method:pvn3d,Method,Method,,,,,,,,,
Method:pvnet,Method:pvnet,Method,Method,,,,,,,,,
Method:pwc,Method:pwc,Method,Method,,,,,,,,,
Method:pwclo-net,Method:pwclo-net,Method,Method,,,,,,,,,
Method:pycolmap,Method:pycolmap,Method,Method,,,,,,,,,
Method:pyicp,Method:pyicp,Method,Method,,,,,,,,,
Method:pymaf,Method:pymaf,Method,Method,,,,,,,,,
Method:pymaf-x,Method:pymaf-x,Method,Method,,,,,,,,,
Method:pyopf,Method:pyopf,Method,Method,,,,,,,,,
Method:pyramid,Method:pyramid,Method,Method,,,,,,,,,
Method:pyrapose,Method:pyrapose,Method,Method,,,,,,,,,
Method:pytorch,Method:pytorch,Method,Method,,,,,,,,,
Method:pytorch-pose,Method:pytorch-pose,Method,Method,,,,,,,,,
Method:q-nerf,Method:q-nerf,Method,Method,,,,,,,,,
Method:qf-es-ekf/ukf,Method:qf-es-ekf/ukf,Method,Method,,,,,,,,,
Method:qff,Method:qff,Method,Method,,,,,,,,,
Method:qiren,Method:qiren,Method,Method,,,,,,,,,
Method:qmt,Method:qmt,Method,Method,,,,,,,,,
Method:qnerf,Method:qnerf,Method,Method,,,,,,,,,
Method:qonvolution,Method:qonvolution,Method,Method,,,,,,,,,
Method:quadric,Method:quadric,Method,Method,,,,,,,,,
Method:quadric,Method:quadric,Method,Method,,,,,,,,,
Method:quality-aware,Method:quality-aware,Method,Method,,,,,,,,,
Method:quantised,Method:quantised,Method,Method,,,,,,,,,
Method:quantitative,Method:quantitative,Method,Method,,,,,,,,,
Method:quantized,Method:quantized,Method,Method,,,,,,,,,
Method:quantum,Method:quantum,Method,Method,,,,,,,,,
Method:quantum,Method:quantum,Method,Method,,,,,,,,,
Method:queried-convolutions,Method:queried-convolutions,Method,Method,,,,,,,,,
Method:query,Method:query,Method,Method,,,,,,,,,
Method:quest,Method:quest,Method,Method,,,,,,,,,
Method:quickpose,Method:quickpose,Method,Method,,,,,,,,,
Method:qvggt,Method:qvggt,Method,Method,,,,,,,,,
Method:r101,Method:r101,Method,Method,,,,,,,,,
Method:r2-talker,Method:r2-talker,Method,Method,,,,,,,,,
Method:r2l,Method:r2l,Method,Method,,,,,,,,,
Method:r3d-swin,Method:r3d-swin,Method,Method,,,,,,,,,
Method:r3gw,Method:r3gw,Method,Method,,,,,,,,,
Method:r3live,Method:r3live,Method,Method,,,,,,,,,
Method:r5dgs,Method:r5dgs,Method,Method,,,,,,,,,
Method:rablock,Method:rablock,Method,Method,,,,,,,,,
Method:rad-nerf,Method:rad-nerf,Method,Method,,,,,,,,,
Method:radharsimulator,Method:radharsimulator,Method,Method,,,,,,,,,
Method:radialundistort,Method:radialundistort,Method,Method,,,,,,,,,
Method:radiance,Method:radiance,Method,Method,,,,,,,,,
Method:raim,Method:raim,Method,Method,,,,,,,,,
Method:random,Method:random,Method,Method,,,,,,,,,
Method:random,Method:random,Method,Method,,,,,,,,,
Method:ranger,Method:ranger,Method,Method,,,,,,,,,
Method:ranrac,Method:ranrac,Method,Method,,,,,,,,,
Method:ransac,Method:ransac,Method,Method,,,,,,,,,
Method:rasepc,Method:rasepc,Method,Method,,,,,,,,,
Method:rasterized,Method:rasterized,Method,Method,,,,,,,,,
Method:rate-aware,Method:rate-aware,Method,Method,,,,,,,,,
Method:rawnerf,Method:rawnerf,Method,Method,,,,,,,,,
Method:ray,Method:ray,Method,Method,,,,,,,,,
Method:ray,Method:ray,Method,Method,,,,,,,,,
Method:ray-aware,Method:ray-aware,Method,Method,,,,,,,,,
Method:ray-space,Method:ray-space,Method,Method,,,,,,,,,
Method:rayconv,Method:rayconv,Method,Method,,,,,,,,,
Method:rayder,Method:rayder,Method,Method,,,,,,,,,
Method:rayformer,Method:rayformer,Method,Method,,,,,,,,,
Method:rays,Method:rays,Method,Method,,,,,,,,,
Method:rcd,Method:rcd,Method,Method,,,,,,,,,
Method:rcnn,Method:rcnn,Method,Method,,,,,,,,,
Method:rdd,Method:rdd,Method,Method,,,,,,,,,
Method:re-siamnets,Method:re-siamnets,Method,Method,,,,,,,,,
Method:reach,Method:reach,Method,Method,,,,,,,,,
Method:reach-net,Method:reach-net,Method,Method,,,,,,,,,
Method:read,Method:read,Method,Method,,,,,,,,,
Method:real-calibrated,Method:real-calibrated,Method,Method,,,,,,,,,
Method:real-time,Method:real-time,Method,Method,,,,,,,,,
Method:real3d-portrait,Method:real3d-portrait,Method,Method,,,,,,,,,
Method:realheponet,Method:realheponet,Method,Method,,,,,,,,,
Method:realpoint3d,Method:realpoint3d,Method,Method,,,,,,,,,
Method:realtime,Method:realtime,Method,Method,,,,,,,,,
Method:reasmory,Method:reasmory,Method,Method,,,,,,,,,
Method:recalab,Method:recalab,Method,Method,,,,,,,,,
Method:receptive,Method:receptive,Method,Method,,,,,,,,,
Method:recgen,Method:recgen,Method,Method,,,,,,,,,
Method:recondreamer,Method:recondreamer,Method,Method,,,,,,,,,
Method:recsync,Method:recsync,Method,Method,,,,,,,,,
Method:rectified,Method:rectified,Method,Method,,,,,,,,,
Method:recurrent,Method:recurrent,Method,Method,,,,,,,,,
Method:recurrent,Method:recurrent,Method,Method,,,,,,,,,
Method:recurrent,Method:recurrent,Method,Method,,,,,,,,,
Method:rede,Method:rede,Method,Method,,,,,,,,,
Method:reduced-order,Method:reduced-order,Method,Method,,,,,,,,,
Method:redundancy-aware,Method:redundancy-aware,Method,Method,,,,,,,,,
Method:reefmapgs,Method:reefmapgs,Method,Method,,,,,,,,,
Method:ref,Method:ref,Method,Method,,,,,,,,,
Method:ref-gs,Method:ref-gs,Method,Method,,,,,,,,,
Method:ref-nerf,Method:ref-nerf,Method,Method,,,,,,,,,
Method:ref-npr,Method:ref-npr,Method,Method,,,,,,,,,
Method:refine,Method:refine,Method,Method,,,,,,,,,
Method:refinement,Method:refinement,Method,Method,,,,,,,,,
Method:refinenet,Method:refinenet,Method,Method,,,,,,,,,
Method:reflection,Method:reflection,Method,Method,,,,,,,,,
Method:reflow6d,Method:reflow6d,Method,Method,,,,,,,,,
Method:refracgs,Method:refracgs,Method,Method,,,,,,,,,
Method:refusion,Method:refusion,Method,Method,,,,,,,,,
Method:regularized,Method:regularized,Method,Method,,,,,,,,,
Method:regulated,Method:regulated,Method,Method,,,,,,,,,
Method:rehearsalnerf,Method:rehearsalnerf,Method,Method,,,,,,,,,
Method:reinforced,Method:reinforced,Method,Method,,,,,,,,,
Method:relational,Method:relational,Method,Method,,,,,,,,,
Method:relational,Method:relational,Method,Method,,,,,,,,,
Method:relative-attention,Method:relative-attention,Method,Method,,,,,,,,,
Method:relative-pose,Method:relative-pose,Method,Method,,,,,,,,,
Method:relightable,Method:relightable,Method,Method,,,,,,,,,
Method:relighting4d,Method:relighting4d,Method,Method,,,,,,,,,
Method:reloc-vggt,Method:reloc-vggt,Method,Method,,,,,,,,,
Method:reloc3r,Method:reloc3r,Method,Method,,,,,,,,,
Method:relocalisation,Method:relocalisation,Method,Method,,,,,,,,,
Method:relu,Method:relu,Method,Method,,,,,,,,,
Method:remode,Method:remode,Method,Method,,,,,,,,,
Method:remp,Method:remp,Method,Method,,,,,,,,,
Method:render-and-compare,Method:render-and-compare,Method,Method,,,,,,,,,
Method:replicamultiagent,Method:replicamultiagent,Method,Method,,,,,,,,,
Method:repogen,Method:repogen,Method,Method,,,,,,,,,
Method:repose-nerf,Method:repose-nerf,Method,Method,,,,,,,,,
Method:reprojection-based,Method:reprojection-based,Method,Method,,,,,,,,,
Method:rerun,Method:rerun,Method,Method,,,,,,,,,
Method:resblock,Method:resblock,Method,Method,,,,,,,,,
Method:residual,Method:residual,Method,Method,,,,,,,,,
Method:residual,Method:residual,Method,Method,,,,,,,,,
Method:resnet,Method:resnet,Method,Method,,,,,,,,,
Method:resnets,Method:resnets,Method,Method,,,,,,,,,
Method:respose,Method:respose,Method,Method,,,,,,,,,
Method:resultant-based,Method:resultant-based,Method,Method,,,,,,,,,
Method:retrievevggt,Method:retrievevggt,Method,Method,,,,,,,,,
Method:reusable,Method:reusable,Method,Method,,,,,,,,,
Method:revealnet,Method:revealnet,Method,Method,,,,,,,,,
Method:reverberation-resistant,Method:reverberation-resistant,Method,Method,,,,,,,,,
Method:reverted,Method:reverted,Method,Method,,,,,,,,,
Method:rfpose-ot,Method:rfpose-ot,Method,Method,,,,,,,,,
Method:rgb-based,Method:rgb-based,Method,Method,,,,,,,,,
Method:rgb-d,Method:rgb-d,Method,Method,,,,,,,,,
Method:rgb-d,Method:rgb-d,Method,Method,,,,,,,,,
Method:rgb-l,Method:rgb-l,Method,Method,,,,,,,,,
Method:rib,Method:rib,Method,Method,,,,,,,,,
Method:riemannian,Method:riemannian,Method,Method,,,,,,,,,
Method:rigid,Method:rigid,Method,Method,,,,,,,,,
Method:rigid-invariant,Method:rigid-invariant,Method,Method,,,,,,,,,
Method:rigpapr,Method:rigpapr,Method,Method,,,,,,,,,
Method:ripe,Method:ripe,Method,Method,,,,,,,,,
Method:rkhspose,Method:rkhspose,Method,Method,,,,,,,,,
Method:rlepose,Method:rlepose,Method,Method,,,,,,,,,
Method:rmgs-slam,Method:rmgs-slam,Method,Method,,,,,,,,,
Method:rmp,Method:rmp,Method,Method,,,,,,,,,
Method:rmpe,Method:rmpe,Method,Method,,,,,,,,,
Method:rms,Method:rms,Method,Method,,,,,,,,,
Method:rnn,Method:rnn,Method,Method,,,,,,,,,
Method:road,Method:road,Method,Method,,,,,,,,,
Method:robopca,Method:robopca,Method,Method,,,,,,,,,
Method:robotpan,Method:robotpan,Method,Method,,,,,,,,,
Method:robust,Method:robust,Method,Method,,,,,,,,,
Method:robust,Method:robust,Method,Method,,,,,,,,,
Method:robust,Method:robust,Method,Method,,,,,,,,,
Method:robust,Method:robust,Method,Method,,,,,,,,,
Method:robust,Method:robust,Method,Method,,,,,,,,,
Method:rodin,Method:rodin,Method,Method,,,,,,,,,
Method:roll-out,Method:roll-out,Method,Method,,,,,,,,,
Method:roma,Method:roma,Method,Method,,,,,,,,,
Method:ron,Method:ron,Method,Method,,,,,,,,,
Method:room-aware,Method:room-aware,Method,Method,,,,,,,,,
Method:roomrecon,Method:roomrecon,Method,Method,,,,,,,,,
Method:root-tcn,Method:root-tcn,Method,Method,,,,,,,,,
Method:rootnet,Method:rootnet,Method,Method,,,,,,,,,
Method:ropetp,Method:ropetp,Method,Method,,,,,,,,,
Method:ros,Method:ros,Method,Method,,,,,,,,,
Method:ros,Method:ros,Method,Method,,,,,,,,,
Method:ros-cam,Method:ros-cam,Method,Method,,,,,,,,,
Method:rotation,Method:rotation,Method,Method,,,,,,,,,
Method:rotation,Method:rotation,Method,Method,,,,,,,,,
Method:rotation,Method:rotation,Method,Method,,,,,,,,,
Method:rotlight,Method:rotlight,Method,Method,,,,,,,,,
Method:rp-slam,Method:rp-slam,Method,Method,,,,,,,,,
Method:rpanet,Method:rpanet,Method,Method,,,,,,,,,
Method:rpea,Method:rpea,Method,Method,,,,,,,,,
Method:rpf,Method:rpf,Method,Method,,,,,,,,,
Method:rpm,Method:rpm,Method,Method,,,,,,,,,
Method:rrm,Method:rrm,Method,Method,,,,,,,,,
Method:rrt,Method:rrt,Method,Method,,,,,,,,,
Method:rsc-net,Method:rsc-net,Method,Method,,,,,,,,,
Method:rspose,Method:rspose,Method,Method,,,,,,,,,
Method:rt-detr,Method:rt-detr,Method,Method,,,,,,,,,
Method:rt-pose,Method:rt-pose,Method,Method,,,,,,,,,
Method:rt-splatting,Method:rt-splatting,Method,Method,,,,,,,,,
Method:rtab-map,Method:rtab-map,Method,Method,,,,,,,,,
Method:rtmdet,Method:rtmdet,Method,Method,,,,,,,,,
Method:rtmo,Method:rtmo,Method,Method,,,,,,,,,
Method:rtmo-l,Method:rtmo-l,Method,Method,,,,,,,,,
Method:rtmpose,Method:rtmpose,Method,Method,,,,,,,,,
Method:rtmpose_m,Method:rtmpose_m,Method,Method,,,,,,,,,
Method:rtmpose_s,Method:rtmpose_s,Method,Method,,,,,,,,,
Method:rtmpose_x,Method:rtmpose_x,Method,Method,,,,,,,,,
Method:rtmw,Method:rtmw,Method,Method,,,,,,,,,
Method:s-graphs+,Method:s-graphs+,Method,Method,,,,,,,,,
Method:s-ptam,Method:s-ptam,Method,Method,,,,,,,,,
Method:s3im,Method:s3im,Method,Method,,,,,,,,,
Method:sa3d,Method:sa3d,Method,Method,,,,,,,,,
Method:sa4depth,Method:sa4depth,Method,Method,,,,,,,,,
Method:sac,Method:sac,Method,Method,,,,,,,,,
Method:sac-nerf,Method:sac-nerf,Method,Method,,,,,,,,,
Method:sadge,Method:sadge,Method,Method,,,,,,,,,
Method:safag,Method:safag,Method,Method,,,,,,,,,
Method:saga,Method:saga,Method,Method,,,,,,,,,
Method:sagcn,Method:sagcn,Method,Method,,,,,,,,,
Method:sags,Method:sags,Method,Method,,,,,,,,,
Method:sahr,Method:sahr,Method,Method,,,,,,,,,
Method:sam,Method:sam,Method,Method,,,,,,,,,
Method:sam-6d,Method:sam-6d,Method,Method,,,,,,,,,
Method:sam-pose2seg,Method:sam-pose2seg,Method,Method,,,,,,,,,
Method:sam3d-phys,Method:sam3d-phys,Method,Method,,,,,,,,,
Method:same2x,Method:same2x,Method,Method,,,,,,,,,
Method:samp,Method:samp,Method,Method,,,,,,,,,
Method:sampleconsensusprerejective,Method:sampleconsensusprerejective,Method,Method,,,,,,,,,
Method:sand,Method:sand,Method,Method,,,,,,,,,
Method:sapling-nerf,Method:sapling-nerf,Method,Method,,,,,,,,,
Method:sarr,Method:sarr,Method,Method,,,,,,,,,
Method:satellite-wise,Method:satellite-wise,Method,Method,,,,,,,,,
Method:satgeo-nerf,Method:satgeo-nerf,Method,Method,,,,,,,,,
Method:sax-nerf,Method:sax-nerf,Method,Method,,,,,,,,,
Method:sc-lego-loam_noted,Method:sc-lego-loam_noted,Method,Method,,,,,,,,,
Method:sc2head,Method:sc2head,Method,Method,,,,,,,,,
Method:scale-adaptive,Method:scale-adaptive,Method,Method,,,,,,,,,
Method:scale-net,Method:scale-net,Method,Method,,,,,,,,,
Method:scalenet,Method:scalenet,Method,Method,,,,,,,,,
Method:scan,Method:scan,Method,Method,,,,,,,,,
Method:scapo,Method:scapo,Method,Method,,,,,,,,,
Method:scarf-slam,Method:scarf-slam,Method,Method,,,,,,,,,
Method:scatternet,Method:scatternet,Method,Method,,,,,,,,,
Method:scene,Method:scene,Method,Method,,,,,,,,,
Method:scene,Method:scene,Method,Method,,,,,,,,,
Method:scenecomplete,Method:scenecomplete,Method,Method,,,,,,,,,
Method:sceneglue,Method:sceneglue,Method,Method,,,,,,,,,
Method:scenemaker,Method:scenemaker,Method,Method,,,,,,,,,
Method:scenerf,Method:scenerf,Method,Method,,,,,,,,,
Method:scfeat,Method:scfeat,Method,Method,,,,,,,,,
Method:scfusion,Method:scfusion,Method,Method,,,,,,,,,
Method:schur,Method:schur,Method,Method,,,,,,,,,
Method:scigs,Method:scigs,Method,Method,,,,,,,,,
Method:scm,Method:scm,Method,Method,,,,,,,,,
Method:scnerf,Method:scnerf,Method,Method,,,,,,,,,
Method:score,Method:score,Method,Method,,,,,,,,,
Method:scriboora,Method:scriboora,Method,Method,,,,,,,,,
Method:scv-od,Method:scv-od,Method,Method,,,,,,,,,
Method:sdaim,Method:sdaim,Method,Method,,,,,,,,,
Method:sdf,Method:sdf,Method,Method,,,,,,,,,
Method:sdf,Method:sdf,Method,Method,,,,,,,,,
Method:sdf-srn,Method:sdf-srn,Method,Method,,,,,,,,,
Method:sdfdiff,Method:sdfdiff,Method,Method,,,,,,,,,
Method:sdfs,Method:sdfs,Method,Method,,,,,,,,,
Method:sdfstudio,Method:sdfstudio,Method,Method,,,,,,,,,
Method:sdfusion,Method:sdfusion,Method,Method,,,,,,,,,
Method:sdt-6d,Method:sdt-6d,Method,Method,,,,,,,,,
Method:se(2)-constraints,Method:se(2)-constraints,Method,Method,,,,,,,,,
Method:se(3),Method:se(3),Method,Method,,,,,,,,,
Method:se(3),Method:se(3),Method,Method,,,,,,,,,
Method:se(3)-equivariant,Method:se(3)-equivariant,Method,Method,,,,,,,,,
Method:se(3)-equivariant,Method:se(3)-equivariant,Method,Method,,,,,,,,,
Method:se(3)-equivariant,Method:se(3)-equivariant,Method,Method,,,,,,,,,
Method:se(3)-tracknet,Method:se(3)-tracknet,Method,Method,,,,,,,,,
Method:se-sync,Method:se-sync,Method,Method,,,,,,,,,
Method:se2-loftr,Method:se2-loftr,Method,Method,,,,,,,,,
Method:seal-3d,Method:seal-3d,Method,Method,,,,,,,,,
Method:second-order,Method:second-order,Method,Method,,,,,,,,,
Method:secondpose,Method:secondpose,Method,Method,,,,,,,,,
Method:see-me,Method:see-me,Method,Method,,,,,,,,,
Method:seed,Method:seed,Method,Method,,,,,,,,,
Method:sefm,Method:sefm,Method,Method,,,,,,,,,
Method:segment,Method:segment,Method,Method,,,,,,,,,
Method:segment,Method:segment,Method,Method,,,,,,,,,
Method:segment-anything(sam),Method:segment-anything(sam),Method,Method,,,,,,,,,
Method:segmentation-driven,Method:segmentation-driven,Method,Method,,,,,,,,,
Method:selective,Method:selective,Method,Method,,,,,,,,,
Method:self-attention,Method:self-attention,Method,Method,,,,,,,,,
Method:self-constrained,Method:self-constrained,Method,Method,,,,,,,,,
Method:self-emphasizing,Method:self-emphasizing,Method,Method,,,,,,,,,
Method:self-paced,Method:self-paced,Method,Method,,,,,,,,,
Method:self-supervised,Method:self-supervised,Method,Method,,,,,,,,,
Method:self-supervised,Method:self-supervised,Method,Method,,,,,,,,,
Method:self-supervised,Method:self-supervised,Method,Method,,,,,,,,,
Method:self-supervised,Method:self-supervised,Method,Method,,,,,,,,,
Method:self-supervised,Method:self-supervised,Method,Method,,,,,,,,,
Method:self-supervised,Method:self-supervised,Method,Method,,,,,,,,,
Method:selfvio,Method:selfvio,Method,Method,,,,,,,,,
Method:sem2nerf,Method:sem2nerf,Method,Method,,,,,,,,,
Method:semantic,Method:semantic,Method,Method,,,,,,,,,
Method:semantic,Method:semantic,Method,Method,,,,,,,,,
Method:semantic,Method:semantic,Method,Method,,,,,,,,,
Method:semantic,Method:semantic,Method,Method,,,,,,,,,
Method:semantic,Method:semantic,Method,Method,,,,,,,,,
Method:semantic,Method:semantic,Method,Method,,,,,,,,,
Method:semantic,Method:semantic,Method,Method,,,,,,,,,
Method:semantic-based,Method:semantic-based,Method,Method,,,,,,,,,
Method:semantic-guided,Method:semantic-guided,Method,Method,,,,,,,,,
Method:semantic-guided,Method:semantic-guided,Method,Method,,,,,,,,,
Method:semantic-guided,Method:semantic-guided,Method,Method,,,,,,,,,
Method:semantic-weighted,Method:semantic-weighted,Method,Method,,,,,,,,,
Method:semanticfusion,Method:semanticfusion,Method,Method,,,,,,,,,
Method:semgcn,Method:semgcn,Method,Method,,,,,,,,,
Method:semi-automatic,Method:semi-automatic,Method,Method,,,,,,,,,
Method:semi-automatic,Method:semi-automatic,Method,Method,,,,,,,,,
Method:semi-automatic,Method:semi-automatic,Method,Method,,,,,,,,,
Method:semi-global,Method:semi-global,Method,Method,,,,,,,,,
Method:semi-supervised,Method:semi-supervised,Method,Method,,,,,,,,,
Method:sempose,Method:sempose,Method,Method,,,,,,,,,
Method:semstereo,Method:semstereo,Method,Method,,,,,,,,,
Method:sensitivity,Method:sensitivity,Method,Method,,,,,,,,,
Method:sequential,Method:sequential,Method,Method,,,,,,,,,
Method:sequential,Method:sequential,Method,Method,,,,,,,,,
Method:sequential,Method:sequential,Method,Method,,,,,,,,,
Method:sequentialprocessor,Method:sequentialprocessor,Method,Method,,,,,,,,,
Method:sf-loc,Method:sf-loc,Method,Method,,,,,,,,,
Method:sfeblock,Method:sfeblock,Method,Method,,,,,,,,,
Method:sfmlearner++,Method:sfmlearner++,Method,Method,,,,,,,,,
Method:sfu,Method:sfu,Method,Method,,,,,,,,,
Method:sg-nlf,Method:sg-nlf,Method,Method,,,,,,,,,
Method:sgbm,Method:sgbm,Method,Method,,,,,,,,,
Method:sgc,Method:sgc,Method,Method,,,,,,,,,
Method:sgi,Method:sgi,Method,Method,,,,,,,,,
Method:shadow-aware,Method:shadow-aware,Method,Method,,,,,,,,,
Method:shape,Method:shape,Method,Method,,,,,,,,,
Method:shape,Method:shape,Method,Method,,,,,,,,,
Method:shape-from-template,Method:shape-from-template,Method,Method,,,,,,,,,
Method:shape-selection,Method:shape-selection,Method,Method,,,,,,,,,
Method:shared,Method:shared,Method,Method,,,,,,,,,
Method:shared,Method:shared,Method,Method,,,,,,,,,
Method:sharpose,Method:sharpose,Method,Method,,,,,,,,,
Method:shotvl,Method:shotvl,Method,Method,,,,,,,,,
Method:showroom3d,Method:showroom3d,Method,Method,,,,,,,,,
Method:shrec,Method:shrec,Method,Method,,,,,,,,,
Method:siamese,Method:siamese,Method,Method,,,,,,,,,
Method:siamese,Method:siamese,Method,Method,,,,,,,,,
Method:siamese,Method:siamese,Method,Method,,,,,,,,,
Method:siclope,Method:siclope,Method,Method,,,,,,,,,
Method:sift,Method:sift,Method,Method,,,,,,,,,
Method:sigma-fusion,Method:sigma-fusion,Method,Method,,,,,,,,,
Method:sigmoid-based,Method:sigmoid-based,Method,Method,,,,,,,,,
Method:sign,Method:sign,Method,Method,,,,,,,,,
Method:signed,Method:signed,Method,Method,,,,,,,,,
Method:sikr,Method:sikr,Method,Method,,,,,,,,,
Method:silhouette,Method:silhouette,Method,Method,,,,,,,,,
Method:silhouette-net,Method:silhouette-net,Method,Method,,,,,,,,,
Method:sim(3)-consistent,Method:sim(3)-consistent,Method,Method,,,,,,,,,
Method:simdr,Method:simdr,Method,Method,,,,,,,,,
Method:simple,Method:simple,Method,Method,,,,,,,,,
Method:simplebaselines,Method:simplebaselines,Method,Method,,,,,,,,,
Method:simplehrnet,Method:simplehrnet,Method,Method,,,,,,,,,
Method:simplepose,Method:simplepose,Method,Method,,,,,,,,,
Method:simplerecon,Method:simplerecon,Method,Method,,,,,,,,,
Method:simulation-based,Method:simulation-based,Method,Method,,,,,,,,,
Method:simuscene,Method:simuscene,Method,Method,,,,,,,,,
Method:simvs,Method:simvs,Method,Method,,,,,,,,,
Method:single-stage,Method:single-stage,Method,Method,,,,,,,,,
Method:singular,Method:singular,Method,Method,,,,,,,,,
Method:sinref-6d,Method:sinref-6d,Method,Method,,,,,,,,,
Method:sirenpose,Method:sirenpose,Method,Method,,,,,,,,,
Method:sis,Method:sis,Method,Method,,,,,,,,,
Method:skeleton,Method:skeleton,Method,Method,,,,,,,,,
Method:skeleton-constrained,Method:skeleton-constrained,Method,Method,,,,,,,,,
Method:skelsplat,Method:skelsplat,Method,Method,,,,,,,,,
Method:sketch-shape,Method:sketch-shape,Method,Method,,,,,,,,,
Method:sketch2minsurf,Method:sketch2minsurf,Method,Method,,,,,,,,,
Method:sketch2minsurf,Method:sketch2minsurf,Method,Method,,,,,,,,,
Method:skipgs,Method:skipgs,Method,Method,,,,,,,,,
Method:skynet,Method:skynet,Method,Method,,,,,,,,,
Method:slam,Method:slam,Method,Method,,,,,,,,,
Method:slam_gmapping,Method:slam_gmapping,Method,Method,,,,,,,,,
Method:slambench,Method:slambench,Method,Method,,,,,,,,,
Method:slamesh,Method:slamesh,Method,Method,,,,,,,,,
Method:slamplay,Method:slamplay,Method,Method,,,,,,,,,
Method:slice3d,Method:slice3d,Method,Method,,,,,,,,,
Method:slicelens,Method:slicelens,Method,Method,,,,,,,,,
Method:slicematch,Method:slicematch,Method,Method,,,,,,,,,
Method:slict,Method:slict,Method,Method,,,,,,,,,
Method:slideslam,Method:slideslam,Method,Method,,,,,,,,,
Method:sliding,Method:sliding,Method,Method,,,,,,,,,
Method:sliding-window,Method:sliding-window,Method,Method,,,,,,,,,
Method:sls4d,Method:sls4d,Method,Method,,,,,,,,,
Method:sm3d,Method:sm3d,Method,Method,,,,,,,,,
Method:smart,Method:smart,Method,Method,,,,,,,,,
Method:smf-vo,Method:smf-vo,Method,Method,,,,,,,,,
Method:smn,Method:smn,Method,Method,,,,,,,,,
Method:smoothnet,Method:smoothnet,Method,Method,,,,,,,,,
Method:smpl-dynamics,Method:smpl-dynamics,Method,Method,,,,,,,,,
Method:smpl-nerf,Method:smpl-nerf,Method,Method,,,,,,,,,
Method:snake,Method:snake,Method,Method,,,,,,,,,
Method:snappose3d,Method:snappose3d,Method,Method,,,,,,,,,
Method:so(3)-aware,Method:so(3)-aware,Method,Method,,,,,,,,,
Method:sobfu,Method:sobfu,Method,Method,,,,,,,,,
Method:socc-icp,Method:socc-icp,Method,Method,,,,,,,,,
Method:soco,Method:soco,Method,Method,,,,,,,,,
Method:sof,Method:sof,Method,Method,,,,,,,,,
Method:sofie,Method:sofie,Method,Method,,,,,,,,,
Method:soft,Method:soft,Method,Method,,,,,,,,,
Method:soft,Method:soft,Method,Method,,,,,,,,,
Method:soft-argmax,Method:soft-argmax,Method,Method,,,,,,,,,
Method:soft-reset,Method:soft-reset,Method,Method,,,,,,,,,
Method:soloplanes,Method:soloplanes,Method,Method,,,,,,,,,
Method:solopose,Method:solopose,Method,Method,,,,,,,,,
Method:sophus,Method:sophus,Method,Method,,,,,,,,,
Method:sort,Method:sort,Method,Method,,,,,,,,,
Method:sort-cpp,Method:sort-cpp,Method,Method,,,,,,,,,
Method:spacesense-bench,Method:spacesense-bench,Method,Method,,,,,,,,,
Method:sparf,Method:sparf,Method,Method,,,,,,,,,
Method:sparse,Method:sparse,Method,Method,,,,,,,,,
Method:sparse,Method:sparse,Method,Method,,,,,,,,,
Method:sparse,Method:sparse,Method,Method,,,,,,,,,
Method:sparse,Method:sparse,Method,Method,,,,,,,,,
Method:sparse,Method:sparse,Method,Method,,,,,,,,,
Method:sparse,Method:sparse,Method,Method,,,,,,,,,
Method:sparse,Method:sparse,Method,Method,,,,,,,,,
Method:sparse,Method:sparse,Method,Method,,,,,,,,,
Method:sparse,Method:sparse,Method,Method,,,,,,,,,
Method:sparseags,Method:sparseags,Method,Method,,,,,,,,,
Method:sparsefusion,Method:sparsefusion,Method,Method,,,,,,,,,
Method:sparsepose,Method:sparsepose,Method,Method,,,,,,,,,
Method:sparsestreet,Method:sparsestreet,Method,Method,,,,,,,,,
Method:sparseviewdit,Method:sparseviewdit,Method,Method,,,,,,,,,
Method:spatial,Method:spatial,Method,Method,,,,,,,,,
Method:spatial,Method:spatial,Method,Method,,,,,,,,,
Method:spatial-temporal,Method:spatial-temporal,Method,Method,,,,,,,,,
Method:spatial-temporal,Method:spatial-temporal,Method,Method,,,,,,,,,
Method:spatial-temporal,Method:spatial-temporal,Method,Method,,,,,,,,,
Method:spatialbabel,Method:spatialbabel,Method,Method,,,,,,,,,
Method:spatially,Method:spatially,Method,Method,,,,,,,,,
Method:spatially,Method:spatially,Method,Method,,,,,,,,,
Method:spatialmosaic,Method:spatialmosaic,Method,Method,,,,,,,,,
Method:spatialmosaic-bench,Method:spatialmosaic-bench,Method,Method,,,,,,,,,
Method:spatialmosaicvlm,Method:spatialmosaicvlm,Method,Method,,,,,,,,,
Method:spatio-temporal,Method:spatio-temporal,Method,Method,,,,,,,,,
Method:spatio-temporal,Method:spatio-temporal,Method,Method,,,,,,,,,
Method:spatio-temporal-cross,Method:spatio-temporal-cross,Method,Method,,,,,,,,,
Method:spatiotemporal,Method:spatiotemporal,Method,Method,,,,,,,,,
Method:specnerf,Method:specnerf,Method,Method,,,,,,,,,
Method:specular-aware,Method:specular-aware,Method,Method,,,,,,,,,
Method:speed3r,Method:speed3r,Method,Method,,,,,,,,,
Method:speedy-splat,Method:speedy-splat,Method,Method,,,,,,,,,
Method:spg,Method:spg,Method,Method,,,,,,,,,
Method:sphere,Method:sphere,Method,Method,,,,,,,,,
Method:sphere,Method:sphere,Method,Method,,,,,,,,,
Method:spherical,Method:spherical,Method,Method,,,,,,,,,
Method:spherical,Method:spherical,Method,Method,,,,,,,,,
Method:spherical,Method:spherical,Method,Method,,,,,,,,,
Method:spin,Method:spin,Method,Method,,,,,,,,,
Method:splannequin,Method:splannequin,Method,Method,,,,,,,,,
Method:splap,Method:splap,Method,Method,,,,,,,,,
Method:splatad,Method:splatad,Method,Method,,,,,,,,,
Method:splatam,Method:splatam,Method,Method,,,,,,,,,
Method:splatflow,Method:splatflow,Method,Method,,,,,,,,,
Method:splathloc,Method:splathloc,Method,Method,,,,,,,,,
Method:splatnet,Method:splatnet,Method,Method,,,,,,,,,
Method:splatshot,Method:splatshot,Method,Method,,,,,,,,,
Method:splattable,Method:splattable,Method,Method,,,,,,,,,
Method:splitavatar,Method:splitavatar,Method,Method,,,,,,,,,
Method:splitgs-loc,Method:splitgs-loc,Method,Method,,,,,,,,,
Method:sr-lio,Method:sr-lio,Method,Method,,,,,,,,,
Method:sr-livo,Method:sr-livo,Method,Method,,,,,,,,,
Method:srif,Method:srif,Method,Method,,,,,,,,,
Method:srt3d,Method:srt3d,Method,Method,,,,,,,,,
Method:ssdnerf,Method:ssdnerf,Method,Method,,,,,,,,,
Method:ssh-pose,Method:ssh-pose,Method,Method,,,,,,,,,
Method:ssir,Method:ssir,Method,Method,,,,,,,,,
Method:ssl_lio,Method:ssl_lio,Method,Method,,,,,,,,,
Method:ssl_slam,Method:ssl_slam,Method,Method,,,,,,,,,
Method:ssl_slam2,Method:ssl_slam2,Method,Method,,,,,,,,,
Method:ssl_slam3,Method:ssl_slam3,Method,Method,,,,,,,,,
Method:ssp3d,Method:ssp3d,Method,Method,,,,,,,,,
Method:ssr,Method:ssr,Method,Method,,,,,,,,,
Method:ssr-stf,Method:ssr-stf,Method,Method,,,,,,,,,
Method:ssra,Method:ssra,Method,Method,,,,,,,,,
Method:ssrformer,Method:ssrformer,Method,Method,,,,,,,,,
Method:st-nerf,Method:st-nerf,Method,Method,,,,,,,,,
Method:stable,Method:stable,Method,Method,,,,,,,,,
Method:stable-dreamfusion,Method:stable-dreamfusion,Method,Method,,,,,,,,,
Method:stablehand,Method:stablehand,Method,Method,,,,,,,,,
Method:stacked,Method:stacked,Method,Method,,,,,,,,,
Method:stacked,Method:stacked,Method,Method,,,,,,,,,
Method:stal,Method:stal,Method,Method,,,,,,,,,
Method:star,Method:star,Method,Method,,,,,,,,,
Method:state,Method:state,Method,Method,,,,,,,,,
Method:statistical,Method:statistical,Method,Method,,,,,,,,,
Method:steerers,Method:steerers,Method,Method,,,,,,,,,
Method:steernerf,Method:steernerf,Method,Method,,,,,,,,,
Method:stereo,Method:stereo,Method,Method,,,,,,,,,
Method:stereo-ptam,Method:stereo-ptam,Method,Method,,,,,,,,,
Method:stereo4d,Method:stereo4d,Method,Method,,,,,,,,,
Method:stochastic,Method:stochastic,Method,Method,,,,,,,,,
Method:stochastic,Method:stochastic,Method,Method,,,,,,,,,
Method:stochastic,Method:stochastic,Method,Method,,,,,,,,,
Method:stochastic-geometrical,Method:stochastic-geometrical,Method,Method,,,,,,,,,
Method:straps,Method:straps,Method,Method,,,,,,,,,
Method:street,Method:street,Method,Method,,,,,,,,,
Method:stretchsense,Method:stretchsense,Method,Method,,,,,,,,,
Method:stride,Method:stride,Method,Method,,,,,,,,,
Method:structural,Method:structural,Method,Method,,,,,,,,,
Method:structure,Method:structure,Method,Method,,,,,,,,,
Method:structure,Method:structure,Method,Method,,,,,,,,,
Method:structure,Method:structure,Method,Method,,,,,,,,,
Method:structure-aware,Method:structure-aware,Method,Method,,,,,,,,,
Method:structure-aware,Method:structure-aware,Method,Method,,,,,,,,,
Method:structure-aware,Method:structure-aware,Method,Method,,,,,,,,,
Method:structure-aware,Method:structure-aware,Method,Method,,,,,,,,,
Method:structure-from-motion,Method:structure-from-motion,Method,Method,,,,,,,,,
Method:structure-informed,Method:structure-informed,Method,Method,,,,,,,,,
Method:structured,Method:structured,Method,Method,,,,,,,,,
Method:structured,Method:structured,Method,Method,,,,,,,,,
Method:sttf,Method:sttf,Method,Method,,,,,,,,,
Method:style3d,Method:style3d,Method,Method,,,,,,,,,
Method:styleavatar,Method:styleavatar,Method,Method,,,,,,,,,
Method:stylemesh,Method:stylemesh,Method,Method,,,,,,,,,
Method:stylerf,Method:stylerf,Method,Method,,,,,,,,,
Method:sub-pixel,Method:sub-pixel,Method,Method,,,,,,,,,
Method:sub-pixel,Method:sub-pixel,Method,Method,,,,,,,,,
Method:submap,Method:submap,Method,Method,,,,,,,,,
Method:submapping,Method:submapping,Method,Method,,,,,,,,,
Method:subtractive,Method:subtractive,Method,Method,,,,,,,,,
Method:success-gs,Method:success-gs,Method,Method,,,,,,,,,
Method:sugar,Method:sugar,Method,Method,,,,,,,,,
Method:suma,Method:suma,Method,Method,,,,,,,,,
Method:suma++,Method:suma++,Method,Method,,,,,,,,,
Method:sundial,Method:sundial,Method,Method,,,,,,,,,
Method:super-sam,Method:super-sam,Method,Method,,,,,,,,,
Method:superanimal-quadruped,Method:superanimal-quadruped,Method,Method,,,,,,,,,
Method:superanimal-topviewmouse,Method:superanimal-topviewmouse,Method,Method,,,,,,,,,
Method:superdepth,Method:superdepth,Method,Method,,,,,,,,,
Method:supereight,Method:supereight,Method,Method,,,,,,,,,
Method:supergf,Method:supergf,Method,Method,,,,,,,,,
Method:superglue,Method:superglue,Method,Method,,,,,,,,,
Method:superncn,Method:superncn,Method,Method,,,,,,,,,
Method:supernormal,Method:supernormal,Method,Method,,,,,,,,,
Method:superpixel,Method:superpixel,Method,Method,,,,,,,,,
Method:superpixel,Method:superpixel,Method,Method,,,,,,,,,
Method:superpoint,Method:superpoint,Method,Method,,,,,,,,,
Method:superpoint-slam,Method:superpoint-slam,Method,Method,,,,,,,,,
Method:superq-grasp,Method:superq-grasp,Method,Method,,,,,,,,,
Method:surface-aligned,Method:surface-aligned,Method,Method,,,,,,,,,
Method:surface-based,Method:surface-based,Method,Method,,,,,,,,,
Method:surfelwarp,Method:surfelwarp,Method,Method,,,,,,,,,
Method:surfnet,Method:surfnet,Method,Method,,,,,,,,,
Method:surfsurg6d,Method:surfsurg6d,Method,Method,,,,,,,,,
Method:surge,Method:surge,Method,Method,,,,,,,,,
Method:surgipose,Method:surgipose,Method,Method,,,,,,,,,
Method:svd,Method:svd,Method,Method,,,,,,,,,
Method:svgs,Method:svgs,Method,Method,,,,,,,,,
Method:svm,Method:svm,Method,Method,,,,,,,,,
Method:svo,Method:svo,Method,Method,,,,,,,,,
Method:swarm-slam,Method:swarm-slam,Method,Method,,,,,,,,,
Method:swin-b,Method:swin-b,Method,Method,,,,,,,,,
Method:symmetric,Method:symmetric,Method,Method,,,,,,,,,
Method:symmetric,Method:symmetric,Method,Method,,,,,,,,,
Method:synthetica,Method:synthetica,Method,Method,,,,,,,,,
Method:t-pose,Method:t-pose,Method,Method,,,,,,,,,
Method:t-sta,Method:t-sta,Method,Method,,,,,,,,,
Method:tabletopgen,Method:tabletopgen,Method,Method,,,,,,,,,
Method:tacloc,Method:tacloc,Method,Method,,,,,,,,,
Method:tactile,Method:tactile,Method,Method,,,,,,,,,
Method:tactile,Method:tactile,Method,Method,,,,,,,,,
Method:tada-dip,Method:tada-dip,Method,Method,,,,,,,,,
Method:tagans,Method:tagans,Method,Method,,,,,,,,,
Method:tagslam,Method:tagslam,Method,Method,,,,,,,,,
Method:taichi,Method:taichi,Method,Method,,,,,,,,,
Method:taichi-nerf,Method:taichi-nerf,Method,Method,,,,,,,,,
Method:talon,Method:talon,Method,Method,,,,,,,,,
Method:tandem,Method:tandem,Method,Method,,,,,,,,,
Method:task-aware,Method:task-aware,Method,Method,,,,,,,,,
Method:tax-pose,Method:tax-pose,Method,Method,,,,,,,,,
Method:tbd-3d,Method:tbd-3d,Method,Method,,,,,,,,,
Method:tc-gan,Method:tc-gan,Method,Method,,,,,,,,,
Method:tcd,Method:tcd,Method,Method,,,,,,,,,
Method:telephysics,Method:telephysics,Method,Method,,,,,,,,,
Method:template-nerf,Method:template-nerf,Method,Method,,,,,,,,,
Method:templates,Method:templates,Method,Method,,,,,,,,,
Method:temporal,Method:temporal,Method,Method,,,,,,,,,
Method:temporal,Method:temporal,Method,Method,,,,,,,,,
Method:temporal,Method:temporal,Method,Method,,,,,,,,,
Method:temporal,Method:temporal,Method,Method,,,,,,,,,
Method:temporal,Method:temporal,Method,Method,,,,,,,,,
Method:temporal,Method:temporal,Method,Method,,,,,,,,,
Method:temporal,Method:temporal,Method,Method,,,,,,,,,
Method:temporal-aware,Method:temporal-aware,Method,Method,,,,,,,,,
Method:tensor4d,Method:tensor4d,Method,Method,,,,,,,,,
Method:tensorf,Method:tensorf,Method,Method,,,,,,,,,
Method:tensorf-ds,Method:tensorf-ds,Method,Method,,,,,,,,,
Method:tensorflow,Method:tensorflow,Method,Method,,,,,,,,,
Method:tensorflow,Method:tensorflow,Method,Method,,,,,,,,,
Method:tensorflow,Method:tensorflow,Method,Method,,,,,,,,,
Method:tensorflow,Method:tensorflow,Method,Method,,,,,,,,,
Method:tensorflow_cc,Method:tensorflow_cc,Method,Method,,,,,,,,,
Method:tensorgs,Method:tensorgs,Method,Method,,,,,,,,,
Method:tensorrt,Method:tensorrt,Method,Method,,,,,,,,,
Method:ternary-type,Method:ternary-type,Method,Method,,,,,,,,,
Method:tessellation,Method:tessellation,Method,Method,,,,,,,,,
Method:test-time,Method:test-time,Method,Method,,,,,,,,,
Method:tetra-nerf,Method:tetra-nerf,Method,Method,,,,,,,,,
Method:texglo,Method:texglo,Method,Method,,,,,,,,,
Method:texpose,Method:texpose,Method,Method,,,,,,,,,
Method:tf2,Method:tf2,Method,Method,,,,,,,,,
Method:tflite,Method:tflite,Method,Method,,,,,,,,,
Method:tft,Method:tft,Method,Method,,,,,,,,,
Method:the-pose,Method:the-pose,Method,Method,,,,,,,,,
Method:thermal-to-depth,Method:thermal-to-depth,Method,Method,,,,,,,,,
Method:thermonerf,Method:thermonerf,Method,Method,,,,,,,,,
Method:thor-net,Method:thor-net,Method,Method,,,,,,,,,
Method:thr3ed_atom,Method:thr3ed_atom,Method,Method,,,,,,,,,
Method:three-filters-to-normal+,Method:three-filters-to-normal+,Method,Method,,,,,,,,,
Method:three-step,Method:three-step,Method,Method,,,,,,,,,
Method:tidegs,Method:tidegs,Method,Method,,,,,,,,,
Method:tightly,Method:tightly,Method,Method,,,,,,,,,
Method:tigris,Method:tigris,Method,Method,,,,,,,,,
Method:time-dependent,Method:time-dependent,Method,Method,,,,,,,,,
Method:time-of-flight,Method:time-of-flight,Method,Method,,,,,,,,,
Method:tineuvox,Method:tineuvox,Method,Method,,,,,,,,,
Method:tineuvox-b,Method:tineuvox-b,Method,Method,,,,,,,,,
Method:tineuvox-s,Method:tineuvox-s,Method,Method,,,,,,,,,
Method:tiny-cuda-nn,Method:tiny-cuda-nn,Method,Method,,,,,,,,,
Method:tiny-dronerf,Method:tiny-dronerf,Method,Method,,,,,,,,,
Method:tinynerf,Method:tinynerf,Method,Method,,,,,,,,,
Method:tiqf,Method:tiqf,Method,Method,,,,,,,,,
Method:tnst,Method:tnst,Method,Method,,,,,,,,,
Method:toau,Method:toau,Method,Method,,,,,,,,,
Method:token,Method:token,Method,Method,,,,,,,,,
Method:token,Method:token,Method,Method,,,,,,,,,
Method:token,Method:token,Method,Method,,,,,,,,,
Method:tonality-alignment,Method:tonality-alignment,Method,Method,,,,,,,,,
Method:top-k,Method:top-k,Method,Method,,,,,,,,,
Method:top-view,Method:top-view,Method,Method,,,,,,,,,
Method:top_down_hrnet_w32,Method:top_down_hrnet_w32,Method,Method,,,,,,,,,
Method:top_down_hrnet_w48,Method:top_down_hrnet_w48,Method,Method,,,,,,,,,
Method:top_down_resnet_101,Method:top_down_resnet_101,Method,Method,,,,,,,,,
Method:top_down_resnet_50,Method:top_down_resnet_50,Method,Method,,,,,,,,,
Method:topo-datagen,Method:topo-datagen,Method,Method,,,,,,,,,
Method:topological,Method:topological,Method,Method,,,,,,,,,
Method:topology,Method:topology,Method,Method,,,,,,,,,
Method:topology-change-aware,Method:topology-change-aware,Method,Method,,,,,,,,,
Method:torch-ngp,Method:torch-ngp,Method,Method,,,,,,,,,
Method:torch_efficient_distloss,Method:torch_efficient_distloss,Method,Method,,,,,,,,,
Method:total,Method:total,Method,Method,,,,,,,,,
Method:touch2insert,Method:touch2insert,Method,Method,,,,,,,,,
Method:tpc,Method:tpc,Method,Method,,,,,,,,,
Method:tpdf,Method:tpdf,Method,Method,,,,,,,,,
Method:tra,Method:tra,Method,Method,,,,,,,,,
Method:trackcraft3r,Method:trackcraft3r,Method,Method,,,,,,,,,
Method:tracker-nerf,Method:tracker-nerf,Method,Method,,,,,,,,,
Method:trainable,Method:trainable,Method,Method,,,,,,,,,
Method:trajectory,Method:trajectory,Method,Method,,,,,,,,,
Method:trajpilot,Method:trajpilot,Method,Method,,,,,,,,,
Method:trajvad,Method:trajvad,Method,Method,,,,,,,,,
Method:trajvad-p,Method:trajvad-p,Method,Method,,,,,,,,,
Method:trajvad-t,Method:trajvad-t,Method,Method,,,,,,,,,
Method:transformer,Method:transformer,Method,Method,,,,,,,,,
Method:transformer-assisted,Method:transformer-assisted,Method,Method,,,,,,,,,
Method:transformer-based,Method:transformer-based,Method,Method,,,,,,,,,
Method:transformesh,Method:transformesh,Method,Method,,,,,,,,,
Method:transfusion,Method:transfusion,Method,Method,,,,,,,,,
Method:translation-invariant,Method:translation-invariant,Method,Method,,,,,,,,,
Method:translucent,Method:translucent,Method,Method,,,,,,,,,
Method:transmissivegs,Method:transmissivegs,Method,Method,,,,,,,,,
Method:transparency-curated,Method:transparency-curated,Method,Method,,,,,,,,,
Method:transport-based,Method:transport-based,Method,Method,,,,,,,,,
Method:treedgs,Method:treedgs,Method,Method,,,,,,,,,
Method:trending-aware,Method:trending-aware,Method,Method,,,,,,,,,
Method:tri-convex,Method:tri-convex,Method,Method,,,,,,,,,
Method:tri-miprf,Method:tri-miprf,Method,Method,,,,,,,,,
Method:tri-plane,Method:tri-plane,Method,Method,,,,,,,,,
Method:triangulation,Method:triangulation,Method,Method,,,,,,,,,
Method:triangulation,Method:triangulation,Method,Method,,,,,,,,,
Method:triband-bev,Method:triband-bev,Method,Method,,,,,,,,,
Method:tride,Method:tride,Method,Method,,,,,,,,,
Method:trifocal,Method:trifocal,Method,Method,,,,,,,,,
Method:trihuman,Method:trihuman,Method,Method,,,,,,,,,
Method:triplane,Method:triplane,Method,Method,,,,,,,,,
Method:trisplat,Method:trisplat,Method,Method,,,,,,,,,
Method:trt,Method:trt,Method,Method,,,,,,,,,
Method:truncated,Method:truncated,Method,Method,,,,,,,,,
Method:truncated,Method:truncated,Method,Method,,,,,,,,,
Method:trust3r,Method:trust3r,Method,Method,,,,,,,,,
Method:tsca-stereo,Method:tsca-stereo,Method,Method,,,,,,,,,
Method:tsm-pose,Method:tsm-pose,Method,Method,,,,,,,,,
Method:tt3d,Method:tt3d,Method,Method,,,,,,,,,
Method:ttc,Method:ttc,Method,Method,,,,,,,,,
Method:turbo-gs,Method:turbo-gs,Method,Method,,,,,,,,,
Method:turbovggt,Method:turbovggt,Method,Method,,,,,,,,,
Method:twings,Method:twings,Method,Method,,,,,,,,,
Method:twinmamba,Method:twinmamba,Method,Method,,,,,,,,,
Method:two-layer,Method:two-layer,Method,Method,,,,,,,,,
Method:two-stage,Method:two-stage,Method,Method,,,,,,,,,
Method:two-stage,Method:two-stage,Method,Method,,,,,,,,,
Method:two-stage,Method:two-stage,Method,Method,,,,,,,,,
Method:two-stream,Method:two-stream,Method,Method,,,,,,,,,
Method:two-view,Method:two-view,Method,Method,,,,,,,,,
Method:two-way,Method:two-way,Method,Method,,,,,,,,,
Method:u-net,Method:u-net,Method,Method,,,,,,,,,
Method:uavff3d,Method:uavff3d,Method,Method,,,,,,,,,
Method:ubpl,Method:ubpl,Method,Method,,,,,,,,,
Method:uclid-net,Method:uclid-net,Method,Method,,,,,,,,,
Method:ucs-net,Method:ucs-net,Method,Method,,,,,,,,,
Method:uda-cope,Method:uda-cope,Method,Method,,,,,,,,,
Method:udp+psa,Method:udp+psa,Method,Method,,,,,,,,,
Method:ultra,Method:ultra,Method,Method,,,,,,,,,
Method:ultra-wide-nerf,Method:ultra-wide-nerf,Method,Method,,,,,,,,,
Method:ultralight-digital-human,Method:ultralight-digital-human,Method,Method,,,,,,,,,
Method:ultralytics,Method:ultralytics,Method,Method,,,,,,,,,
Method:ultralytics,Method:ultralytics,Method,Method,,,,,,,,,
Method:ultrapose,Method:ultrapose,Method,Method,,,,,,,,,
Method:ultrasodm,Method:ultrasodm,Method,Method,,,,,,,,,
Method:umi-3d,Method:umi-3d,Method,Method,,,,,,,,,
Method:umve,Method:umve,Method,Method,,,,,,,,,
Method:unav,Method:unav,Method,Method,,,,,,,,,
Method:unbiased,Method:unbiased,Method,Method,,,,,,,,,
Method:unblur-slam,Method:unblur-slam,Method,Method,,,,,,,,,
Method:unboundednerfpytorch,Method:unboundednerfpytorch,Method,Method,,,,,,,,,
Method:uncertainty,Method:uncertainty,Method,Method,,,,,,,,,
Method:uncertainty-aware,Method:uncertainty-aware,Method,Method,,,,,,,,,
Method:uncertainty-aware,Method:uncertainty-aware,Method,Method,,,,,,,,,
Method:uncertainty-enhanced,Method:uncertainty-enhanced,Method,Method,,,,,,,,,
Method:uncertainty-weighted,Method:uncertainty-weighted,Method,Method,,,,,,,,,
Method:undemon,Method:undemon,Method,Method,,,,,,,,,
Method:underwater360,Method:underwater360,Method,Method,,,,,,,,,
Method:unic-lift,Method:unic-lift,Method,Method,,,,,,,,,
Method:unicrowd,Method:unicrowd,Method,Method,,,,,,,,,
Method:unified,Method:unified,Method,Method,,,,,,,,,
Method:unified,Method:unified,Method,Method,,,,,,,,,
Method:unified,Method:unified,Method,Method,,,,,,,,,
Method:unified,Method:unified,Method,Method,,,,,,,,,
Method:unikd,Method:unikd,Method,Method,,,,,,,,,
Method:uniquer,Method:uniquer,Method,Method,,,,,,,,,
Method:unisdf,Method:unisdf,Method,Method,,,,,,,,,
Method:unisurf,Method:unisurf,Method,Method,,,,,,,,,
Method:unpaired,Method:unpaired,Method,Method,,,,,,,,,
Method:unsupervised,Method:unsupervised,Method,Method,,,,,,,,,
Method:unsupervised,Method:unsupervised,Method,Method,,,,,,,,,
Method:urdf,Method:urdf,Method,Method,,,,,,,,,
Method:urf-gs,Method:urf-gs,Method,Method,,,,,,,,,
Method:usp-gaussian,Method:usp-gaussian,Method,Method,,,,,,,,,
Method:ust-hand,Method:ust-hand,Method,Method,,,,,,,,,
Method:uv,Method:uv,Method,Method,,,,,,,,,
Method:uv,Method:uv,Method,Method,,,,,,,,,
Method:uv,Method:uv,Method,Method,,,,,,,,,
Method:uv-slam,Method:uv-slam,Method,Method,,,,,,,,,
Method:uw-sld,Method:uw-sld,Method,Method,,,,,,,,,
Method:uwb-diffusion,Method:uwb-diffusion,Method,Method,,,,,,,,,
Method:v2v-posenet,Method:v2v-posenet,Method,Method,,,,,,,,,
Method:v3d.dataclassarray,Method:v3d.dataclassarray,Method,Method,,,,,,,,,
Method:vader,Method:vader,Method,Method,,,,,,,,,
Method:variational,Method:variational,Method,Method,,,,,,,,,
Method:vaxnerf,Method:vaxnerf,Method,Method,,,,,,,,,
Method:vbt-mpc,Method:vbt-mpc,Method,Method,,,,,,,,,
Method:vdnerf,Method:vdnerf,Method,Method,,,,,,,,,
Method:vector-based,Method:vector-based,Method,Method,,,,,,,,,
Method:vedal,Method:vedal,Method,Method,,,,,,,,,
Method:velocity-tcn,Method:velocity-tcn,Method,Method,,,,,,,,,
Method:verefine,Method:verefine,Method,Method,,,,,,,,,
Method:versavis,Method:versavis,Method,Method,,,,,,,,,
Method:vfm-vlm,Method:vfm-vlm,Method,Method,,,,,,,,,
Method:vgg,Method:vgg,Method,Method,,,,,,,,,
Method:vggt,Method:vggt,Method,Method,,,,,,,,,
Method:vggt-edit,Method:vggt-edit,Method,Method,,,,,,,,,
Method:vggt-slam,Method:vggt-slam,Method,Method,,,,,,,,,
Method:vggt-slam,Method:vggt-slam,Method,Method,,,,,,,,,
Method:vggt-slam,Method:vggt-slam,Method,Method,,,,,,,,,
Method:vggt4d,Method:vggt4d,Method,Method,,,,,,,,,
Method:vi_orb_slam2,Method:vi_orb_slam2,Method,Method,,,,,,,,,
Method:vibe,Method:vibe,Method,Method,,,,,,,,,
Method:vict,Method:vict,Method,Method,,,,,,,,,
Method:video,Method:video,Method,Method,,,,,,,,,
Method:video,Method:video,Method,Method,,,,,,,,,
Method:videocapsulenet,Method:videocapsulenet,Method,Method,,,,,,,,,
Method:videopose,Method:videopose,Method,Method,,,,,,,,,
Method:videopose3d,Method:videopose3d,Method,Method,,,,,,,,,
Method:vido-slam,Method:vido-slam,Method,Method,,,,,,,,,
Method:vidsplat,Method:vidsplat,Method,Method,,,,,,,,,
Method:view-adaptive,Method:view-adaptive,Method,Method,,,,,,,,,
Method:view-invariant,Method:view-invariant,Method,Method,,,,,,,,,
Method:viewnerf,Method:viewnerf,Method,Method,,,,,,,,,
Method:viewpoint,Method:viewpoint,Method,Method,,,,,,,,,
Method:vimcan,Method:vimcan,Method,Method,,,,,,,,,
Method:vint-6d,Method:vint-6d,Method,Method,,,,,,,,,
Method:viopose,Method:viopose,Method,Method,,,,,,,,,
Method:vipe,Method:vipe,Method,Method,,,,,,,,,
Method:vipocc,Method:vipocc,Method,Method,,,,,,,,,
Method:vipr,Method:vipr,Method,Method,,,,,,,,,
Method:virgi,Method:virgi,Method,Method,,,,,,,,,
Method:virtual,Method:virtual,Method,Method,,,,,,,,,
Method:viserdex,Method:viserdex,Method,Method,,,,,,,,,
Method:visibility,Method:visibility,Method,Method,,,,,,,,,
Method:vision-guided,Method:vision-guided,Method,Method,,,,,,,,,
Method:visu3d,Method:visu3d,Method,Method,,,,,,,,,
Method:visual,Method:visual,Method,Method,,,,,,,,,
Method:visual,Method:visual,Method,Method,,,,,,,,,
Method:visual,Method:visual,Method,Method,,,,,,,,,
Method:visual,Method:visual,Method,Method,,,,,,,,,
Method:visual,Method:visual,Method,Method,,,,,,,,,
Method:visual-gps-slam,Method:visual-gps-slam,Method,Method,,,,,,,,,
Method:visual-inertial,Method:visual-inertial,Method,Method,,,,,,,,,
Method:visual-semantic,Method:visual-semantic,Method,Method,,,,,,,,,
Method:visualsync,Method:visualsync,Method,Method,,,,,,,,,
Method:vit,Method:vit,Method,Method,,,,,,,,,
Method:vitpose,Method:vitpose,Method,Method,,,,,,,,,
Method:vitpose+,Method:vitpose+,Method,Method,,,,,,,,,
Method:vitpose++,Method:vitpose++,Method,Method,,,,,,,,,
Method:vlm3,Method:vlm3,Method,Method,,,,,,,,,
Method:vlmaps,Method:vlmaps,Method,Method,,,,,,,,,
Method:vnect,Method:vnect,Method,Method,,,,,,,,,
Method:volfill,Method:volfill,Method,Method,,,,,,,,,
Method:volsdf,Method:volsdf,Method,Method,,,,,,,,,
Method:volumetric,Method:volumetric,Method,Method,,,,,,,,,
Method:voodoo,Method:voodoo,Method,Method,,,,,,,,,
Method:vortx,Method:vortx,Method,Method,,,,,,,,,
Method:voxel-gaussian,Method:voxel-gaussian,Method,Method,,,,,,,,,
Method:voxelhashing,Method:voxelhashing,Method,Method,,,,,,,,,
Method:voxelmap,Method:voxelmap,Method,Method,,,,,,,,,
Method:voxgraph,Method:voxgraph,Method,Method,,,,,,,,,
Method:voxgs-dsdf,Method:voxgs-dsdf,Method,Method,,,,,,,,,
Method:vpho,Method:vpho,Method,Method,,,,,,,,,
Method:vs-slam,Method:vs-slam,Method,Method,,,,,,,,,
Method:vslam,Method:vslam,Method,Method,,,,,,,,,
Method:vsmgraph,Method:vsmgraph,Method,Method,,,,,,,,,
Method:w-posenet,Method:w-posenet,Method,Method,,,,,,,,,
Method:wahr,Method:wahr,Method,Method,,,,,,,,,
Method:waldo,Method:waldo,Method,Method,,,,,,,,,
Method:walking-on-mesh,Method:walking-on-mesh,Method,Method,,,,,,,,,
Method:warm-started,Method:warm-started,Method,Method,,,,,,,,,
Method:waterclear-gs,Method:waterclear-gs,Method,Method,,,,,,,,,
Method:waterfall,Method:waterfall,Method,Method,,,,,,,,,
Method:waterhe-nerf,Method:waterhe-nerf,Method,Method,,,,,,,,,
Method:wav2lip,Method:wav2lip,Method,Method,,,,,,,,,
Method:weakly-supervised,Method:weakly-supervised,Method,Method,,,,,,,,,
Method:weathergs,Method:weathergs,Method,Method,,,,,,,,,
Method:webar.rocks.object,Method:webar.rocks.object,Method,Method,,,,,,,,,
Method:webar.rocks.train,Method:webar.rocks.train,Method,Method,,,,,,,,,
Method:webspline,Method:webspline,Method,Method,,,,,,,,,
Method:weight-adaptive,Method:weight-adaptive,Method,Method,,,,,,,,,
Method:weighted,Method:weighted,Method,Method,,,,,,,,,
Method:weighted,Method:weighted,Method,Method,,,,,,,,,
Method:weighted,Method:weighted,Method,Method,,,,,,,,,
Method:wepose,Method:wepose,Method,Method,,,,,,,,,
Method:wheel-slam,Method:wheel-slam,Method,Method,,,,,,,,,
Method:whole,Method:whole,Method,Method,,,,,,,,,
Method:wid3r,Method:wid3r,Method,Method,,,,,,,,,
Method:wildhands,Method:wildhands,Method,Method,,,,,,,,,
Method:wildpose,Method:wildpose,Method,Method,,,,,,,,,
Method:windowed,Method:windowed,Method,Method,,,,,,,,,
Method:wireframe,Method:wireframe,Method,Method,,,,,,,,,
Method:wonderland,Method:wonderland,Method,Method,,,,,,,,,
Method:wormpose,Method:wormpose,Method,Method,,,,,,,,,
Method:woundnerf,Method:woundnerf,Method,Method,,,,,,,,,
Method:wristcompass,Method:wristcompass,Method,Method,,,,,,,,,
Method:wtpose,Method:wtpose,Method,Method,,,,,,,,,
Method:x-fi,Method:x-fi,Method,Method,,,,,,,,,
Method:x-fusion,Method:x-fusion,Method,Method,,,,,,,,,
Method:x-rai,Method:x-rai,Method,Method,,,,,,,,,
Method:x-tom,Method:x-tom,Method,Method,,,,,,,,,
Method:xfeat,Method:xfeat,Method,Method,,,,,,,,,
Method:xr-mbt,Method:xr-mbt,Method,Method,,,,,,,,,
Method:xrslam,Method:xrslam,Method,Method,,,,,,,,,
Method:yolo,Method:yolo,Method,Method,,,,,,,,,
Method:yolo-bkp,Method:yolo-bkp,Method,Method,,,,,,,,,
Method:yolo-e,Method:yolo-e,Method,Method,,,,,,,,,
Method:yolo-world,Method:yolo-world,Method,Method,,,,,,,,,
Method:yolo11,Method:yolo11,Method,Method,,,,,,,,,
Method:yolo26,Method:yolo26,Method,Method,,,,,,,,,
Method:yolo_orb_slam3,Method:yolo_orb_slam3,Method,Method,,,,,,,,,
Method:yolo_orb_slam3_with_pointcloud_map,Method:yolo_orb_slam3_with_pointcloud_map,Method,Method,,,,,,,,,
Method:yolodotnet,Method:yolodotnet,Method,Method,,,,,,,,,
Method:yoloe-26,Method:yoloe-26,Method,Method,,,,,,,,,
Method:yolov11,Method:yolov11,Method,Method,,,,,,,,,
Method:yolov12,Method:yolov12,Method,Method,,,,,,,,,
Method:yolov13,Method:yolov13,Method,Method,,,,,,,,,
Method:yolov26,Method:yolov26,Method,Method,,,,,,,,,
Method:yolov3,Method:yolov3,Method,Method,,,,,,,,,
Method:yolov3-tiny,Method:yolov3-tiny,Method,Method,,,,,,,,,
Method:yolov5,Method:yolov5,Method,Method,,,,,,,,,
Method:yolov5u,Method:yolov5u,Method,Method,,,,,,,,,
Method:yolov7,Method:yolov7,Method,Method,,,,,,,,,
Method:yolov8,Method:yolov8,Method,Method,,,,,,,,,
Method:yolov8-pose,Method:yolov8-pose,Method,Method,,,,,,,,,
Method:yolox-6d-pose,Method:yolox-6d-pose,Method,Method,,,,,,,,,
Method:z-floc,Method:z-floc,Method,Method,,,,,,,,,
Method:zedo-i,Method:zedo-i,Method,Method,,,,,,,,,
Method:zero-init,Method:zero-init,Method,Method,,,,,,,,,
Method:zero-nerf,Method:zero-nerf,Method,Method,,,,,,,,,
Method:zero-shot,Method:zero-shot,Method,Method,,,,,,,,,
Method:zero-splat,Method:zero-splat,Method,Method,,,,,,,,,
Method:zerorf,Method:zerorf,Method,Method,,,,,,,,,
Method:zs-srt,Method:zs-srt,Method,Method,,,,,,,,,
Method:Δ-NeRF,Method:Δ-NeRF,Method,Method,,,,,,,,,
Method:π-GAN,Method:π-GAN,Method,Method,,,,,,,,,
Method:ρ-Nerf,Method:ρ-Nerf,Method,Method,,,,,,,,,
Method:对极几何,Method:对极几何,Method,Method,,,,,,,,,
Method:快速连通域标记算法,Method:快速连通域标记算法,Method,Method,,,,,,,,,
Method:贝叶斯滤波,Method:贝叶斯滤波,Method,Method,,,,,,,,,
Method:高斯模糊,Method:高斯模糊,Method,Method,,,,,,,,,
Paper:1802.06140,Paper:1802.06140,Paper,Paper,,,2018,,,,,,Real-Time 3D Shape of Micro-Details
Paper:1803.03352,Paper:1803.03352,Paper,Paper,,,2018,,,,,,Indoor Scene Understanding in 2.5/3D for Autonomous Agents: A Survey
Paper:1803.04345,Paper:1803.04345,Paper,Paper,68,24,2018,,,,,,Sparse 3D Topological Graphs for Micro-Aerial Vehicle Planning
Paper:1803.09167,Paper:1803.09167,Paper,Paper,,,2018,,,,,,3D Reconstruction & Assessment Framework based on affordable 2D Lidar
Paper:1803.09659,Paper:1803.09659,Paper,Paper,,,2018,,,,,,A multilayer backpropagation saliency detection algorithm and its applications
Paper:1804.00586,Paper:1804.00586,Paper,Paper,156,38,2018,,,,,,Learning Descriptor Networks for 3D Shape Synthesis and Analysis
Paper:1804.04610,Paper:1804.04610,Paper,Paper,,,2018,,,,,,Pix3D: Dataset and Methods for Single-Image 3D Shape Modeling
Paper:1804.06702,Paper:1804.06702,Paper,Paper,,,2018,,,,,,Liveness Detection Using Implicit 3D Features
Paper:1805.07794,Paper:1805.07794,Paper,Paper,,,2018,,,,,,Object-Aware Guidance for Autonomous Scene Reconstruction
Paper:1805.08162,Paper:1805.08162,Paper,Paper,176,21,2018,,,,,,VideoCapsuleNet: A Simplified Network for Action Detection
Paper:1805.08676,Paper:1805.08676,Paper,Paper,,,2018,,,,,,Convexity Shape Prior for Level Set based Image Segmentation Method
Paper:1805.09707,Paper:1805.09707,Paper,Paper,221,51,2018,,,,,,Jointly Optimize Data Augmentation and Network Training: Adversarial Data Augmentation in Human Pose Estimation
Paper:1806.00746,Paper:1806.00746,Paper,Paper,132,32,2018,,,,,,Eye in the Sky: Real-time Drone Surveillance System (DSS) for Violent Individuals Identification using ScatterNet Hybrid Deep Learning Network
Paper:1806.01484,Paper:1806.01484,Paper,Paper,104,34,2018,,,,,,3D Human Pose Estimation with 2D Marginal Heatmaps
Paper:1806.03891,Paper:1806.03891,Paper,Paper,40,33,2018,,,,,,Multi-Task Deep Networks for Depth-Based 6D Object Pose and Joint Registration in Crowd Scenarios
Paper:1806.04051,Paper:1806.04051,Paper,Paper,193,15,2018,,,,,,CT-Realistic Lung Nodule Simulation from 3D Conditional Generative Adversarial Networks for Robust Lung Segmentation
Paper:1806.09316,Paper:1806.09316,Paper,Paper,19,103,2018,,,,,,Vision-based Pose Estimation for Augmented Reality : A Comparison Study
Paper:1807.01511,Paper:1807.01511,Paper,Paper,59,45,2018,,,,,,Deep Autoencoder for Combined Human Pose Estimation and body Model Upscaling
Paper:1807.06294,Paper:1807.06294,Paper,Paper,,,2018,,,,,,GeoDesc: Learning Local Descriptors by Integrating Geometry Constraints
Paper:1807.07796,Paper:1807.07796,Paper,Paper,171,30,2018,,,,,,3D-LMNet: Latent Embedding Matching for Accurate and Diverse 3D Point Cloud Reconstruction from a Single Image
Paper:1807.08483,Paper:1807.08483,Paper,Paper,2,16,2018,,,,,,A Statistical Update of Grid Representations from Range Sensors
Paper:1807.09259,Paper:1807.09259,Paper,Paper,88,41,2018,,,,,,Learning to Generate and Reconstruct 3D Meshes with only 2D Supervision
Paper:1807.09972,Paper:1807.09972,Paper,Paper,36,25,2018,,,,,,Bottom-up Pose Estimation of Multiple Person with Bounding Box Constraint
Paper:1807.10580,Paper:1807.10580,Paper,Paper,142,22,2018,,,,,,Is the Pedestrian going to Cross? Answering by 2D Pose Estimation
Paper:1807.11034,Paper:1807.11034,Paper,Paper,44,37,2018,,,,,,PSDF Fusion: Probabilistic Signed Distance Function for On-the-fly 3D Data Fusion and Scene Reconstruction
Paper:1807.11080,Paper:1807.11080,Paper,Paper,,,2018,,,,,,Towards ultra-high resolution 3D reconstruction of a whole rat brain from 3D-PLI data
Paper:1807.11130,Paper:1807.11130,Paper,Paper,78,55,2018,,,,,,Geo-Supervised Visual Depth Prediction
Paper:1807.11147,Paper:1807.11147,Paper,Paper,15,21,2018,,,,,,Occluded Joints Recovery in 3D Human Pose Estimation based on Distance Matrix
Paper:1808.01427,Paper:1808.01427,Paper,Paper,21,34,2018,,,,,,Structure-Aware Shape Synthesis
Paper:1808.01525,Paper:1808.01525,Paper,Paper,85,47,2018,,,,,,Rethinking Pose in 3D: Multi-stage Refinement and Recovery for Markerless Motion Capture
Paper:1808.02194,Paper:1808.02194,Paper,Paper,144,47,2018,,,,,,Quantized Densely Connected U-Nets for Efficient Landmark Localization
Paper:1808.02244,Paper:1808.02244,Paper,Paper,,,2018,,,,,,A Generic Multi-Projection-Center Model and Calibration Method for Light Field Cameras
Paper:1808.02595,Paper:1808.02595,Paper,Paper,15,43,2018,,,,,,A Semi-Supervised Data Augmentation Approach using 3D Graphical Engines
Paper:1808.04803,Paper:1808.04803,Paper,Paper,38,53,2018,,,,,,Hierarchical binary CNNs for landmark localization with limited resources
Paper:1808.04969,Paper:1808.04969,Paper,Paper,7,35,2018,,,,,,"Never Mind the Bounding Boxes, Here's the SAND Filters"
Paper:1808.05942,Paper:1808.05942,Paper,Paper,525,75,2018,,,,,,Neural Body Fitting: Unifying Deep Learning and Model-Based Human Pose and Shape Estimation
Paper:1808.07182,Paper:1808.07182,Paper,Paper,121,49,2018,,,,,,Can 3D Pose be Learned from 2D Projections Alone?
Paper:1808.08319,Paper:1808.08319,Paper,Paper,531,36,2018,,,,,,BOP: Benchmark for 6D Object Pose Estimation
Paper:1808.08378,Paper:1808.08378,Paper,Paper,341,44,2018,,,,,,Fusion++: Volumetric Object-Level SLAM
Paper:1809.00096,Paper:1809.00096,Paper,Paper,8,26,2018,,,,,,Vision-Based Distributed Formation Control of Unmanned Aerial Vehicles
Paper:1809.00969,Paper:1809.00969,Paper,Paper,44,33,2018,,,,,,A Deeper Insight into the UnDEMoN: Unsupervised Deep Network for Depth and Ego-Motion Estimation
Paper:1809.01995,Paper:1809.01995,Paper,Paper,220,46,2018,,,,,,Dense Pose Transfer
Paper:1809.02743,Paper:1809.02743,Paper,Paper,11,30,2018,,,,,,RealPoint3D: Point Cloud Generation from a Single Image with Complex Background
Paper:1809.04704,Paper:1809.04704,Paper,Paper,0,25,2018,,,,,,Do-It-Yourself Single Camera 3D Pointer Input Device
Paper:1809.05380,Paper:1809.05380,Paper,Paper,20,19,2018,,,,,,KittingBot: A Mobile Manipulation Robot for Collaborative Kitting in Automotive Logistics
Paper:1809.05786,Paper:1809.05786,Paper,Paper,159,42,2018,,,,,,GANVO: Unsupervised Deep Monocular Visual Odometry and Depth Estimation with Generative Adversarial Networks
Paper:1809.05958,Paper:1809.05958,Paper,Paper,72,26,2018,,,,,,Autonomous drone race: A computationally efficient vision-based navigation and control strategy
Paper:1809.05979,Paper:1809.05979,Paper,Paper,56,26,2018,,,,,,UAV Pose Estimation using Cross-view Geolocalization with Satellite Imagery
Paper:1809.07217,Paper:1809.07217,Paper,Paper,29,37,2018,,,,,,3D Human Pose Estimation with Siamese Equivariant Embedding
Paper:1809.08371,Paper:1809.08371,Paper,Paper,1,45,2018,,,,,,Focus On What's Important: Self-Attention Model for Human Pose Estimation
Paper:1809.10699,Paper:1809.10699,Paper,Paper,44,33,2018,,,,,,Learning Pose Estimation for High-Precision Robotic Assembly Using Simulated Depth Images
Paper:1809.10790,Paper:1809.10790,Paper,Paper,749,49,2018,,,,,,Deep Object Pose Estimation for Semantic Robotic Grasping of Household Objects
Paper:1810.01616,Paper:1810.01616,Paper,Paper,1,7,2018,,,,,,Cascaded Pyramid Network for 3D Human Pose Estimation Challenge
Paper:1810.01665,Paper:1810.01665,Paper,Paper,7,26,2018,,,,,,A Robot Localization Framework Using CNNs for Object Detection and Pose Estimation
Paper:1810.01849,Paper:1810.01849,Paper,Paper,229,41,2018,,,,,,"SuperDepth: Self-Supervised, Super-Resolved Monocular Depth Estimation"
Paper:1810.03155,Paper:1810.03155,Paper,Paper,1,30,2018,,,,,,Finding Correspondences for Optical Flow and Disparity Estimations using a Sub-pixel Convolution-based Encoder-Decoder Network
Paper:1810.03737,Paper:1810.03737,Paper,Paper,7,43,2018,,,,,,Novel Single View Constraints for Manhattan 3D Line Reconstruction
Paper:1810.03758,Paper:1810.03758,Paper,Paper,12,49,2018,,,,,,A Summary of the 4th International Workshop on Recovering 6D Object Pose
Paper:1810.05780,Paper:1810.05780,Paper,Paper,45,42,2018,,,,,,Pose Estimation for Objects with Rotational Symmetry
Paper:1810.05863,Paper:1810.05863,Paper,Paper,32,22,2018,,,,,,Equivalent Constraints for Two-View Geometry: Pose Solution/Pure Rotation Identification and 3D Reconstruction
Paper:1810.08338,Paper:1810.08338,Paper,Paper,47,21,2018,,,,,,Multi-Domain Pose Network for Multi-Person Pose Estimation and Tracking
Paper:1810.08393,Paper:1810.08393,Paper,Paper,138,42,2018,,,,,,DGC-Net: Dense Geometric Correspondence Network
Paper:1810.10818,Paper:1810.10818,Paper,Paper,4,44,2018,,,,,,"HANDS18: Methods, Techniques and Applications for Hand Observation"
Paper:1810.11525,Paper:1810.11525,Paper,Paper,30,45,2018,,,,,,Semantic Mapping with Simultaneous Object Detection and Localization
Paper:1810.12163,Paper:1810.12163,Paper,Paper,95,76,2018,,,,,,Real-Time RGB-D Camera Pose Estimation in Novel Scenes using a Relocalisation Cascade
Paper:1811.00313,Paper:1811.00313,Paper,Paper,7,36,2018,,,,,,Convolutional Recurrent Predictor: Implicit Representation for Multi-target Filtering and Tracking
Paper:1811.02357,Paper:1811.02357,Paper,Paper,5,48,2018,,,,,,Object 3D Reconstruction based on Photometric Stereo and Inverted Rendering
Paper:1811.02563,Paper:1811.02563,Paper,Paper,6,21,2018,,,,,,Joint Point Cloud and Image Based Localization For Efficient Inspection in Mixed Reality
Paper:1811.04989,Paper:1811.04989,Paper,Paper,79,39,2018,,,,,,OriNet: A Fully Convolutional Network for 3D Human Pose Estimation
Paper:1811.05306,Paper:1811.05306,Paper,Paper,13,27,2018,,,,,,Improved Fourier Mellin Invariant for Robust Rotation Estimation with Omni-cameras
Paper:1811.05419,Paper:1811.05419,Paper,Paper,280,39,2018,,,,,,Fast Human Pose Estimation
Paper:1811.05939,Paper:1811.05939,Paper,Paper,52,31,2018,,,,,,Domain Randomization for Scene-Specific Car Detection and Pose Estimation
Paper:1811.06666,Paper:1811.06666,Paper,Paper,18,41,2018,,,,,,Ground Plane Polling for 6DoF Pose Estimation of Objects on the Road
Paper:1811.07249,Paper:1811.07249,Paper,Paper,11,45,2018,,,,,,Learning Local RGB-to-CAD Correspondences for Object Pose Estimation
Paper:1811.07376,Paper:1811.07376,Paper,Paper,26,52,2018,,,,,,RGB-based 3D Hand Pose Estimation via Privileged Learning with Depth Images
Paper:1811.07461,Paper:1811.07461,Paper,Paper,0,32,2018,,,,,,Indoor GeoNet: Weakly Supervised Hybrid Learning for Depth and Pose Estimation
Paper:1811.07632,Paper:1811.07632,Paper,Paper,2,26,2018,,,,,,Collaborative Dense SLAM
Paper:1811.07791,Paper:1811.07791,Paper,Paper,,,2018,,,,,,"Deep Shape-from-Template: Wide-Baseline, Dense and Fast Registration and Deformable Reconstruction from a Single Image"
Paper:1811.08588,Paper:1811.08588,Paper,Paper,29,36,2018,,,,,,Real-Time 6D Object Pose Estimation on CPU
Paper:1811.08716,Paper:1811.08716,Paper,Paper,16,20,2018,,,,,,Autonomous Dual-Arm Manipulation of Familiar Objects
Paper:1811.09347,Paper:1811.09347,Paper,Paper,6,37,2018,,,,,,A Simple Non-i.i.d. Sampling Approach for Efficient Training and Better Generalization
Paper:1811.09790,Paper:1811.09790,Paper,Paper,,,2018,,,,,,Spatio-Temporal Road Scene Reconstruction using Superpixel Markov Random Field
Paper:1811.09916,Paper:1811.09916,Paper,Paper,19,39,2018,,,,,,Generating Realistic Training Images Based on Tonality-Alignment Generative Adversarial Networks for Hand Pose Estimation
Paper:1811.10681,Paper:1811.10681,Paper,Paper,5,45,2018,,,,,,Matching Features without Descriptors: Implicitly Matched Interest Points
Paper:1811.10719,Paper:1811.10719,Paper,Paper,,,2018,,,,,,Learning View Priors for Single-view 3D Reconstruction
Paper:1811.11209,Paper:1811.11209,Paper,Paper,44,34,2018,,,,,,Iterative Transformer Network for 3D Point Cloud
Paper:1811.11742,Paper:1811.11742,Paper,Paper,1243,64,2018,,,,,,3D human pose estimation in video with temporal convolutions and semi-supervised training
Paper:1811.12004,Paper:1811.12004,Paper,Paper,336,17,2018,,,,,,Real-time 2D Multi-Person Pose Estimation on CPU: Lightweight OpenPose
Paper:1811.12016,Paper:1811.12016,Paper,Paper,5,31,2018,,,,,,3D Shape Reconstruction from a Single 2D Image via 2D-3D Self-Consistency
Paper:1812.00252,Paper:1812.00252,Paper,Paper,7,52,2018,,,,,,LSTM-based Network for Human Gait Stability Prediction in an Intelligent Robotic Rollator
Paper:1812.00287,Paper:1812.00287,Paper,Paper,139,65,2018,,,,,,Explaining the Ambiguity of Object Detection and 6D Pose From Visual Data
Paper:1812.00725,Paper:1812.00725,Paper,Paper,64,50,2018,,,,,,CRAVES: Controlling Robotic Arm with a Vision-based Economic System
Paper:1812.00739,Paper:1812.00739,Paper,Paper,43,25,2018,,,,,,"Nose, eyes and ears: Head pose estimation by locating facial keypoints"
Paper:1812.01024,Paper:1812.01024,Paper,Paper,729,65,2018,,,,,,DeepVoxels: Learning Persistent 3D Feature Embeddings
Paper:1812.01232,Paper:1812.01232,Paper,Paper,45,69,2018,,,,,,The Alignment of the Spheres: Globally-Optimal Spherical Mixture Alignment for Camera Pose Estimation
Paper:1812.01738,Paper:1812.01738,Paper,Paper,3,62,2018,,,,,,Multiview Cross-supervision for Semantic Segmentation
Paper:1812.01783,Paper:1812.01783,Paper,Paper,3,48,2018,,,,,,Capture Dense: Markerless Motion Capture Meets Dense Pose Estimation
Paper:1812.02541,Paper:1812.02541,Paper,Paper,313,50,2018,,,,,,Segmentation-driven 6D Object Pose Estimation
Paper:1812.02716,Paper:1812.02716,Paper,Paper,23,57,2018,,,,,,Cross-Domain 3D Equivariant Image Embeddings
Paper:1812.02925,Paper:1812.02925,Paper,Paper,3,28,2018,,,,,,SeFM: A Sequential Feature Point Matching Algorithm for Object 3D Reconstruction
Paper:1812.03015,Paper:1812.03015,Paper,Paper,,,2018,,,,,,Real-time Indoor Scene Reconstruction with RGBD and Inertia Input
Paper:1812.03245,Paper:1812.03245,Paper,Paper,31,25,2018,,,,,,Self-Improving Visual Odometry
Paper:1812.03247,Paper:1812.03247,Paper,Paper,76,22,2018,,,,,,Deep ChArUco: Dark ChArUco Marker Pose Estimation
Paper:1812.03595,Paper:1812.03595,Paper,Paper,179,32,2018,,,,,,PoseFix: Model-agnostic General Human Pose Refinement Network
Paper:1812.03647,Paper:1812.03647,Paper,Paper,37,29,2018,,,,,,Factored Pose Estimation of Articulated Objects using Efficient Nonparametric Belief Propagation
Paper:1812.03828,Paper:1812.03828,Paper,Paper,3395,82,2018,,,,,,Occupancy Networks: Learning 3D Reconstruction in Function Space
Paper:1812.04172,Paper:1812.04172,Paper,Paper,15,56,2018,,,,,,Learning Discriminative Motion Features Through Detection
Paper:1812.05231,Paper:1812.05231,Paper,Paper,12,27,2018,,,,,,Nrityantar: Pose oblivious Indian classical dance sequence classification system
Paper:1812.05770,Paper:1812.05770,Paper,Paper,42,74,2018,,,,,,Action Machine: Rethinking Action Recognition in Trimmed Videos
Paper:1812.05806,Paper:1812.05806,Paper,Paper,,,2018,,,,,,A Self-Supervised Bootstrap Method for Single-Image 3D Face Reconstruction
Paper:1812.08008,Paper:1812.08008,Paper,Paper,5572,81,2018,,,,,,OpenPose: Realtime Multi-Person 2D Pose Estimation using Part Affinity Fields
Paper:1812.08370,Paper:1812.08370,Paper,Paper,26,53,2018,,,,,,SfMLearner++: Learning Monocular Depth & Ego-Motion using Meaningful Geometric Constraints
Paper:1812.08374,Paper:1812.08374,Paper,Paper,8,36,2018,,,,,,DAC: Data-free Automatic Acceleration of Convolutional Networks
Paper:1812.09533,Paper:1812.09533,Paper,Paper,41,56,2018,,,,,,Temporal Hockey Action Recognition via Pose and Optical Flows
Paper:1812.09737,Paper:1812.09737,Paper,Paper,16,51,2018,,,,,,End-to-end Learning for Graph Decomposition
Paper:1812.10071,Paper:1812.10071,Paper,Paper,5,41,2018,,,,,,Coupled Recurrent Network (CRN)
Paper:1812.10320,Paper:1812.10320,Paper,Paper,18,26,2018,,,,,,Structure-Aware 3D Hourglass Network for Hand Pose Estimation from Single Depth Image
Paper:1812.11166,Paper:1812.11166,Paper,Paper,,,2018,,,,,,Learning to Reconstruct Shapes from Unseen Classes
Paper:1812.11284,Paper:1812.11284,Paper,Paper,5,14,2018,,,,,,3D Convolution on RGB-D Point Clouds for Accurate Model-free Object Pose Estimation
Paper:1812.11339,Paper:1812.11339,Paper,Paper,,,2018,,,,,,Rendu basé image avec contraintes sur les gradients
Paper:1812.11440,Paper:1812.11440,Paper,Paper,92,14,2018,,,,,,Brain MRI super-resolution using 3D generative adversarial networks
Paper:1812.11788,Paper:1812.11788,Paper,Paper,1054,44,2018,,,,,,PVNet: Pixel-wise Voting Network for 6DoF Pose Estimation
Paper:1812.11922,Paper:1812.11922,Paper,Paper,9,48,2018,,,,,,Epipolar Geometry based Learning of Multi-view Depth and Ego-Motion from Monocular Sequences
Paper:1901.00049,Paper:1901.00049,Paper,Paper,186,63,2018,,,,,,SiCloPe: Silhouette-Based Clothed People
Paper:1901.05103,Paper:1901.05103,Paper,Paper,,,2019,,,,,,DeepSDF: Learning Continuous Signed Distance Functions for Shape Representation
Paper:1902.01275,Paper:1902.01275,Paper,Paper,595,51,2019,,,,,,Implicit 3D Orientation Learning for 6D Object Detection from RGB Images
Paper:1902.03619,Paper:1902.03619,Paper,Paper,9,31,2019,,,,,,A Decoupled 3D Facial Shape Model by Adversarial Training
Paper:1903.03477,Paper:1903.03477,Paper,Paper,,,2019,,,,,,Auto-Encoding Progressive Generative Adversarial Networks For 3D Multi Object Scenes
Paper:1904.11781,Paper:1904.11781,Paper,Paper,,,2019,,,,,,EM-Fusion: Dynamic Object-Level SLAM with Probabilistic Data Association
Paper:1904.12012,Paper:1904.12012,Paper,Paper,,,2019,,,,,,RevealNet: Seeing Behind Objects in RGB-D Scans
Paper:1904.12144,Paper:1904.12144,Paper,Paper,,,2019,,,,,,IsMo-GAN: Adversarial Learning for Monocular Non-Rigid 3D Reconstruction
Paper:1904.13073,Paper:1904.13073,Paper,Paper,,,2019,,,,,,SurfelWarp: Efficient Non-Volumetric Single View Dynamic Reconstruction
Paper:1905.02082,Paper:1905.02082,Paper,Paper,,,2019,,,,,,ReFusion: 3D Reconstruction in Dynamic Environments for RGB-D Cameras Exploiting Residuals
Paper:1905.03561,Paper:1905.03561,Paper,Paper,,,2019,,,,,,D2-Net: A Trainable CNN for Joint Detection and Description of Local Features
Paper:1905.05172,Paper:1905.05172,Paper,Paper,1422,77,2019,,,,,,PIFu: Pixel-Aligned Implicit Function for High-Resolution Clothed Human Digitization
Paper:1905.07442,Paper:1905.07442,Paper,Paper,,,2019,,,,,,Transport-Based Neural Style Transfer for Smoke Simulations
Paper:1905.07515,Paper:1905.07515,Paper,Paper,,,2019,,,,,,Learning Perspective Undistortion of Portraits
Paper:1905.09634,Paper:1905.09634,Paper,Paper,,,2019,,,,,,Robust Point Cloud Based Reconstruction of Large-Scale Outdoor Scenes
Paper:1905.09829,Paper:1905.09829,Paper,Paper,,,2019,,,,,,Plane-Based Optimization of Geometry and Texture for RGB-D Reconstruction of Indoor Scenes
Paper:1905.09939,Paper:1905.09939,Paper,Paper,,,2019,,,,,,Bi-objective Framework for Sensor Fusion in RGB-D Multi-View Systems: Applications in Calibration
Paper:1906.03650,Paper:1906.03650,Paper,Paper,38,46,2019,,,,,,Unsupervised Primitive Discovery for Improved 3D Generative Modeling
Paper:1906.04910,Paper:1906.04910,Paper,Paper,8,57,2019,,,,,,Inferring 3D Shapes from Image Collections using Adversarial Networks
Paper:1907.00939,Paper:1907.00939,Paper,Paper,,,2019,,,,,,Pano Popups: Indoor 3D Reconstruction with a Plane-Aware Network
Paper:1907.06071,Paper:1907.06071,Paper,Paper,,,2019,,,,,,S&CNet: Monocular Depth Completion for Autonomous Systems and 3D Reconstruction
Paper:1907.10202,Paper:1907.10202,Paper,Paper,,,2019,,,,,,Pose-variant 3D Facial Attribute Generation
Paper:1907.10844,Paper:1907.10844,Paper,Paper,,,2019,,,,,,PU-GAN: a Point Cloud Upsampling Adversarial Network
Paper:1907.12253,Paper:1907.12253,Paper,Paper,,,2019,,,,,,Silhouette Guided Point Cloud Reconstruction beyond Occlusion
Paper:1908.01523,Paper:1908.01523,Paper,Paper,6,45,2019,,,,,,3D Reconstruction of Deformable Revolving Object under Heavy Hand Interaction
Paper:1908.05146,Paper:1908.05146,Paper,Paper,7,20,2019,,,,,,Directional TSDF: Modeling Surface Orientation for Coherent Meshes
Paper:1908.07906,Paper:1908.07906,Paper,Paper,283,42,2019,,,,,,PCRNet: Point Cloud Registration Network using PointNet Encoding
Paper:1908.08209,Paper:1908.08209,Paper,Paper,17,17,2019,,,,,,BIM-assisted object recognition for the on-site autonomous robotic assembly of discrete structures
Paper:1908.09216,Paper:1908.09216,Paper,Paper,76,32,2019,,,,,,Dynamic Kernel Distillation for Efficient Pose Estimation in Videos
Paper:1908.11044,Paper:1908.11044,Paper,Paper,12,49,2019,,,,,,Discrete Laplace Operator Estimation for Dynamic 3D Reconstruction
Paper:1909.00392,Paper:1909.00392,Paper,Paper,93,49,2019,,,,,,Towards Robust Learning-Based Pose Estimation of Noncooperative Spacecraft
Paper:1909.00703,Paper:1909.00703,Paper,Paper,,,2019,,,,,,Learned Semantic Multi-Sensor Depth Map Fusion
Paper:1909.01205,Paper:1909.01205,Paper,Paper,44,38,2019,,,,,,Few-Shot Generalization for Single-Image 3D Reconstruction via Priors
Paper:1909.01497,Paper:1909.01497,Paper,Paper,0,33,2019,,,,,,Iterative Clustering with Game-Theoretic Matching for Robust Multi-consistency Correspondence
Paper:1909.03752,Paper:1909.03752,Paper,Paper,91,26,2019,,,,,,Masking by Moving: Learning Distraction-Free Radar Odometry from Pose Information
Paper:1909.05730,Paper:1909.05730,Paper,Paper,0,34,2019,,,,,,VeREFINE: Integrating Object Pose Verification with Physics-guided Iterative Refinement
Paper:1909.05736,Paper:1909.05736,Paper,Paper,,,2019,,,,,,CvxNet: Learnable Convex Decomposition
Paper:1909.06907,Paper:1909.06907,Paper,Paper,21,52,2019,,,,,,X-ToM: Explaining with Theory-of-Mind for Gaining Justified Human Trust
Paper:1909.08605,Paper:1909.08605,Paper,Paper,314,59,2019,,,,,,Graduated Non-Convexity for Robust Spatial Perception: From Non-Minimal Solvers to Global Outlier Rejection
Paper:1909.09225,Paper:1909.09225,Paper,Paper,40,37,2019,,,,,,Gaze Estimation for Assisted Living Environments
Paper:1909.10376,Paper:1909.10376,Paper,Paper,43,32,2019,,,,,,Upper Body Pose Estimation Using Wearable Inertial Sensors and Multiplicative Kalman Filter
Paper:1909.11155,Paper:1909.11155,Paper,Paper,46,51,2019,,,,,,Anchor Loss: Modulating Loss Scale based on Prediction Difficulty
Paper:1909.11888,Paper:1909.11888,Paper,Paper,17,26,2019,,,,,,Resolving Marker Pose Ambiguity by Robust Rotation Averaging with Clique Constraints
Paper:1909.12297,Paper:1909.12297,Paper,Paper,4,60,2019,,,,,,Energy-Based Models for Deep Probabilistic Regression
Paper:1909.12494,Paper:1909.12494,Paper,Paper,1,40,2019,,,,,,Deep Gated Multi-modal Learning: In-hand Object Pose Changes Estimation using Tactile and Image Data
Paper:1909.12936,Paper:1909.12936,Paper,Paper,17,35,2019,,,,,,6D Pose Estimation with Correlation Fusion
Paper:1909.12945,Paper:1909.12945,Paper,Paper,0,32,2019,,,,,,EPOSIT: An Absolute Pose Estimation Method for Pinhole and Fish-Eye Cameras
Paper:1909.13476,Paper:1909.13476,Paper,Paper,27,29,2019,,,,,,CullNet: Calibrated and Pose Aware Confidence Scores for Object Pose Estimation
Paper:1909.13493,Paper:1909.13493,Paper,Paper,6,41,2019,,,,,,Robust Data Association for Object-level Semantic SLAM
Paper:1910.00679,Paper:1910.00679,Paper,Paper,75,13,2019,,,,,,TagSLAM: Robust SLAM with Fiducial Markers
Paper:1910.00721,Paper:1910.00721,Paper,Paper,26,36,2019,,,,,,LIT: Light-field Inference of Transparency for Refractive Object Localization
Paper:1910.00983,Paper:1910.00983,Paper,Paper,,,2019,,,,,,Learning Continuous 3D Reconstructions for Geometrically Aware Grasping
Paper:1910.02527,Paper:1910.02527,Paper,Paper,500,58,2019,,,,,,"3D Scene Graph: A Structure for Unified Semantics, 3D Space, and Camera"
Paper:1910.03412,Paper:1910.03412,Paper,Paper,17,24,2019,,,,,,Refining 6D Object Pose Predictions using Abstract Render-and-Compare
Paper:1910.03695,Paper:1910.03695,Paper,Paper,27,41,2019,,,,,,NADS-Net: A Nimble Architecture for Driver and Seat Belt Detection via Convolutional Neural Networks
Paper:1910.03858,Paper:1910.03858,Paper,Paper,121,41,2019,,,,,,Intention Recognition of Pedestrians and Cyclists by 2D Pose Estimation
Paper:1910.04935,Paper:1910.04935,Paper,Paper,11,13,2019,,,,,,FetusMap: Fetal Pose Estimation in 3D Ultrasound
Paper:1910.04953,Paper:1910.04953,Paper,Paper,21,56,2019,,,,,,Scene-level Pose Estimation for Multiple Instances of Densely Packed Objects
Paper:1910.05901,Paper:1910.05901,Paper,Paper,18,35,2019,,,,,,Multi-Stage HRNet: Multiple Stage High-Resolution Network for Human Pose Estimation
Paper:1910.10653,Paper:1910.10653,Paper,Paper,14,44,2019,,,,,,Accurate 6D Object Pose Estimation by Pose Conditioned Mesh Reconstruction
Paper:1910.10750,Paper:1910.10750,Paper,Paper,174,54,2019,,,,,,6-PACK: Category-level 6D Pose Tracker with Anchor-Based Keypoints
Paper:1910.11116,Paper:1910.11116,Paper,Paper,0,37,2019,,,,,,Depth Camera Based Particle Filter for Robotic Osteotomy Navigation
Paper:1910.11818,Paper:1910.11818,Paper,Paper,2,57,2019,,,,,,Real-time Memory Efficient Large-pose Face Alignment via Deep Evolutionary Network
Paper:1910.13675,Paper:1910.13675,Paper,Paper,122,37,2019,,,,,,Form2Fit: Learning Shape Priors for Generalizable Assembly from Disassembly
Paper:1910.13740,Paper:1910.13740,Paper,Paper,0,18,2019,,,,,,Probabilistic Inference for Camera Calibration in Light Microscopy under Circular Motion
Paper:1910.13911,Paper:1910.13911,Paper,Paper,31,33,2019,,,,,,Real-time Convolutional Networks for Depth-based Human Pose Estimation
Paper:1911.00962,Paper:1911.00962,Paper,Paper,33,65,2019,,,,,,Conservative Wasserstein Training for Pose Estimation
Paper:1911.01082,Paper:1911.01082,Paper,Paper,6,34,2019,,,,,,Technical Report: Co-learning of geometry and semantics for online 3D mapping
Paper:1911.01911,Paper:1911.01911,Paper,Paper,164,14,2019,,,,,,BlenderProc
Paper:1911.02050,Paper:1911.02050,Paper,Paper,257,62,2019,,,,,,"Satellite Pose Estimation Challenge: Dataset, Competition Design and Results"
Paper:1911.04231,Paper:1911.04231,Paper,Paper,578,53,2019,,,,,,PVN3D: A Deep Point-wise 3D Keypoints Voting Network for 6DoF Pose Estimation
Paper:1911.04930,Paper:1911.04930,Paper,Paper,5,31,2019,,,,,,HMTNet:3D Hand Pose Estimation from Single Depth Image Based on Hand Morphological Topology
Paper:1911.05063,Paper:1911.05063,Paper,Paper,152,45,2019,,,,,,Kaolin: A PyTorch Library for Accelerating 3D Deep Learning Research
Paper:1911.05185,Paper:1911.05185,Paper,Paper,12,14,2019,,,,,,Pose estimation and bin picking for deformable products
Paper:1911.05603,Paper:1911.05603,Paper,Paper,186,25,2019,,,,,,Are We Ready for Service Robots? The OpenLORIS-Scene Datasets for Lifelong SLAM
Paper:1911.05932,Paper:1911.05932,Paper,Paper,117,66,2019,,,,,,GIFT: Learning Transformation-Invariant Dense Visual Descriptors via Group CNNs
Paper:1911.06600,Paper:1911.06600,Paper,Paper,37,34,2019,,,,,,GraphX-Convolution for Point Cloud Deformation in 2D-to-3D Conversion
Paper:1911.07383,Paper:1911.07383,Paper,Paper,13,53,2019,,,,,,Towards Robust RGB-D Human Mesh Recovery
Paper:1911.07424,Paper:1911.07424,Paper,Paper,8,40,2019,,,,,,Fast and Accurate 3D Hand Pose Estimation via Recurrent Neural Network for Capturing Hand Articulations
Paper:1911.07524,Paper:1911.07524,Paper,Paper,244,36,2019,,,,,,The Devil is in the Details: Delving into Unbiased Data Processing for Human Pose Estimation
Paper:1911.07771,Paper:1911.07771,Paper,Paper,34,35,2019,,,,,,MaskedFusion: Mask-based 6D Object Pose Estimation
Paper:1911.07841,Paper:1911.07841,Paper,Paper,,,2019,,,,,,Tigris: Architecture and Algorithms for 3D Perception in Point Clouds
Paper:1911.07846,Paper:1911.07846,Paper,Paper,1,37,2019,,,,,,Multiple Face Analyses through Adversarial Learning
Paper:1911.07938,Paper:1911.07938,Paper,Paper,0,8,2019,,,,,,Towards Good Practices for Multi-Person Pose Estimation
Paper:1911.08324,Paper:1911.08324,Paper,Paper,222,59,2019,,,,,,Single-Stage 6D Object Pose Estimation
Paper:1911.08344,Paper:1911.08344,Paper,Paper,11,37,2019,,,,,,FollowMeUp Sports: New Benchmark for 2D Human Keypoint Recognition
Paper:1911.08995,Paper:1911.08995,Paper,Paper,0,28,2019,,,,,,Unsupervised Monocular Depth Prediction for Indoor Continuous Video Streams
Paper:1911.09092,Paper:1911.09092,Paper,Paper,40,72,2019,,,,,,Superpixel Soup: Monocular Dense 3D Reconstruction of a Complex Dynamic Scene
Paper:1911.09204,Paper:1911.09204,Paper,Paper,12,36,2019,,,,,,DR-KFS: A Differentiable Visual Similarity Metric for 3D Shape Reconstruction
Paper:1911.09231,Paper:1911.09231,Paper,Paper,123,53,2019,,,,,,Camera-to-Robot Pose Estimation from a Single Image
Paper:1911.09233,Paper:1911.09233,Paper,Paper,16,41,2019,,,,,,Contextual Reinforcement Learning of Visuo-tactile Multi-fingered Grasping Policies
Paper:1911.09245,Paper:1911.09245,Paper,Paper,34,67,2019,,,,,,Consensus-based Optimization for 3D Human Pose Estimation in Camera Coordinates
Paper:1911.09968,Paper:1911.09968,Paper,Paper,122,113,2019,,,,,,SelfVIO: Self-Supervised Deep Monocular Visual-Inertial Odometry and Depth Estimation
Paper:1911.10346,Paper:1911.10346,Paper,Paper,52,40,2019,,,,,,Simple and Lightweight Human Pose Estimation
Paper:1911.10414,Paper:1911.10414,Paper,Paper,592,47,2019,,,,,,SAL: Sign Agnostic Learning of Shapes from Raw Data
Paper:1911.10529,Paper:1911.10529,Paper,Paper,106,29,2019,,,,,,Simple Pose: Rethinking and Improving a Bottom-up Approach for Multi-Person Pose Estimation
Paper:1911.10927,Paper:1911.10927,Paper,Paper,21,22,2019,,,,,,Sub-frame Appearance and 6D Pose Estimation of Fast Moving Objects
Paper:1911.11534,Paper:1911.11534,Paper,Paper,0,43,2019,,,,,,Decoupling Features and Coordinates for Few-shot RGB Relocalization
Paper:1911.11686,Paper:1911.11686,Paper,Paper,3,20,2019,,,,,,Multi-Level Network for High-Speed Multi-Person Pose Estimation
Paper:1911.11763,Paper:1911.11763,Paper,Paper,2746,74,2019,,,,,,SuperGlue: Learning Feature Matching with Graph Neural Networks
Paper:1911.12012,Paper:1911.12012,Paper,Paper,,,2019,,,,,,Deep Stereo using Adaptive Thin Volume Representation with Uncertainty Awareness
Paper:1911.12330,Paper:1911.12330,Paper,Paper,4,12,2019,,,,,,Multi-View Matching Network for 6D Pose Estimation
Paper:1911.13225,Paper:1911.13225,Paper,Paper,,,2019,,,,,,DIST: Rendering Deep Implicit Signed Distance Function with Differentiable Sphere Tracing
Paper:1912.00416,Paper:1912.00416,Paper,Paper,158,56,2019,,,,,,LatentFusion: End-to-End Differentiable Reconstruction and Rendering for Unseen Object Pose Estimation
Paper:1912.00623,Paper:1912.00623,Paper,Paper,93,62,2019,,,,,,Reinforced Feature Points: Optimizing Feature Detection and Description for a High-Level Task
Paper:1912.00821,Paper:1912.00821,Paper,Paper,55,53,2019,,,,,,Mixture Dense Regression for Object Detection and Human Pose Estimation
Paper:1912.01584,Paper:1912.01584,Paper,Paper,68,46,2019,,,,,,EventGAN: Leveraging Large Scale Image Datasets for Event Cameras
Paper:1912.01875,Paper:1912.01875,Paper,Paper,8,44,2019,,,,,,3D Hand Pose Estimation via Regularized Graph Representation Learning
Paper:1912.02323,Paper:1912.02323,Paper,Paper,52,64,2019,,,,,,15 Keypoints Is All You Need
Paper:1912.02469,Paper:1912.02469,Paper,Paper,37,34,2019,,,,,,VersaVIS: An Open Versatile Multi-Camera Visual-Inertial Sensor Suite
Paper:1912.02805,Paper:1912.02805,Paper,Paper,145,39,2019,,,,,,KeyPose: Multi-View 3D Labeling and Keypoint Estimation for Transparent Objects
Paper:1912.02908,Paper:1912.02908,Paper,Paper,71,49,2019,,,,,,"Why Having 10,000 Parameters in Your Camera Model is Better Than Twelve"
Paper:1912.02923,Paper:1912.02923,Paper,Paper,170,57,2019,,,,,,Generating 3D People in Scenes without People
Paper:1912.03005,Paper:1912.03005,Paper,Paper,,,2019,,,,,,Perspective-consistent multifocus multiview 3D reconstruction of small objects
Paper:1912.03203,Paper:1912.03203,Paper,Paper,182,56,2019,,,,,,Dynamic Convolutions: Exploiting Spatial Sparsity for Faster Inference
Paper:1912.04071,Paper:1912.04071,Paper,Paper,66,57,2019,,,,,,DeepFuse: An IMU-Aware Network for Real-Time 3D Human Pose Estimation from Multi-View Image
Paper:1912.04363,Paper:1912.04363,Paper,Paper,1,50,2019,,,,,,Car Pose in Context: Accurate Pose Estimation with Ground Plane Constraints
Paper:1912.04618,Paper:1912.04618,Paper,Paper,5,33,2019,,,,,,Deep Attention Based Semi-Supervised 2D-Pose Estimation for Surgical Instruments
Paper:1912.04627,Paper:1912.04627,Paper,Paper,1,21,2019,,,,,,SuperNCN: Neighbourhood consensus network for robust outdoor scenes matching
Paper:1912.04663,Paper:1912.04663,Paper,Paper,1,35,2019,,,,,,3D-GMNet: Single-View 3D Shape Recovery as A Gaussian Mixture
Paper:1912.05013,Paper:1912.05013,Paper,Paper,2,37,2019,,,,,,Line-based Camera Pose Estimation in Point Cloud of Structured Environments
Paper:1912.05656,Paper:1912.05656,Paper,Paper,1141,77,2019,,,,,,VIBE: Video Inference for Human Body Pose and Shape Estimation
Paper:1912.05766,Paper:1912.05766,Paper,Paper,14,45,2019,,,,,,One Framework to Register Them All: PointNet Encoding for Point Cloud Alignment
Paper:1912.07009,Paper:1912.07009,Paper,Paper,,,2019,,,,,,C-Flow: Conditional Generative Flow Models for Images and 3D Point Clouds
Paper:1912.07109,Paper:1912.07109,Paper,Paper,260,57,2019,,,,,,SDFDiff: Differentiable Rendering of Signed Distance Fields for 3D Shape Optimization
Paper:1912.07333,Paper:1912.07333,Paper,Paper,26,30,2019,,,,,,ConvPoseCNN: Dense Convolutional 6D Object Pose Estimation
Paper:1912.07372,Paper:1912.07372,Paper,Paper,1107,92,2019,,,,,,Differentiable Volumetric Rendering: Learning Implicit 3D Representations without 3D Supervision
Paper:1912.08077,Paper:1912.08077,Paper,Paper,150,72,2019,,,,,,Multi-task Deep Learning for Real-Time 3D Human Pose Estimation and Action Recognition
Paper:1912.08263,Paper:1912.08263,Paper,Paper,19,80,2019,,,,,,ViPR: Visual-Odometry-aided Pose Regression for 6DoF Camera Localization
Paper:1912.08568,Paper:1912.08568,Paper,Paper,2,48,2019,,,,,,ActiveMoCap: Optimized Viewpoint Selection for Active Human Motion Capture
Paper:1912.09057,Paper:1912.09057,Paper,Paper,19,19,2019,,,,,,PointVoteNet: Accurate Object Detection and 6 DoF Pose Estimation in Point Clouds
Paper:1912.10776,Paper:1912.10776,Paper,Paper,44,43,2019,,,,,,Minimal Solutions for Relative Pose with a Single Affine Correspondence
Paper:1912.10787,Paper:1912.10787,Paper,Paper,0,15,2019,,,,,,Learned Interpolation for 3D Generation
Paper:1912.11695,Paper:1912.11695,Paper,Paper,32,52,2019,,,,,,Extreme Relative Pose Network under Hybrid Representations
Paper:1912.11888,Paper:1912.11888,Paper,Paper,18,48,2019,,,,,,W-PoseNet: Dense Correspondence Regularized Pixel Pair Pose Regression
Paper:1912.11913,Paper:1912.11913,Paper,Paper,259,31,2019,,,,,,Category-Level Articulated Object Pose Estimation
Paper:1912.12125,Paper:1912.12125,Paper,Paper,86,21,2019,,,,,,Large-scale 6D Object Pose Estimation Dataset for Industrial Bin-Picking
Paper:1912.12436,Paper:1912.12436,Paper,Paper,6,36,2019,,,,,,Silhouette-Net: 3D Hand Pose Estimation from Silhouettes
Paper:1912.12847,Paper:1912.12847,Paper,Paper,0,56,2019,,,,,,Generative Memorize-Then-Recall framework for low bit-rate Surveillance Video Compression
Paper:2003.00397,Paper:2003.00397,Paper,Paper,,,2020,,,,,,Intelligent Home 3D: Automatic 3D-House Design from Linguistic Descriptions Only
Paper:2003.04618,Paper:2003.04618,Paper,Paper,,,2020,,,,,,Convolutional Occupancy Networks
Paper:2003.08593,Paper:2003.08593,Paper,Paper,,,2020,,,,,,Curriculum DeepSDF
Paper:2003.08624,Paper:2003.08624,Paper,Paper,40,106,2020,,,,,,PT2PC: Learning to Generate 3D Point Cloud Shapes from Part Tree Conditions
Paper:2003.12406,Paper:2003.12406,Paper,Paper,,,2020,,,,,,Learning Implicit Surface Light Fields
Paper:2003.12753,Paper:2003.12753,Paper,Paper,,,2020,,,,,,Deep Fashion3D: A Dataset and Benchmark for 3D Garment Reconstruction from Single Images
Paper:2004.12697,Paper:2004.12697,Paper,Paper,17,33,2020,,,,,,Reconstructing normal section profiles of 3D revolving structures via pose-unconstrained multi-line structured-light vision
Paper:2005.00922,Paper:2005.00922,Paper,Paper,,,2020,,,,,,SAMP: Shape and Motion Priors for 4D Vehicle Reconstruction
Paper:2006.03817,Paper:2006.03817,Paper,Paper,,,2020,,,,,,UCLID-Net: Single View Reconstruction in Object Space
Paper:2007.02798,Paper:2007.02798,Paper,Paper,,,2020,,,,,,Gradient Origin Networks
Paper:2007.03858,Paper:2007.03858,Paper,Paper,,,2020,,,,,,PaMIR: Parametric Model-Conditioned Implicit Representation for Image-based Human Reconstruction
Paper:2007.06620,Paper:2007.06620,Paper,Paper,,,2020,,,,,,AUTO3D: Novel view synthesis through unsupervisely learned variational viewpoint and global 3D representation
Paper:2007.06853,Paper:2007.06853,Paper,Paper,,,2020,,,,,,Topology-Change-Aware Volumetric Fusion for Dynamic Scene Reconstruction
Paper:2007.07013,Paper:2007.07013,Paper,Paper,1,26,2020,,,,,,Pose2RGBD. Generating Depth and RGB images from absolute positions
Paper:2007.07527,Paper:2007.07527,Paper,Paper,,,2020,,,,,,Learning to Parse Wireframes in Images of Man-Made Environments
Paper:2008.04451,Paper:2008.04451,Paper,Paper,253,97,2020,,,,,,Grasping Field: Learning Implicit Representations for Human Grasps
Paper:2008.06909,Paper:2008.06909,Paper,Paper,20,82,2020,,,,,,Geodesic Paths for Image Segmentation with Implicit Region-based Homogeneity Enhancement
Paper:2008.11822,Paper:2008.11822,Paper,Paper,26,38,2020,,,,,,Indirect Object-to-Robot Pose Estimation from an External Monocular RGB Camera
Paper:2009.00225,Paper:2009.00225,Paper,Paper,42,88,2020,,,,,,Heatmap Regression via Randomized Rounding
Paper:2009.00258,Paper:2009.00258,Paper,Paper,,,2020,,,,,,Distinctive 3D local deep descriptors
Paper:2009.00348,Paper:2009.00348,Paper,Paper,11,46,2020,,,,,,LiftFormer: 3D Human Pose Estimation using attention models
Paper:2009.02672,Paper:2009.02672,Paper,Paper,100,155,2020,,,,,,"Approaches, Challenges, and Applications for Deep Visual Odometry: Toward to Complicated and Emerging Areas"
Paper:2009.04420,Paper:2009.04420,Paper,Paper,,,2020,,,,,,Cephalogram Synthesis and Landmark Detection in Dental Cone-Beam CT Systems
Paper:2009.04630,Paper:2009.04630,Paper,Paper,2,27,2020,,,,,,A Minimum Energy Filter for Localisation of an Unmanned Aerial Vehicle
Paper:2009.06549,Paper:2009.06549,Paper,Paper,41,28,2020,,,,,,Beyond Weak Perspective for Monocular 3D Human Pose Estimation
Paper:2009.07462,Paper:2009.07462,Paper,Paper,129,41,2020,,,,,,PL-VINS: Real-Time Monocular Visual-Inertial SLAM with Point and Line Features
Paper:2009.09633,Paper:2009.09633,Paper,Paper,397,108,2020,,,,,,3D-FUTURE: 3D Furniture shape with TextURE
Paper:2009.11193,Paper:2009.11193,Paper,Paper,,,2020,,,,,,"ContactNets: Learning Discontinuous Contact Dynamics with Smooth, Implicit Representations"
Paper:2009.12312,Paper:2009.12312,Paper,Paper,0,28,2020,,,,,,CAD2Real: Deep learning with domain randomization of CAD data for 3D pose estimation of electronic control unit housings
Paper:2009.12339,Paper:2009.12339,Paper,Paper,5,33,2020,,,,,,SuPEr-SAM: Using the Supervision Signal from a Pose Estimator to Train a Spatial Attention Module for Personal Protective Equipment Recognition
Paper:2009.12678,Paper:2009.12678,Paper,Paper,31,94,2020,,,,,,I Like to Move It: 6D Pose Estimation as an Action Decision Process
Paper:2009.13146,Paper:2009.13146,Paper,Paper,,,2020,,,,,,Amodal 3D Reconstruction for Robotic Manipulation via Stability and Connectivity
Paper:2010.00694,Paper:2010.00694,Paper,Paper,26,38,2020,,,,,,Active Learning for Bayesian 3D Hand Pose Estimation
Paper:2010.00829,Paper:2010.00829,Paper,Paper,1,15,2020,,,,,,Continuous close-range 3D object pose estimation
Paper:2010.04384,Paper:2010.04384,Paper,Paper,4,48,2020,,,,,,Learning 3D Face Reconstruction with a Pose Guidance Network
Paper:2010.06100,Paper:2010.06100,Paper,Paper,56,29,2020,,,,,,Invariant Representation Learning for Infant Pose Estimation with Small Data
Paper:2010.06218,Paper:2010.06218,Paper,Paper,12,64,2020,,,,,,Self-Supervised Multi-View Synchronization Learning for 3D Pose Estimation
Paper:2010.06449,Paper:2010.06449,Paper,Paper,183,122,2020,,,,,,A review of 3D human pose estimation algorithms for markerless motion capture
Paper:2010.07429,Paper:2010.07429,Paper,Paper,,,2020,,,,,,Autonomous UAV Exploration of Dynamic Environments via Incremental Sampling and Probabilistic Roadmap
Paper:2010.07492,Paper:2010.07492,Paper,Paper,,,2020,,,,,,NeRF++: Analyzing and Improving Neural Radiance Fields
Paper:2010.07929,Paper:2010.07929,Paper,Paper,,,2020,,,,,,Multi-Resolution 3D Mapping with Explicit Free Space Representation for Fast and Accurate Mobile Robot Motion Planning
Paper:2010.08202,Paper:2010.08202,Paper,Paper,5,52,2020,,,,,,Manipulation-Oriented Object Perception in Clutter through Affordance Coordinate Frames
Paper:2010.08221,Paper:2010.08221,Paper,Paper,39,41,2020,,,,,,HPERL: 3D Human Pose Estimation from RGB and LiDAR
Paper:2010.09232,Paper:2010.09232,Paper,Paper,23,36,2020,,,,,,Elastic and Efficient LiDAR Reconstruction for Large-Scale Exploration Tasks
Paper:2010.09355,Paper:2010.09355,Paper,Paper,3,28,2020,,,,,,SHREC 2020 track: 6D Object Pose Estimation
Paper:2010.09378,Paper:2010.09378,Paper,Paper,11,30,2020,,,,,,Freetures: Localization in Signed Distance Function Maps
Paper:2010.10505,Paper:2010.10505,Paper,Paper,,,2020,,,,,,SDF-SRN: Learning Signed Distance 3D Object Reconstruction from Static Images
Paper:2010.10959,Paper:2010.10959,Paper,Paper,12,57,2020,,,,,,Learning to Guide Local Feature Matches
Paper:2010.12317,Paper:2010.12317,Paper,Paper,2,28,2020,,,,,,Error Bounds of Projection Models in Weakly Supervised 3D Human Pose Estimation
Paper:2010.12390,Paper:2010.12390,Paper,Paper,3,29,2020,,,,,,Efficient grouping for keypoint detection
Paper:2010.12796,Paper:2010.12796,Paper,Paper,3,49,2020,,,,,,Improving the generalization of network based relative pose regression: dimension reduction as a regularizer
Paper:2010.12807,Paper:2010.12807,Paper,Paper,41,40,2020,,,,,,REDE: End-to-end Object 6D Pose Robust Estimation Using Differentiable Outliers Elimination
Paper:2010.13302,Paper:2010.13302,Paper,Paper,119,70,2020,,,,,,AdaFuse: Adaptive Multiview Fusion for Accurate Human Pose Estimation in the Wild
Paper:2010.13321,Paper:2010.13321,Paper,Paper,21,87,2020,,,,,,"View-Invariant, Occlusion-Robust Probabilistic Embedding for Human Pose"
Paper:2010.13662,Paper:2010.13662,Paper,Paper,,,2020,,,,,,SCFusion: Real-time Incremental Scene Reconstruction with Semantic Completion
Paper:2010.14076,Paper:2010.14076,Paper,Paper,2,38,2020,,,,,,$P^2$ Net: Augmented Parallel-Pyramid Net for Attention Guided Pose Estimation
Paper:2010.14541,Paper:2010.14541,Paper,Paper,13,25,2020,,,,,,Perception for Autonomous Systems (PAZ)
Paper:2010.16117,Paper:2010.16117,Paper,Paper,24,42,2020,,,,,,PyraPose: Feature Pyramids for Fast and Accurate Object Pose Estimation under Domain Shift
Paper:2010.16279,Paper:2010.16279,Paper,Paper,2,59,2020,,,,,,3D Object Recognition By Corresponding and Quantizing Neural 3D Scene Representations
Paper:2011.00184,Paper:2011.00184,Paper,Paper,26,36,2020,,,,,,Exploring Severe Occlusion: Multi-Person 3D Pose Estimation with Gated Convolution
Paper:2011.01890,Paper:2011.01890,Paper,Paper,18,56,2020,,,,,,RealHePoNet: a robust single-stage ConvNet for head pose estimation in the wild
Paper:2011.02172,Paper:2011.02172,Paper,Paper,2,9,2020,,,,,,Leveraging Temporal Joint Depths for Improving 3D Human Pose Estimation in Video
Paper:2011.02635,Paper:2011.02635,Paper,Paper,,,2020,,,,,,GPR-based Model Reconstruction System for Underground Utilities Using GPRNet
Paper:2011.03790,Paper:2011.03790,Paper,Paper,6,24,2020,,,,,,Rapid Pose Label Generation through Sparse Representation of Unknown Objects
Paper:2011.04307,Paper:2011.04307,Paper,Paper,130,43,2020,,,,,,"EfficientPose: An efficient, accurate and scalable end-to-end 6D multi object pose estimation approach"
Paper:2011.05010,Paper:2011.05010,Paper,Paper,12,26,2020,,,,,,Residual Pose: A Decoupled Approach for Depth-based 3D Human Pose Estimation
Paper:2011.05813,Paper:2011.05813,Paper,Paper,,,2020,,,,,,Dynamic Plane Convolutional Occupancy Networks
Paper:2011.06498,Paper:2011.06498,Paper,Paper,,,2020,,,,,,Fit2Form: 3D Generative Model for Robot Gripper Form Design
Paper:2011.07008,Paper:2011.07008,Paper,Paper,,,2020,,,,,,Relative Drone-Ground Vehicle Localization using LiDAR and Fisheye Cameras through Direct and Indirect Observations
Paper:2011.07044,Paper:2011.07044,Paper,Paper,62,50,2020,,,,,,Tactile SLAM: Real-time inference of shape and pose from planar pushing
Paper:2011.07112,Paper:2011.07112,Paper,Paper,27,39,2020,,,,,,Benchmarking Domain Randomisation for Visual Sim-to-Real Transfer
Paper:2011.07387,Paper:2011.07387,Paper,Paper,4,35,2020,,,,,,Privacy-Preserving Pose Estimation for Human-Robot Interaction
Paper:2011.07748,Paper:2011.07748,Paper,Paper,32,49,2020,,,,,,Fast Uncertainty Quantification for Deep Object Pose Estimation
Paper:2011.08418,Paper:2011.08418,Paper,Paper,1,22,2020,,,,,,Improved Visual-Inertial Localization for Low-cost Rescue Robots
Paper:2011.08464,Paper:2011.08464,Paper,Paper,34,72,2020,,,,,,Exploring intermediate representation for monocular vehicle pose estimation
Paper:2011.08790,Paper:2011.08790,Paper,Paper,10,78,2020,,,,,,P1AC: Revisiting Absolute Pose From a Single Affine Correspondence
Paper:2011.09114,Paper:2011.09114,Paper,Paper,,,2020,,,,,,Dehazing Cost Volume for Deep Multi-view Stereo in Scattering Media with Airlight and Scattering Coefficient Estimation
Paper:2011.09390,Paper:2011.09390,Paper,Paper,,,2020,,,,,,Diverse Plausible Shape Completions from Ambiguous Depth Images
Paper:2011.09783,Paper:2011.09783,Paper,Paper,1,39,2020,,,,,,DeepMorph: A System for Hiding Bitstrings in Morphable Vector Drawings
Paper:2011.10743,Paper:2011.10743,Paper,Paper,2,43,2020,,,,,,Semantic-Based VPS for Smartphone Localization in Challenging Urban Environments
Paper:2011.11260,Paper:2011.11260,Paper,Paper,2,49,2020,,,,,,3D Registration for Self-Occluded Objects in Context
Paper:2011.11534,Paper:2011.11534,Paper,Paper,130,40,2020,,,,,,Accurate 3D Hand Pose Estimation for Whole-Body 3D Human Mesh Estimation
Paper:2011.11946,Paper:2011.11946,Paper,Paper,71,110,2020,,,,,,Benchmarking Image Retrieval for Visual Localization
Paper:2011.12108,Paper:2011.12108,Paper,Paper,27,170,2020,,,,,,Wide-angle Image Rectification: A Survey
Paper:2011.12490,Paper:2011.12490,Paper,Paper,224,27,2020,,,,,,DeRF: Decomposed Radiance Fields
Paper:2011.12498,Paper:2011.12498,Paper,Paper,32,51,2020,,,,,,An Empirical Study of the Collapsing Problem in Semi-Supervised 2D Human Pose Estimation
Paper:2011.12722,Paper:2011.12722,Paper,Paper,73,68,2020,,,,,,Attention Aware Cost Volume Pyramid Based Multi-view Stereo Network for 3D Reconstruction
Paper:2011.12948,Paper:2011.12948,Paper,Paper,1473,80,2020,,,,,,Nerfies: Deformable Neural Radiance Fields
Paper:2011.13209,Paper:2011.13209,Paper,Paper,13,28,2020,,,,,,Handling Object Symmetries in CNN-based Pose Estimation
Paper:2011.13607,Paper:2011.13607,Paper,Paper,,,2020,,,,,,PCLs: Geometry-aware Neural Reconstruction of 3D Pose with Perspective Crop Layers
Paper:2011.13649,Paper:2011.13649,Paper,Paper,3,60,2020,,,,,,Descriptor-Free Multi-View Region Matching for Instance-Wise 3D Reconstruction
Paper:2011.13669,Paper:2011.13669,Paper,Paper,2,38,2020,,,,,,Towards real-time object recognition and pose estimation in point clouds
Paper:2011.13894,Paper:2011.13894,Paper,Paper,19,52,2020,,,,,,Efficient Scene Compression for Visual-based Localization
Paper:2011.14005,Paper:2011.14005,Paper,Paper,,,2020,,,,,,Three-dimensional Segmentation of the Scoliotic Spine from MRI using Unsupervised Volume-based MR-CT Synthesis
Paper:2011.14041,Paper:2011.14041,Paper,Paper,1,21,2020,,,,,,A RGB-D SLAM Algorithm for Indoor Dynamic Scene
Paper:2011.14563,Paper:2011.14563,Paper,Paper,60,63,2020,,,,,,Learnable Motion Coherence for Correspondence Pruning
Paper:2011.14669,Paper:2011.14669,Paper,Paper,7,29,2020,,,,,,Where to Explore Next? ExHistCNN for History-aware Autonomous 3D Exploration
Paper:2011.14679,Paper:2011.14679,Paper,Paper,123,55,2020,,,,,,CanonPose: Self-Supervised Monocular 3D Human Pose Estimation in the Wild
Paper:2011.14791,Paper:2011.14791,Paper,Paper,71,78,2020,,,,,,NeuralFusion: Online Depth Fusion in Latent Space
Paper:2012.00088,Paper:2012.00088,Paper,Paper,32,43,2020,,,,,,Nothing But Geometric Constraints: A Model-Free Method for Articulated Object Pose Estimation
Paper:2012.00630,Paper:2012.00630,Paper,Paper,21,67,2020,,,,,,Structured Context Enhancement Network for Mouse Pose Estimation
Paper:2012.00873,Paper:2012.00873,Paper,Paper,1,31,2020,,,,,,A compact sequence encoding scheme for online human activity recognition in HRI applications
Paper:2012.00972,Paper:2012.00972,Paper,Paper,85,35,2020,,,,,,PWCLO-Net: Deep LiDAR Odometry in 3D Point Clouds Using Hierarchical Embedding Mask Optimization
Paper:2012.01511,Paper:2012.01511,Paper,Paper,13,76,2020,,,,,,Temporal Representation Learning on Monocular Videos for 3D Human Pose Estimation
Paper:2012.01788,Paper:2012.01788,Paper,Paper,22,40,2020,,,,,,Object SLAM-Based Active Mapping and Robotic Grasping
Paper:2012.02190,Paper:2012.02190,Paper,Paper,,,2020,,,,,,pixelNeRF: Neural Radiance Fields from One or Few Images
Paper:2012.02689,Paper:2012.02689,Paper,Paper,,,2020,,,,,,Isometric Multi-Shape Matching
Paper:2012.03065,Paper:2012.03065,Paper,Paper,645,53,2020,,,,,,Dynamic Neural Radiance Fields for Monocular 4D Facial Avatar Reconstruction
Paper:2012.03196,Paper:2012.03196,Paper,Paper,62,63,2020,,,,,,Online Adaptation for Consistent Mesh Reconstruction in the Wild
Paper:2012.03197,Paper:2012.03197,Paper,Paper,29,38,2020,,,,,,DGGAN: Depth-image Guided Generative Adversarial Networks for Disentangling RGB and Depth Images in 3D Hand Pose Estimation
Paper:2012.03205,Paper:2012.03205,Paper,Paper,30,52,2020,,,,,,Temporal-Aware Self-Supervised Learning for 3D Hand Pose and Mesh Estimation in Videos
Paper:2012.03206,Paper:2012.03206,Paper,Paper,36,50,2020,,,,,,MVHM: A Large-Scale Multi-View Hand Mesh Benchmark for Accurate 3D Hand Pose Estimation
Paper:2012.03316,Paper:2012.03316,Paper,Paper,4,35,2020,,,,,,Efficient Human Pose Estimation with Depthwise Separable Convolution and Person Centroid Guided Joint Grouping
Paper:2012.04263,Paper:2012.04263,Paper,Paper,11,61,2020,,,,,,Towards Accurate Active Camera Localization
Paper:2012.05214,Paper:2012.05214,Paper,Paper,25,45,2020,,,,,,E3D: Event-Based 3D Shape Reconstruction
Paper:2012.05536,Paper:2012.05536,Paper,Paper,,,2020,,,,,,"Topology-Adaptive Mesh Deformation for Surface Evolution, Morphing, and Multi-View Reconstruction"
Paper:2012.05551,Paper:2012.05551,Paper,Paper,112,58,2020,,,,,,DI-Fusion: Online Implicit 3D Reconstruction with Deep Priors
Paper:2012.05616,Paper:2012.05616,Paper,Paper,29,65,2020,,,,,,Enhancing Human Pose Estimation in Ancient Vase Paintings via Perceptually-grounded Style Transfer Learning
Paper:2012.05901,Paper:2012.05901,Paper,Paper,257,75,2020,,,,,,Robust Consistent Video Depth Estimation
Paper:2012.05903,Paper:2012.05903,Paper,Paper,,,2020,,,,,,Portrait Neural Radiance Fields from a Single Image
Paper:2012.06109,Paper:2012.06109,Paper,Paper,3,31,2020,,,,,,A novel joint points and silhouette-based method to estimate 3D human pose and shape
Paper:2012.06475,Paper:2012.06475,Paper,Paper,68,81,2020,,,,,,EventHands: Real-Time Neural 3D Hand Pose Estimation from an Event Stream
Paper:2012.06650,Paper:2012.06650,Paper,Paper,55,49,2020,,,,,,D$^2$IM-Net: Learning Detail Disentangled Implicit Fields from Single Images
Paper:2012.06734,Paper:2012.06734,Paper,Paper,6,46,2020,,,,,,PoP-Net: Pose over Parts Network for Multi-Person 3D Pose Estimation from a Depth Image
Paper:2012.06980,Paper:2012.06980,Paper,Paper,85,57,2020,,,,,,GeoNet++: Iterative Geometric Neural Network with Edge-Aware Refinement for Joint Depth and Surface Normal Estimation
Paper:2012.07033,Paper:2012.07033,Paper,Paper,11,40,2020,,,,,,Efficient Human Pose Estimation by Learning Deeply Aggregated Representations
Paper:2012.07086,Paper:2012.07086,Paper,Paper,52,52,2020,,,,,,EfficientPose: Efficient Human Pose Estimation with Neural Architecture Search
Paper:2012.07101,Paper:2012.07101,Paper,Paper,1,56,2020,,,,,,Learning Heatmap-Style Jigsaw Puzzles Provides Good Pretraining for 2D Human Pose Estimation
Paper:2012.07791,Paper:2012.07791,Paper,Paper,155,92,2020,,,,,,"img2pose: Face Alignment and Detection via 6DoF, Face Pose Estimation"
Paper:2012.08055,Paper:2012.08055,Paper,Paper,0,56,2020,,,,,,Fine-Grained Vehicle Perception via 3D Part-Guided Visual Data Augmentation
Paper:2012.08501,Paper:2012.08501,Paper,Paper,2,39,2020,,,,,,NAPA: Neural Art Human Pose Amplifier
Paper:2012.08721,Paper:2012.08721,Paper,Paper,144,42,2020,,,,,,Deep Learning to Segment Pelvic Bones: Large-scale CT Datasets and Baseline Models
Paper:2012.09398,Paper:2012.09398,Paper,Paper,20,40,2020,,,,,,Invariant Teacher and Equivariant Student for Unsupervised 3D Human Pose Estimation
Paper:2012.09496,Paper:2012.09496,Paper,Paper,39,50,2020,,,,,,Exploiting Learnable Joint Groups for Hand Pose Estimation
Paper:2012.09856,Paper:2012.09856,Paper,Paper,186,77,2020,,,,,,Reconstructing Hand-Object Interactions in the Wild
Paper:2012.10042,Paper:2012.10042,Paper,Paper,10,49,2020,,,,,,Classification of Single-View Object Point Clouds
Paper:2012.10704,Paper:2012.10704,Paper,Paper,54,58,2020,,,,,,Self-supervised monocular depth estimation from oblique UAV videos
Paper:2012.10714,Paper:2012.10714,Paper,Paper,1,37,2020,,,,,,A Light Field Front-end for Robust SLAM in Dynamic Environments
Paper:2012.10802,Paper:2012.10802,Paper,Paper,,,2020,,,,,,Rethinking Road Surface 3D Reconstruction and Pothole Detection: From Perspective Transformation to Disparity Map Segmentation
Paper:2012.10958,Paper:2012.10958,Paper,Paper,14,66,2020,,,,,,Towards Automatic Digital Documentation and Progress Reporting of Mechanical Construction Pipes using Smartphones
Paper:2012.11002,Paper:2012.11002,Paper,Paper,71,117,2020,,,,,,Deep Bingham Networks: Dealing with Uncertainty and Ambiguity in Pose Estimation
Paper:2012.11575,Paper:2012.11575,Paper,Paper,,,2020,,,,,,From Points to Multi-Object 3D Reconstruction
Paper:2012.11581,Paper:2012.11581,Paper,Paper,183,70,2020,,,,,,Populating 3D Scenes by Learning Human-Scene Interaction
Paper:2012.11806,Paper:2012.11806,Paper,Paper,56,43,2020,,,,,,Graph and Temporal Convolutional Networks for 3D Multi-person Pose Estimation in Monocular Videos
Paper:2012.11938,Paper:2012.11938,Paper,Paper,4,23,2020,,,,,,3D Point-to-Keypoint Voting Network for 6D Pose Estimation
Paper:2012.12360,Paper:2012.12360,Paper,Paper,9,50,2020,,,,,,A Structure-Aware Method for Direct Pose Estimation
Paper:2012.13078,Paper:2012.13078,Paper,Paper,42,44,2020,,,,,,Rotation Equivariant Siamese Networks for Tracking
Paper:2012.13210,Paper:2012.13210,Paper,Paper,5,30,2020,,,,,,Effective Deployment of CNNs for 3DoF Pose Estimation and Grasping in Industrial Settings
Paper:2012.13392,Paper:2012.13392,Paper,Paper,935,362,2020,,,,,,Deep Learning-Based Human Pose Estimation: A Survey
Paper:2012.13522,Paper:2012.13522,Paper,Paper,56,84,2020,,,,,,Generative VoxelNet: Learning Energy-Based Models for 3D Shape Synthesis and Analysis
Paper:2012.15170,Paper:2012.15170,Paper,Paper,2,63,2020,,,,,,A Versatile Keyframe-Based Structureless Filter for Visual Inertial Odometry
Paper:2012.15175,Paper:2012.15175,Paper,Paper,191,38,2020,,,,,,Rethinking the Heatmap Regression for Bottom-up Human Pose Estimation
Paper:2101.01602,Paper:2101.01602,Paper,Paper,103,27,2020,,,,,,STaR: Self-supervised Tracking and Reconstruction of Rigid Objects in Motion with Neural Rendering
Paper:2101.02143,Paper:2101.02143,Paper,Paper,29,58,2020,,,,,,Transformer Guided Geometry Model for Flow-Based Unsupervised Visual Odometry
Paper:2101.05204,Paper:2101.05204,Paper,Paper,,,2020,,,,,,Neural Volume Rendering: NeRF And Beyond
Paper:2103.13744,Paper:2103.13744,Paper,Paper,,,2021,,,,,,KiloNeRF: Speeding up Neural Radiance Fields with Thousands of Tiny MLPs
Paper:2103.14910,Paper:2103.14910,Paper,Paper,,,2021,,,,,,MINE: Towards Continuous Depth MPI with NeRF for Novel View Synthesis
Paper:2103.15606,Paper:2103.15606,Paper,Paper,,,2021,,,,,,GNeRF: GAN-based Neural Radiance Field without Posed Camera
Paper:2104.04532,Paper:2104.04532,Paper,Paper,,,2021,,,,,,Neural RGB-D Surface Reconstruction
Paper:2104.14786,Paper:2104.14786,Paper,Paper,,,2021,,,,,,Editable Free-viewpoint Video Using a Layered Neural Representation
Paper:2106.01970,Paper:2106.01970,Paper,Paper,,,2021,,,,,,NeRFactor: Neural Factorization of Shape and Reflectance Under an Unknown Illumination
Paper:2106.05264,Paper:2106.05264,Paper,Paper,,,2021,,,,,,NeRF in detail: Learning to sample for view synthesis
Paper:2106.10859,Paper:2106.10859,Paper,Paper,,,2021,,,,,,Moving in a 360 World: Synthesizing Panoramic Parallaxes from a Single Panorama
Paper:2106.13228,Paper:2106.13228,Paper,Paper,,,2021,,,,,,HyperNeRF: A Higher-Dimensional Representation for Topologically Varying Neural Radiance Fields
Paper:2107.02791,Paper:2107.02791,Paper,Paper,,,2021,,,,,,Depth-supervised NeRF: Fewer Views and Faster Training for Free
Paper:2108.05577,Paper:2108.05577,Paper,Paper,,,2021,,,,,,iButter: Neural Interactive Bullet Time Generator for Human Free-viewpoint Rendering
Paper:2109.00033,Paper:2109.00033,Paper,Paper,,,2021,,,,,,DensePose 3D: Lifting Canonical Surface Maps of Articulated Objects to the Third Dimension
Paper:2109.00512,Paper:2109.00512,Paper,Paper,,,2021,,,,,,Common Objects in 3D: Large-Scale Learning and Evaluation of Real-life 3D Category Reconstruction
Paper:2109.01129,Paper:2109.01129,Paper,Paper,289,65,2021,,,,,,NerfingMVS: Guided Optimization of Neural Radiance Fields for Indoor Multi-view Stereo
Paper:2109.01750,Paper:2109.01750,Paper,Paper,,,2021,,,,,,CodeNeRF: Disentangled Neural Radiance Fields for Object Categories
Paper:2109.01847,Paper:2109.01847,Paper,Paper,308,37,2021,,,,,,Learning Object-Compositional Neural Radiance Field for Editable Scene Rendering
Paper:2109.02123,Paper:2109.02123,Paper,Paper,99,40,2021,,,,,,Stochastic Neural Radiance Fields: Quantifying Uncertainty in Implicit 3D Representations
Paper:2109.05885,Paper:2109.05885,Paper,Paper,71,49,2021,,,,,,Graph-Based 3D Multi-Person Pose Estimation Using Multi-View Images
Paper:2109.06120,Paper:2109.06120,Paper,Paper,22,74,2021,,,,,,LiDAR Odometry Methodologies for Autonomous Driving: A Survey
Paper:2109.07082,Paper:2109.07082,Paper,Paper,159,35,2021,,,,,,Efficient and Probabilistic Adaptive Voxel Mapping for Accurate Online LiDAR Odometry
Paper:2109.07991,Paper:2109.07991,Paper,Paper,,,2021,,,,,,"ObjectFolder: A Dataset of Objects with Implicit Visual, Auditory, and Tactile Representations"
Paper:2109.08263,Paper:2109.08263,Paper,Paper,16,29,2021,,,,,,Neural Network Based Lidar Gesture Recognition for Realtime Robot Teleoperation
Paper:2109.09704,Paper:2109.09704,Paper,Paper,22,45,2021,,,,,,BabelCalib: A Universal Approach to Calibrating Central Cameras
Paper:2109.09913,Paper:2109.09913,Paper,Paper,105,60,2021,,,,,,Physics-based Human Motion Estimation and Synthesis from Videos
Paper:2109.11349,Paper:2109.11349,Paper,Paper,0,21,2021,,,,,,PRANet: Point Cloud Registration with an Artificial Agent
Paper:2109.11373,Paper:2109.11373,Paper,Paper,,,2021,,,,,,Low-Latency Immersive 6D Televisualization with Spherical Rendering
Paper:2109.11747,Paper:2109.11747,Paper,Paper,15,62,2021,,,,,,Multi-View Video-Based 3D Hand Pose Estimation
Paper:2109.13540,Paper:2109.13540,Paper,Paper,0,20,2021,,,,,,Comparison of Information-Gain Criteria for Action Selection
Paper:2109.13879,Paper:2109.13879,Paper,Paper,52,52,2021,,,,,,3D Hand Pose and Shape Estimation from RGB Images for Keypoint-Based Hand Gesture Recognition
Paper:2109.15271,Paper:2109.15271,Paper,Paper,133,58,2021,,,,,,TöRF: Time-of-Flight Radiance Fields for Dynamic Scene View Synthesis
Paper:2110.00280,Paper:2110.00280,Paper,Paper,43,42,2021,,,,,,Generalizable Human Pose Triangulation
Paper:2110.00511,Paper:2110.00511,Paper,Paper,,,2021,,,,,,ASH: A Modern Framework for Parallel Spatial Hashing in 3D Perception
Paper:2110.00988,Paper:2110.00988,Paper,Paper,19,40,2021,,,,,,Keypoint Communities
Paper:2110.00990,Paper:2110.00990,Paper,Paper,69,66,2021,,,,,,Hierarchical Kinematic Probability Distributions for 3D Human Shape and Pose Estimation from Images in the Wild
Paper:2110.02330,Paper:2110.02330,Paper,Paper,48,55,2021,,,,,,Shape-aware Multi-Person Pose Estimation from Multi-View Images
Paper:2110.02951,Paper:2110.02951,Paper,Paper,38,81,2021,,,,,,Video Autoencoder: self-supervised disentanglement of static 3D structure and motion
Paper:2110.03101,Paper:2110.03101,Paper,Paper,164,52,2021,,,,,,SPEED+: Next-Generation Dataset for Spacecraft Pose Estimation across Domain Gap
Paper:2110.04411,Paper:2110.04411,Paper,Paper,14,49,2021,,,,,,Unsupervised Pose-Aware Part Decomposition for 3D Articulated Objects
Paper:2110.04931,Paper:2110.04931,Paper,Paper,10,72,2021,,,,,,BEV-Net: Assessing Social Distancing Compliance by Joint People Localization and Geometric Reasoning
Paper:2110.05092,Paper:2110.05092,Paper,Paper,78,72,2021,,,,,,Adaptive Multi-view and Temporal Fusing Transformer for 3D Human Pose Estimation
Paper:2110.05650,Paper:2110.05650,Paper,Paper,19,23,2021,,,,,,GM-Livox: An Integrated Framework for Large-Scale Map Construction with Multiple Non-repetitive Scanning LiDARs
Paper:2110.05819,Paper:2110.05819,Paper,Paper,5,34,2021,,,,,,Event-Based high-speed low-latency fiducial marker tracking
Paper:2110.06199,Paper:2110.06199,Paper,Paper,,,2021,,,,,,ABO: Dataset and Benchmarks for Real-World 3D Object Understanding
Paper:2110.07235,Paper:2110.07235,Paper,Paper,60,82,2021,,,,,,HUMAN4D: A Human-Centric Multimodal Dataset for Motions and Immersive Media
Paper:2110.08472,Paper:2110.08472,Paper,Paper,3,56,2021,,,,,,Joint 3D Human Shape Recovery and Pose Estimation from a Single Image with Bilayer Graph
Paper:2110.08977,Paper:2110.08977,Paper,Paper,4,20,2021,,,,,,Accurate and Robust Object-oriented SLAM with 3D Quadric Landmark Construction in Outdoor Environment
Paper:2110.09554,Paper:2110.09554,Paper,Paper,79,67,2021,,,,,,TransFusion: Cross-view Fusion with Transformer for 3D Human Pose Estimation
Paper:2110.10734,Paper:2110.10734,Paper,Paper,0,67,2021,,,,,,Self-Supervision and Spatial-Sequential Attention Based Loss for Multi-Person Pose Estimation
Paper:2110.11860,Paper:2110.11860,Paper,Paper,,,2021,,,,,,AIR-Nets: An Attention-Based Framework for Locally Conditioned Implicit Representations
Paper:2110.12401,Paper:2110.12401,Paper,Paper,12,46,2021,,,,,,A Dynamic Keypoints Selection Network for 6DoF Pose Estimation
Paper:2110.12715,Paper:2110.12715,Paper,Paper,63,58,2021,,,,,,SRT3D: A Sparse Region-Based 3D Object Tracking Approach for the Real World
Paper:2110.12993,Paper:2110.12993,Paper,Paper,,,2021,,,,,,Neural Relightable Participating Media Rendering
Paper:2110.14213,Paper:2110.14213,Paper,Paper,22,60,2021,,,,,,Neural View Synthesis and Matching for Semi-Supervised Few-Shot Learning of 3D Pose
Paper:2110.15267,Paper:2110.15267,Paper,Paper,16,35,2021,,,,,,UltraPose: Synthesizing Dense Pose with 1 Billion Points by Human-body Decoupling 3D Model
Paper:2111.00190,Paper:2111.00190,Paper,Paper,62,27,2021,,,,,,Leveraging SE(3) Equivariance for Self-Supervised Category-Level Object Pose Estimation
Paper:2111.00312,Paper:2111.00312,Paper,Paper,57,48,2021,,,,,,3DP3: 3D Scene Perception via Probabilistic Programming
Paper:2111.00763,Paper:2111.00763,Paper,Paper,41,52,2021,,,,,,Monocular 3D Reconstruction of Interacting Hands via Collision-Aware Factorized Refinements
Paper:2111.01245,Paper:2111.01245,Paper,Paper,23,50,2021,,,,,,Learning Eye-in-Hand Camera Calibration from a Single Image
Paper:2111.01376,Paper:2111.01376,Paper,Paper,19,37,2021,,,,,,SEED: Series Elastic End Effectors in 6D for Visuotactile Tool Use
Paper:2111.02135,Paper:2111.02135,Paper,Paper,70,68,2021,,,,,,Efficient 3D Deep LiDAR Odometry
Paper:2111.02500,Paper:2111.02500,Paper,Paper,0,21,2021,,,,,,Improving Pose Estimation through Contextual Activity Fusion
Paper:2111.03039,Paper:2111.03039,Paper,Paper,5,66,2021,,,,,,Towards Panoptic 3D Parsing for Single Image in the Wild
Paper:2111.03393,Paper:2111.03393,Paper,Paper,11,40,2021,,,,,,LiODOM: Adaptive Local Mapping for Robust LiDAR-Only Odometry
Paper:2111.04076,Paper:2111.04076,Paper,Paper,138,50,2021,,,,,,Direct Multi-view Multi-person 3D Pose Estimation
Paper:2111.04237,Paper:2111.04237,Paper,Paper,,,2021,,,,,,Template NeRF: Towards Modeling Dense Shape Correspondences from Category-Specific Object Images
Paper:2111.05319,Paper:2111.05319,Paper,Paper,3,43,2021,,,,,,Monocular Human Shape and Pose with Dense Mesh-borne Local Image Features
Paper:2111.05916,Paper:2111.05916,Paper,Paper,18,48,2021,,,,,,Dance In the Wild: Monocular Human Animation with Neural Dynamic Appearance Synthesis
Paper:2111.06276,Paper:2111.06276,Paper,Paper,29,57,2021,,,,,,6D Pose Estimation with Combined Deep Learning and 3D Vision Techniques for a Fast and Accurate Object Grasping
Paper:2111.06500,Paper:2111.06500,Paper,Paper,8,56,2021,,,,,,Dynamic Iterative Refinement for Efficient 3D Hand Pose Estimation
Paper:2111.07039,Paper:2111.07039,Paper,Paper,3,21,2021,,,,,,UET-Headpose: A sensor-based top-view head pose dataset
Paper:2111.07370,Paper:2111.07370,Paper,Paper,7,148,2021,,,,,,Co-segmentation Inspired Attention Module for Video-based Computer Vision Tasks
Paper:2111.07383,Paper:2111.07383,Paper,Paper,26,27,2021,,,,,,Sparse Steerable Convolutions: An Efficient Learning of SE(3)-Equivariant Features for Estimation and Tracking of Object Poses in 3D Space
Paper:2111.07418,Paper:2111.07418,Paper,Paper,91,76,2021,,,,,,TANDEM: Tracking and Dense Mapping in Real-time using Deep Multi-view Stereo
Paper:2111.07723,Paper:2111.07723,Paper,Paper,6,42,2021,,,,,,Enhance Accuracy: Sensitivity and Uncertainty Theory in LiDAR Odometry and Mapping
Paper:2111.08259,Paper:2111.08259,Paper,Paper,1,55,2021,,,,,,Pose Recognition in the Wild: Animal pose estimation using Agglomerative Clustering and Contrastive Learning
Paper:2111.08313,Paper:2111.08313,Paper,Paper,21,56,2021,,,,,,Towards Comprehensive Monocular Depth Estimation: Multiple Heads Are Better Than One
Paper:2111.08557,Paper:2111.08557,Paper,Paper,88,83,2021,,,,,,Rethinking Keypoint Representations: Modeling Keypoints and Poses as Objects for Multi-Person Human Pose Estimation
Paper:2111.08614,Paper:2111.08614,Paper,Paper,9,15,2021,,,,,,IKEA Object State Dataset: A 6DoF object pose estimation dataset and benchmark for multi-state assembly objects
Paper:2111.09996,Paper:2111.09996,Paper,Paper,117,76,2021,,,,,,LOLNeRF: Learn from One Look
Paper:2111.10524,Paper:2111.10524,Paper,Paper,34,62,2021,,,,,,ACR-Pose: Adversarial Canonical Representation Reconstruction Network for Category Level 6D Object Pose Estimation
Paper:2111.10563,Paper:2111.10563,Paper,Paper,3,113,2021,,,,,,A Deeper Look into DeepCap
Paper:2111.11089,Paper:2111.11089,Paper,Paper,,,2021,,,,,,Monocular Road Planar Parallax Estimation
Paper:2111.11215,Paper:2111.11215,Paper,Paper,1341,74,2021,,,,,,Direct Voxel Grid Optimization: Super-fast Convergence for Radiance Fields Reconstruction
Paper:2111.11426,Paper:2111.11426,Paper,Paper,790,444,2021,,,,,,Neural Fields in Visual Computing and Beyond
Paper:2111.11604,Paper:2111.11604,Paper,Paper,5,36,2021,,,,,,Simultaneous face detection and 360 degree headpose estimation
Paper:2111.11927,Paper:2111.11927,Paper,Paper,21,44,2021,,,,,,Hierarchical Graph Networks for 3D Human Pose Estimation
Paper:2111.11969,Paper:2111.11969,Paper,Paper,14,56,2021,,,,,,Lifting 2D Human Pose to 3D with Domain Adapted 3D Body Concept
Paper:2111.12580,Paper:2111.12580,Paper,Paper,43,42,2021,,,,,,UDA-COPE: Unsupervised Domain Adaptation for Category-level Object Pose Estimation
Paper:2111.12643,Paper:2111.12643,Paper,Paper,3,27,2021,,,,,,SM3D: Simultaneous Monocular Mapping and 3D Detection
Paper:2111.12707,Paper:2111.12707,Paper,Paper,392,49,2021,,,,,,MHFormer: Multi-Hypothesis Transformer for 3D Human Pose Estimation
Paper:2111.12873,Paper:2111.12873,Paper,Paper,2,57,2021,,,,,,Quantised Transforming Auto-Encoders: Achieving Equivariance to Arbitrary Transformations in Deep Networks
Paper:2111.13112,Paper:2111.13112,Paper,Paper,,,2021,,,,,,VaxNeRF: Revisiting the Classic for Voxel-Accelerated Neural Radiance Field
Paper:2111.13674,Paper:2111.13674,Paper,Paper,85,73,2021,,,,,,Neural Fields as Learnable Kernels for 3D Reconstruction
Paper:2111.13679,Paper:2111.13679,Paper,Paper,486,60,2021,,,,,,NeRF in the Dark: High Dynamic Range View Synthesis from Noisy Raw Images
Paper:2111.14021,Paper:2111.14021,Paper,Paper,5,48,2021,,,,,,AI-supported Framework of Semi-Automatic Monoplotting for Monocular Oblique Visual Data Analysis
Paper:2111.14292,Paper:2111.14292,Paper,Paper,271,58,2021,,,,,,Deblur-NeRF: Neural Radiance Fields from Blurry Images
Paper:2111.14341,Paper:2111.14341,Paper,Paper,66,62,2021,,,,,,OOD-CV: A Benchmark for Robustness to Out-of-Distribution Shifts of Individual Nuisances in Natural Images
Paper:2111.14411,Paper:2111.14411,Paper,Paper,3,64,2021,,,,,,PGGANet: Pose Guided Graph Attention Network for Person Re-identification
Paper:2111.14451,Paper:2111.14451,Paper,Paper,165,72,2021,,,,,,HDR-NeRF: High Dynamic Range Neural Radiance Fields
Paper:2111.14741,Paper:2111.14741,Paper,Paper,2,45,2021,,,,,,Domain Adaptation of Networks for Camera Pose Estimation: Learning Camera Pose Estimation Without Pose Labels
Paper:2111.15234,Paper:2111.15234,Paper,Paper,,,2021,,,,,,NeRFReN: Neural Radiance Fields with Reflections
Paper:2111.15246,Paper:2111.15246,Paper,Paper,,,2021,,,,,,Hallucinated Neural Radiance Fields in the Wild
Paper:2111.15404,Paper:2111.15404,Paper,Paper,5,50,2021,,,,,,Probabilistic Estimation of 3D Human Shape and Pose with a Semantic Local Parametric Model
Paper:2111.15510,Paper:2111.15510,Paper,Paper,57,35,2021,,,,,,ESL: Event-based Structured Light
Paper:2112.00236,Paper:2112.00236,Paper,Paper,,,2021,,,,,,VoRTX: Volumetric 3D Reconstruction With Transformers for Voxelwise View Selection and Fusion
Paper:2112.00343,Paper:2112.00343,Paper,Paper,0,41,2021,,,,,,Camera Motion Agnostic 3D Human Pose Estimation
Paper:2112.00627,Paper:2112.00627,Paper,Paper,17,47,2021,,,,,,"DeepSportLab: a Unified Framework for Ball Detection, Player Instance Segmentation and Pose Estimation in Team Sports Scenes"
Paper:2112.00726,Paper:2112.00726,Paper,Paper,,,2021,,,,,,MonoScene: Monocular 3D Semantic Scene Completion
Paper:2112.01517,Paper:2112.01517,Paper,Paper,181,82,2021,,,,,,Efficient Neural Radiance Fields for Interactive Free-viewpoint Video
Paper:2112.01523,Paper:2112.01523,Paper,Paper,,,2021,,,,,,Learning Neural Light Fields with Ray-Space Embedding Networks
Paper:2112.01530,Paper:2112.01530,Paper,Paper,78,62,2021,,,,,,StyleMesh: Style Transfer for Indoor 3D Scene Reconstructions
Paper:2112.02308,Paper:2112.02308,Paper,Paper,115,69,2021,,,,,,MoFaNeRF: Morphable Facial Neural Radiance Field
Paper:2112.02906,Paper:2112.02906,Paper,Paper,214,52,2021,,,,,,ALIKE: Accurate and Lightweight Keypoint Detection and Descriptor Extraction
Paper:2112.03045,Paper:2112.03045,Paper,Paper,29,67,2021,,,,,,3D Hierarchical Refinement and Augmentation for Unsupervised Learning of Depth and Pose from Monocular Video
Paper:2112.03243,Paper:2112.03243,Paper,Paper,35,70,2021,,,,,,Input-level Inductive Biases for 3D Reconstruction
Paper:2112.03288,Paper:2112.03288,Paper,Paper,,,2021,,,,,,Dense Depth Priors for Neural Radiance Fields from Sparse Input Views
Paper:2112.03517,Paper:2112.03517,Paper,Paper,,,2021,,,,,,CG-NeRF: Conditional Generative Neural Radiance Fields
Paper:2112.03810,Paper:2112.03810,Paper,Paper,31,65,2021,,,,,,Polarimetric Pose Prediction
Paper:2112.04203,Paper:2112.04203,Paper,Paper,48,31,2021,,,,,,Adversarial Parametric Pose Prior
Paper:2112.04846,Paper:2112.04846,Paper,Paper,14,61,2021,,,,,,ScaleNet: A Shallow Architecture for Scale Estimation
Paper:2112.04981,Paper:2112.04981,Paper,Paper,19,19,2021,,,,,,PE-former: Pose Estimation Transformer
Paper:2112.05131,Paper:2112.05131,Paper,Paper,2203,63,2021,,,,,,Plenoxels: Radiance Fields without Neural Networks
Paper:2112.05140,Paper:2112.05140,Paper,Paper,152,48,2021,,,,,,NeRF for Outdoor Scene Relighting
Paper:2112.05498,Paper:2112.05498,Paper,Paper,,,2021,,,,,,Sparse Depth Completion with Semantic Mesh Deformation Optimization
Paper:2112.05504,Paper:2112.05504,Paper,Paper,316,43,2021,,,,,,BungeeNeRF: Progressive Neural Radiance Field for Extreme Multi-scale Scene Rendering
Paper:2112.05598,Paper:2112.05598,Paper,Paper,,,2021,,,,,,"PERF: Performant, Explicit Radiance Fields"
Paper:2112.05637,Paper:2112.05637,Paper,Paper,,,2021,,,,,,HeadNeRF: A Real-time NeRF-based Parametric Head Model
Paper:2112.06180,Paper:2112.06180,Paper,Paper,15,41,2021,,,,,,360-DFPE: Leveraging Monocular 360-Layouts for Direct Floor Plan Estimation
Paper:2112.06455,Paper:2112.06455,Paper,Paper,1,80,2021,,,,,,Self-Paced Deep Regression Forests with Consideration of Ranking Fairness
Paper:2112.07334,Paper:2112.07334,Paper,Paper,20,29,2021,,,,,,OMAD: Object Model with Articulated Deformations for Pose Estimation and Retrieval
Paper:2112.08775,Paper:2112.08775,Paper,Paper,12,46,2021,,,,,,DProST: Dynamic Projective Spatial Transformer Network for 6D Pose Estimation
Paper:2112.08867,Paper:2112.08867,Paper,Paper,,,2021,,,,,,GRAM: Generative Radiance Manifolds for 3D-Aware Image Generation
Paper:2112.09061,Paper:2112.09061,Paper,Paper,6,47,2021,,,,,,Solving Inverse Problems with NerfGANs
Paper:2112.09081,Paper:2112.09081,Paper,Paper,35,72,2021,,,,,,CrossLoc: Scalable Aerial Localization Assisted by Multimodal Synthetic Data
Paper:2112.09290,Paper:2112.09290,Paper,Paper,25,50,2021,,,,,,PeopleSansPeople: A Synthetic Data Generator for Human-Centric Computer Vision
Paper:2112.09648,Paper:2112.09648,Paper,Paper,180,46,2021,,,,,,Improving neural implicit surfaces geometry with patch warping
Paper:2112.09854,Paper:2112.09854,Paper,Paper,3,45,2021,,,,,,Space Non-cooperative Object Active Tracking with Deep Reinforcement Learning
Paper:2112.10305,Paper:2112.10305,Paper,Paper,5,31,2021,,,,,,Model-based gait recognition using graph network on very large population database
Paper:2112.10485,Paper:2112.10485,Paper,Paper,1,52,2021,,,,,,Scale-Net: Learning to Reduce Scale Differences for Large-Scale Invariant Image Matching
Paper:2112.10716,Paper:2112.10716,Paper,Paper,10,46,2021,,,,,,BAPose: Bottom-Up Pose Estimation with Disentangled Waterfall Representations
Paper:2112.11153,Paper:2112.11153,Paper,Paper,2,55,2021,,,,,,PONet: Robust 3D Human Pose Estimation via Learning Orientations Only
Paper:2112.11593,Paper:2112.11593,Paper,Paper,57,52,2021,,,,,,AdaptPose: Cross-Dataset Adaptation for 3D Human Pose Estimation by Learnable Motion Generation
Paper:2112.11834,Paper:2112.11834,Paper,Paper,7,84,2021,,,,,,Bottom-up approaches for multi-person pose estimation and it's applications: A brief review
Paper:2112.12130,Paper:2112.12130,Paper,Paper,,,2021,,,,,,NICE-SLAM: Neural Implicit Scalable Encoding for SLAM
Paper:2112.12193,Paper:2112.12193,Paper,Paper,5,10,2021,,,,,,Improved 2D Keypoint Detection in Out-of-Balance and Fall Situations -- combining input rotations and a kinematic model
Paper:2112.12484,Paper:2112.12484,Paper,Paper,9,41,2021,,,,,,Pose Adaptive Dual Mixup for Few-Shot Single-View 3D Reconstruction
Paper:2112.12761,Paper:2112.12761,Paper,Paper,242,73,2021,,,,,,BANMo: Building Animatable 3D Neural Models from Many Casual Videos
Paper:2112.13635,Paper:2112.13635,Paper,Paper,26,35,2021,,,,,,AdaptivePose: Human Parts as Adaptive Points
Paper:2112.13715,Paper:2112.13715,Paper,Paper,121,78,2021,,,,,,SmoothNet: A Plug-and-Play Network for Refining Human Poses in Videos
Paper:2112.14298,Paper:2112.14298,Paper,Paper,2,50,2021,,,,,,Multimodal perception for dexterous manipulation
Paper:2209.10174,Paper:2209.10174,Paper,Paper,,,2022,,,,,,Learning Reconstructability for Drone Aerial Path Planning
Paper:2209.11336,Paper:2209.11336,Paper,Paper,,,2022,,,,,,UNav: An Infrastructure-Independent Vision-Based Navigation System for People with Blindness and Low vision
Paper:2209.11677,Paper:2209.11677,Paper,Paper,,,2022,,,,,,PNeRF: Probabilistic Neural Scene Representations for Uncertain 3D Visual Mapping
Paper:2209.15383,Paper:2209.15383,Paper,Paper,,,2022,,,,,,Semi-Supervised Single-View 3D Reconstruction via Prototype Shape Priors
Paper:2210.01721,Paper:2210.01721,Paper,Paper,,,2022,,,,,,MBW: Multi-view Bootstrapping in the Wild
Paper:2210.04572,Paper:2210.04572,Paper,Paper,,,2022,,,,,,Floorplan-Aware Camera Poses Refinement
Paper:2210.05318,Paper:2210.05318,Paper,Paper,3,61,2022,,,,,,CASAPose: Class-Adaptive and Semantic-Aware Multi-Object Pose Estimation
Paper:2210.05714,Paper:2210.05714,Paper,Paper,,,2022,,,,,,Visual Language Maps for Robot Navigation
Paper:2210.07199,Paper:2210.07199,Paper,Paper,31,61,2022,,,,,,Self-Supervised Geometric Correspondence for Category-Level 6D Object Pose Estimation in the Wild
Paper:2210.07650,Paper:2210.07650,Paper,Paper,42,64,2022,,,,,,DART: Articulated Hand Model with Diverse Accessories and Rich Textures
Paper:2210.08562,Paper:2210.08562,Paper,Paper,3,28,2022,,,,,,A New Spatio-Temporal Loss Function for 3D Motion Reconstruction and Extended Temporal Metrics for Motion Evaluation
Paper:2210.08860,Paper:2210.08860,Paper,Paper,5,28,2022,,,,,,Automatic Analysis of Human Body Representations in Western Art
Paper:2210.09757,Paper:2210.09757,Paper,Paper,2,37,2022,,,,,,A Real-Time Fusion Framework for Long-term Visual Localization
Paper:2210.10428,Paper:2210.10428,Paper,Paper,0,15,2022,,,,,,MC-hands-1M: A glove-wearing hand dataset for pose estimation
Paper:2210.10491,Paper:2210.10491,Paper,Paper,108,126,2022,,,,,,Visual SLAM: What are the Current Trends and What to Expect?
Paper:2210.11170,Paper:2210.11170,Paper,Paper,,,2022,,,,,,Coordinates Are NOT Lonely -- Codebook Prior Helps Implicit Neural 3D Representations
Paper:2210.11384,Paper:2210.11384,Paper,Paper,1,14,2022,,,,,,Transformer-based Global 3D Hand Pose Estimation in Two Hands Manipulating Objects Scenarios
Paper:2210.11826,Paper:2210.11826,Paper,Paper,14,16,2022,,,,,,3D Human Pose Estimation in Multi-View Operating Room Videos Using Differentiable Camera Projections
Paper:2210.12035,Paper:2210.12035,Paper,Paper,6,24,2022,,,,,,BlanketGen - A synthetic blanket occlusion augmentation pipeline for MoCap datasets
Paper:2210.12418,Paper:2210.12418,Paper,Paper,13,36,2022,,,,,,MILD: Multimodal Interactive Latent Dynamics for Learning Human-Robot Interaction
Paper:2210.13540,Paper:2210.13540,Paper,Paper,11,62,2022,,,,,,Video based Object 6D Pose Estimation using Transformers
Paper:2210.13641,Paper:2210.13641,Paper,Paper,379,43,2022,,,,,,NeRF-SLAM: Real-Time Dense Monocular SLAM with Neural Radiance Fields
Paper:2210.13702,Paper:2210.13702,Paper,Paper,228,48,2022,,,,,,DeXtreme: Transfer of Agile In-hand Manipulation from Simulation to Reality
Paper:2210.13797,Paper:2210.13797,Paper,Paper,7,26,2022,,,,,,MAROAM: Map-based Radar SLAM through Two-step Feature Selection
Paper:2210.13853,Paper:2210.13853,Paper,Paper,24,44,2022,,,,,,THOR-Net: End-to-end Graformer-based Realistic Two Hands and Object Reconstruction with Self-supervision
Paper:2210.14165,Paper:2210.14165,Paper,Paper,2,12,2022,,,,,,MEEV: Body Mesh Estimation On Egocentric Video
Paper:2210.15121,Paper:2210.15121,Paper,Paper,2,44,2022,,,,,,Bootstrapping Human Optical Flow and Pose
Paper:2210.15145,Paper:2210.15145,Paper,Paper,38,32,2022,,,,,,InGVIO: A Consistent Invariant Filter for Fast and High-Accuracy GNSS-Visual-Inertial Odometry
Paper:2210.15664,Paper:2210.15664,Paper,Paper,,,2022,,,,,,State of the Art in Dense Monocular Non-Rigid 3D Reconstruction
Paper:2210.17415,Paper:2210.17415,Paper,Paper,,,2022,,,,,,ProbNeRF: Uncertainty-Aware Inference of 3D Shapes from 2D Images
Paper:2211.00960,Paper:2211.00960,Paper,Paper,10,36,2022,,,,,,Ambiguity-Aware Multi-Object Pose Optimization for Visually-Assisted Robot Manipulation
Paper:2211.02337,Paper:2211.02337,Paper,Paper,4,81,2022,,,,,,UV R-CNN: Stable and Efficient Dense Human Pose Estimation
Paper:2211.03151,Paper:2211.03151,Paper,Paper,2,12,2022,,,,,,LG-Hand: Advancing 3D Hand Pose Estimation with Locally and Globally Kinematic Knowledge
Paper:2211.03174,Paper:2211.03174,Paper,Paper,15,32,2022,,,,,,Wheel-SLAM: Simultaneous Localization and Terrain Mapping Using One Wheel-mounted IMU
Paper:2211.03295,Paper:2211.03295,Paper,Paper,156,158,2022,,,,,,MogaNet: Multi-order Gated Aggregation Network
Paper:2211.03375,Paper:2211.03375,Paper,Paper,710,90,2022,,,,,,AlphaPose: Whole-Body Regional Multi-Person Pose Estimation and Tracking in Real-Time
Paper:2211.03587,Paper:2211.03587,Paper,Paper,5,44,2022,,,,,,Generalized Product-of-Experts for Learning Multimodal Representations in Noisy Environments
Paper:2211.03889,Paper:2211.03889,Paper,Paper,,,2022,,,,,,Common Pets in 3D: Dynamic New-View Synthesis of Real-Life Deformable Categories
Paper:2211.06897,Paper:2211.06897,Paper,Paper,6,40,2022,,,,,,Batch-based Model Registration for Fast 3D Sherd Reconstruction
Paper:2211.07600,Paper:2211.07600,Paper,Paper,,,2022,,,,,,Latent-NeRF for Shape-Guided Generation of 3D Shapes and Textures
Paper:2211.07968,Paper:2211.07968,Paper,Paper,,,2022,,,,,,NeRFFaceEditing: Disentangled Face Editing in Neural Radiance Fields
Paper:2211.08182,Paper:2211.08182,Paper,Paper,3,31,2022,,,,,,Grasping the Inconspicuous
Paper:2211.08754,Paper:2211.08754,Paper,Paper,2,15,2022,,,,,,Advanced Situational Graphs for Robot Navigation in Structured Indoor Environments
Paper:2211.09325,Paper:2211.09325,Paper,Paper,79,64,2022,,,,,,TAX-Pose: Task-Specific Cross-Pose Estimation for Robot Manipulation
Paper:2211.10284,Paper:2211.10284,Paper,Paper,5,9,2022,,,,,,Estimating more camera poses for ego-centric videos is essential for VQ3D
Paper:2211.10946,Paper:2211.10946,Paper,Paper,101,49,2022,,,,,,Normalizing Flows for Human Pose Anomaly Detection
Paper:2211.10963,Paper:2211.10963,Paper,Paper,1,81,2022,,,,,,A Lightweight Domain Adaptive Absolute Pose Regressor Using Barlow Twins Objective
Paper:2211.11066,Paper:2211.11066,Paper,Paper,8,56,2022,,,,,,Hybrid Transformer Based Feature Fusion for Self-Supervised Monocular Depth Estimation
Paper:2211.11182,Paper:2211.11182,Paper,Paper,2,42,2022,,,,,,Deep Projective Rotation Estimation through Relative Supervision
Paper:2211.11394,Paper:2211.11394,Paper,Paper,2,45,2022,,,,,,Learning Implicit Probability Distribution Functions for Symmetric Orientation Estimation from RGB Images Without Pose Labels
Paper:2211.11505,Paper:2211.11505,Paper,Paper,,,2022,,,,,,Local-to-Global Registration for Bundle-Adjusting Neural Radiance Fields
Paper:2211.11646,Paper:2211.11646,Paper,Paper,,,2022,,,,,,NeRF-RPN: A general framework for object detection in NeRFs
Paper:2211.11674,Paper:2211.11674,Paper,Paper,39,72,2022,,,,,,"Shape, Pose, and Appearance from a Single Image via Bootstrapped Radiance Field Inversion"
Paper:2211.11704,Paper:2211.11704,Paper,Paper,,,2022,,,,,,ESLAM: Efficient Dense SLAM System Based on Hybrid Representation of Signed Distance Fields
Paper:2211.11941,Paper:2211.11941,Paper,Paper,4,19,2022,,,,,,Synthetic Data for Semantic Image Segmentation of Imagery of Unmanned Spacecraft
Paper:2211.11983,Paper:2211.11983,Paper,Paper,34,64,2022,,,,,,Weakly-supervised Pre-training for 3D Human Pose Estimation via Perspective Knowledge
Paper:2211.12018,Paper:2211.12018,Paper,Paper,16,57,2022,,,,,,Level-S$^2$fM: Structure from Motion on Neural Level Set of Implicit Surfaces
Paper:2211.12038,Paper:2211.12038,Paper,Paper,,,2022,,,,,,ONeRF: Unsupervised 3D Object Segmentation from Multiple Views
Paper:2211.12368,Paper:2211.12368,Paper,Paper,,,2022,,,,,,Real-time Neural Radiance Talking Portrait Synthesis via Audio-spatial Decomposition
Paper:2211.12436,Paper:2211.12436,Paper,Paper,,,2022,,,,,,Dynamic Depth-Supervised NeRF for Multi-View RGB-D Operating Room Images
Paper:2211.12544,Paper:2211.12544,Paper,Paper,,,2022,,,,,,Zero NeRF: Registration with Zero Overlap
Paper:2211.12656,Paper:2211.12656,Paper,Paper,,,2022,,,,,,ActiveRMAP: Radiance Field for Active Mapping And Planning
Paper:2211.13251,Paper:2211.13251,Paper,Paper,63,99,2022,,,,,,CGOF++: Controllable 3D Face Synthesis with Conditional Generative Occupancy Fields
Paper:2211.13357,Paper:2211.13357,Paper,Paper,21,84,2022,,,,,,MPT: Mesh Pre-Training with Transformers for Human Pose and Mesh Reconstruction
Paper:2211.13398,Paper:2211.13398,Paper,Paper,7,52,2022,,,,,,CPPF++: Uncertainty-Aware Sim2Real Object Pose Estimation by Vote Aggregation
Paper:2211.13490,Paper:2211.13490,Paper,Paper,35,74,2022,,,,,,Pose-disentangled Contrastive Learning for Self-supervised Facial Representation
Paper:2211.14108,Paper:2211.14108,Paper,Paper,,,2022,,,,,,3DDesigner: Towards Photorealistic 3D Object Generation and Editing with Text-guided Diffusion Models
Paper:2211.14125,Paper:2211.14125,Paper,Paper,42,34,2022,,,,,,"PoET: Pose Estimation Transformer for Single-View, Multi-Object 6D Pose Estimation"
Paper:2211.14467,Paper:2211.14467,Paper,Paper,,,2022,,,,,,Self-Supervised Surgical Instrument 3D Reconstruction from a Single Camera Image
Paper:2211.14651,Paper:2211.14651,Paper,Paper,63,57,2022,,,,,,SliceMatch: Geometry-guided Aggregation for Cross-View Pose Estimation
Paper:2211.14799,Paper:2211.14799,Paper,Paper,,,2022,,,,,,Sampling Neural Radiance Fields for Refractive Objects
Paper:2211.15127,Paper:2211.15127,Paper,Paper,2,60,2022,,,,,,Safety-quantifiable Line Feature-based Monocular Visual Localization with 3D Prior Map
Paper:2211.15601,Paper:2211.15601,Paper,Paper,75,76,2022,,,,,,Fast-SNARF: A Fast Deformer for Articulated Neural Fields
Paper:2211.15692,Paper:2211.15692,Paper,Paper,38,88,2022,,,,,,H3WB: Human3.6M 3D WholeBody Dataset and Benchmark
Paper:2211.15977,Paper:2211.15977,Paper,Paper,,,2022,,,,,,One is All: Bridging the Gap Between Neural Radiance Fields Architectures with Progressive Volume Distillation
Paper:2211.16266,Paper:2211.16266,Paper,Paper,,,2022,,,,,,"PatchMatch-Stereo-Panorama, a fast dense reconstruction from 360° video images"
Paper:2211.16290,Paper:2211.16290,Paper,Paper,16,49,2022,,,,,,LocPoseNet: Robust Location Prior for Unseen Object Pose Estimation
Paper:2211.16431,Paper:2211.16431,Paper,Paper,,,2022,,,,,,NeuralLift-360: Lifting An In-the-wild 2D Photo to A 3D Object with 360° Views
Paper:2211.16487,Paper:2211.16487,Paper,Paper,95,56,2022,,,,,,DiffPose: Multi-hypothesis Human Pose Estimation using Diffusion models
Paper:2211.16630,Paper:2211.16630,Paper,Paper,,,2022,,,,,,DINER: Depth-aware Image-based NEural Radiance fields
Paper:2211.16799,Paper:2211.16799,Paper,Paper,30,58,2022,,,,,,NOPE-SAC: Neural One-Plane RANSAC for Sparse-View Planar 3D Reconstruction
Paper:2211.16835,Paper:2211.16835,Paper,Paper,41,74,2022,,,,,,Reconstructing Hand-Held Objects from Monocular Video
Paper:2211.16940,Paper:2211.16940,Paper,Paper,177,69,2022,,,,,,DiffPose: Toward More Reliable 3D Pose Estimation
Paper:2211.16951,Paper:2211.16951,Paper,Paper,37,59,2022,,,,,,Weakly Supervised 3D Multi-person Pose Estimation for Large-scale Scenes based on Monocular Camera and Single LiDAR
Paper:2211.16991,Paper:2211.16991,Paper,Paper,59,84,2022,,,,,,SparsePose: Sparse-View Camera Pose Regression and Refinement
Paper:2211.17081,Paper:2211.17081,Paper,Paper,95,45,2022,,,,,,Self-Emphasizing Network for Continuous Sign Language Recognition
Paper:2212.00122,Paper:2212.00122,Paper,Paper,13,38,2022,,,,,,Self-Supervised Feature Learning for Long-Term Metric Visual Localization
Paper:2212.00436,Paper:2212.00436,Paper,Paper,,,2022,,,,,,ViewNeRF: Unsupervised Viewpoint Estimation Using Category-Level Neural Radiance Fields
Paper:2212.00792,Paper:2212.00792,Paper,Paper,270,56,2022,,,,,,SparseFusion: Distilling View-conditioned Diffusion for 3D Reconstruction
Paper:2212.00914,Paper:2212.00914,Paper,Paper,5,41,2022,,,,,,QFF: Quantized Fourier Features for Neural Field Representations
Paper:2212.01331,Paper:2212.01331,Paper,Paper,,,2022,,,,,,Surface Normal Clustering for Implicit Representation of Manhattan Scenes
Paper:2212.01599,Paper:2212.01599,Paper,Paper,5,23,2022,,,,,,Onboard Real-Time Multi-Sensor Pose Estimation for Indoor Quadrotor Navigation with Intermittent Communication
Paper:2212.01672,Paper:2212.01672,Paper,Paper,,,2022,,,,,,MaRF: Representing Mars as Neural Radiance Fields
Paper:2212.01830,Paper:2212.01830,Paper,Paper,5,38,2022,,,,,,Fast and Lightweight Scene Regressor for Camera Relocalization
Paper:2212.01920,Paper:2212.01920,Paper,Paper,1,90,2022,,,,,,Review on 6D Object Pose Estimation with the focus on Indoor Scene Understanding
Paper:2212.01959,Paper:2212.01959,Paper,Paper,6,18,2022,,,,,,INGeo: Accelerating Instant Neural Scene Reconstruction with Noisy Geometry Priors
Paper:2212.02014,Paper:2212.02014,Paper,Paper,4,80,2022,,,,,,Med-Query: Steerable Parsing of 9-DoF Medical Anatomies with Query Embedding
Paper:2212.02077,Paper:2212.02077,Paper,Paper,11,34,2022,,,,,,DL-SLOT: Dynamic LiDAR SLAM and object tracking based on collaborative graph optimization
Paper:2212.02163,Paper:2212.02163,Paper,Paper,4,47,2022,,,,,,2D Human Pose Estimation with Explicit Anatomical Keypoints Structure Constraints
Paper:2212.02280,Paper:2212.02280,Paper,Paper,,,2022,,,,,,DARF: Depth-Aware Generalizable Neural Radiance Field
Paper:2212.02398,Paper:2212.02398,Paper,Paper,3,49,2022,,,,,,Generalizable Person Re-Identification via Viewpoint Alignment and Fusion
Paper:2212.02501,Paper:2212.02501,Paper,Paper,,,2022,,,,,,SceneRF: Self-Supervised Monocular 3D Scene Reconstruction with Radiance Fields
Paper:2212.02796,Paper:2212.02796,Paper,Paper,49,62,2022,,,,,,DiffuPose: Monocular 3D Human Pose Estimation via Denoising Diffusion Probabilistic Model
Paper:2212.03623,Paper:2212.03623,Paper,Paper,3,25,2022,,,,,,An Intuitive and Unconstrained 2D Cube Representation for Simultaneous Head Detection and Pose Estimation
Paper:2212.04096,Paper:2212.04096,Paper,Paper,,,2022,,,,,,ALTO: Alternating Latent Topologies for Implicit 3D Reconstruction
Paper:2212.04246,Paper:2212.04246,Paper,Paper,127,96,2022,,,,,,ViTPose++: Vision Transformer for Generic Body Pose Estimation
Paper:2212.04247,Paper:2212.04247,Paper,Paper,,,2022,,,,,,EditableNeRF: Editing Topologically Varying Neural Radiance Fields by Key Points
Paper:2212.04492,Paper:2212.04492,Paper,Paper,60,74,2022,,,,,,Few-View Object Reconstruction with Unknown Categories and Camera Poses
Paper:2212.04493,Paper:2212.04493,Paper,Paper,,,2022,,,,,,"SDFusion: Multimodal 3D Shape Completion, Reconstruction, and Generation"
Paper:2212.04632,Paper:2212.04632,Paper,Paper,1,52,2022,,,,,,Category-Level 6D Object Pose Estimation with Flexible Vector-Based Rotation Representation
Paper:2212.04636,Paper:2212.04636,Paper,Paper,105,60,2022,,,,,,Ego-Body Pose Estimation via Ego-Head Pose Estimation
Paper:2212.04701,Paper:2212.04701,Paper,Paper,,,2022,,,,,,4K-NeRF: High Fidelity Neural Radiance Fields at Ultra High Resolutions
Paper:2212.04820,Paper:2212.04820,Paper,Paper,2,15,2022,,,,,,Pose Estimation for Human Wearing Loose-Fitting Clothes: Obtaining Ground Truth Posture Using HFR Camera and Blinking LEDs
Paper:2212.04823,Paper:2212.04823,Paper,Paper,24,53,2022,,,,,,GazeNeRF: 3D-Aware Gaze Redirection with Neural Radiance Fields
Paper:2212.06135,Paper:2212.06135,Paper,Paper,,,2022,,,,,,Rodin: A Generative Model for Sculpting 3D Digital Avatars Using Diffusion
Paper:2212.07047,Paper:2212.07047,Paper,Paper,16,64,2022,,,,,,Shared Coupling-bridge for Weakly Supervised Local Feature Learning
Paper:2212.07567,Paper:2212.07567,Paper,Paper,10,31,2022,,,,,,Learning Markerless Robot-Depth Camera Calibration and End-Effector Pose Estimation
Paper:2212.08057,Paper:2212.08057,Paper,Paper,,,2022,,,,,,Real-Time Neural Light Field on Mobile Devices
Paper:2212.08070,Paper:2212.08070,Paper,Paper,,,2022,,,,,,NeRF-Art: Text-Driven Neural Radiance Fields Stylization
Paper:2212.08328,Paper:2212.08328,Paper,Paper,,,2022,,,,,,MEIL-NeRF: Memory-Efficient Incremental Learning of Neural Radiance Fields
Paper:2212.08476,Paper:2212.08476,Paper,Paper,,,2022,,,,,,SteerNeRF: Accelerating NeRF Rendering via Smooth Viewpoint Trajectory
Paper:2212.08641,Paper:2212.08641,Paper,Paper,95,78,2022,,,,,,GFPose: Learning 3D Human Pose Prior with Gradient Fields
Paper:2212.08731,Paper:2212.08731,Paper,Paper,7,57,2022,,,,,,Multi-person 3D pose estimation from unlabelled data
Paper:2212.09530,Paper:2212.09530,Paper,Paper,47,92,2022,,,,,,HARP: Personalized Hand Reconstruction from a Monocular RGB Video
Paper:2212.09735,Paper:2212.09735,Paper,Paper,13,90,2022,,,,,,Correspondence Distillation from NeRF-based GAN
Paper:2212.10265,Paper:2212.10265,Paper,Paper,82,47,2022,,,,,,"High-resolution canopy height map in the Landes forest (France) based on GEDI, Sentinel-1, and Sentinel-2 data with a deep learning approach"
Paper:2212.10950,Paper:2212.10950,Paper,Paper,,,2022,,,,,,UNIKD: UNcertainty-filtered Incremental Knowledge Distillation for Neural Implicit Representation
Paper:2212.11770,Paper:2212.11770,Paper,Paper,65,30,2022,,,,,,S-Graphs+: Real-time Localization and Mapping leveraging Hierarchical Representations
Paper:2212.11966,Paper:2212.11966,Paper,Paper,,,2022,,,,,,Removing Objects From Neural Radiance Fields
Paper:2212.12324,Paper:2212.12324,Paper,Paper,13,87,2022,,,,,,Shakes on a Plane: Unsupervised Depth Estimation from Unstabilized Photography
Paper:2212.12668,Paper:2212.12668,Paper,Paper,0,39,2022,,,,,,Differentiable Rendering for Pose Estimation in Proximity Operations
Paper:2212.12721,Paper:2212.12721,Paper,Paper,44,69,2022,,,,,,Polarimetric Multi-View Inverse Rendering
Paper:2212.12871,Paper:2212.12871,Paper,Paper,,,2022,,,,,,PaletteNeRF: Palette-based Color Editing for NeRFs
Paper:2212.12902,Paper:2212.12902,Paper,Paper,46,64,2022,,,,,,TexPose: Neural Texture Learning for Self-Supervised 6D Object Pose Estimation
Paper:2212.12948,Paper:2212.12948,Paper,Paper,0,38,2022,,,,,,Human Health Indicator Prediction from Gait Video
Paper:2212.13056,Paper:2212.13056,Paper,Paper,,,2022,,,,,,MonoNeRF: Learning a Generalizable Dynamic Radiance Field from Monocular Videos
Paper:2212.13105,Paper:2212.13105,Paper,Paper,1,48,2022,,,,,,SuperGF: Unifying Local and Global Features for Visual Localization
Paper:2212.13415,Paper:2212.13415,Paper,Paper,25,44,2022,,,,,,Spacecraft Pose Estimation Based on Unsupervised Domain Adaptation and on a 3D-Guided Loss Combination
Paper:2212.14704,Paper:2212.14704,Paper,Paper,201,92,2022,,,,,,Dream3D: Zero-Shot Text-to-3D Synthesis Using 3D Shape Prior and Text-to-Image Diffusion Models
Paper:2212.14710,Paper:2212.14710,Paper,Paper,15,53,2022,,,,,,NeRF-Gaze: A Head-Eye Redirection Parametric Model for Gaze Estimation
Paper:2212.14871,Paper:2212.14871,Paper,Paper,,,2022,,,,,,Equivariant Light Field Convolution and Transformer
Paper:2301.00157,Paper:2301.00157,Paper,Paper,,,2022,,,,,,Ponder: Point Cloud Pre-training via Neural Rendering
Paper:2301.13013,Paper:2301.13013,Paper,Paper,16,56,2022,,,,,,RFPose-OT: RF-Based 3D Human Pose Estimation via Optimal Transport Theory
Paper:2310.14924,Paper:2310.14924,Paper,Paper,4,24,2023,,,,,,Converting Depth Images and Point Clouds for Feature-based Pose Estimation
Paper:2310.16618,Paper:2310.16618,Paper,Paper,14,43,2023,,,,,,Real-time 6-DoF Pose Estimation by an Event-based Camera using Active LED Markers
Paper:2310.18009,Paper:2310.18009,Paper,Paper,0,44,2023,,,,,,ProcNet: Deep Predictive Coding Model for Robust-to-occlusion Visual Segmentation and Pose Estimation
Paper:2310.20249,Paper:2310.20249,Paper,Paper,9,53,2023,,,,,,Pose-to-Motion: Cross-Domain Motion Retargeting with Pose Prior
Paper:2311.00401,Paper:2311.00401,Paper,Paper,2,27,2023,,,,,,A Spatial-Temporal Transformer based Framework For Human Pose Assessment And Correction in Education Scenarios
Paper:2311.01770,Paper:2311.01770,Paper,Paper,0,27,2023,,,,,,Modeling the Uncertainty with Maximum Discrepant Students for Semi-supervised 2D Pose Estimation
Paper:2311.01782,Paper:2311.01782,Paper,Paper,1,21,2023,,,,,,Generating Unbiased Pseudo-labels via a Theoretically Guaranteed Chebyshev Constraint to Unify Semi-supervised Classification and Regression
Paper:2311.03146,Paper:2311.03146,Paper,Paper,6,23,2023,,,,,,Enabling In-Situ Resources Utilisation by leveraging collaborative robotics and astronaut-robot interaction
Paper:2311.03312,Paper:2311.03312,Paper,Paper,35,78,2023,,,,,,A Single 2D Pose with Context is Worth Hundreds for 3D Human Pose Estimation
Paper:2311.04591,Paper:2311.04591,Paper,Paper,6,56,2023,,,,,,Exploring Event-based Human Pose Estimation with 3D Event Representations
Paper:2311.04699,Paper:2311.04699,Paper,Paper,5,48,2023,,,,,,3D Pose Estimation of Tomato Peduncle Nodes using Deep Keypoint Detection and Point Cloud
Paper:2311.04999,Paper:2311.04999,Paper,Paper,,,2023,,,,,,Implicit Neural Representations for Breathing-compensated Volume Reconstruction in Robotic Ultrasound
Paper:2311.05141,Paper:2311.05141,Paper,Paper,13,31,2023,,,,,,Differentiable Cloth Parameter Identification and State Estimation in Manipulation
Paper:2311.05344,Paper:2311.05344,Paper,Paper,2,49,2023,,,,,,Visually Guided Model Predictive Robot Control via 6D Object Pose Localization and Tracking
Paper:2311.05887,Paper:2311.05887,Paper,Paper,0,15,2023,,,,,,A Practical Guide to Implementing Off-Axis Stereo Projection Using Existing Ray Tracing Libraries
Paper:2311.06038,Paper:2311.06038,Paper,Paper,21,43,2023,,,,,,2D Image head pose estimation via latent space regression under occlusion settings
Paper:2311.06659,Paper:2311.06659,Paper,Paper,,,2023,,,,,,"3DFusion, A real-time 3D object reconstruction pipeline based on streamed instance segmented data"
Paper:2311.08159,Paper:2311.08159,Paper,Paper,,,2023,,,,,,DynamicSurf: Dynamic Neural RGB-D Surface Reconstruction with an Optimizable Feature Grid
Paper:2311.08438,Paper:2311.08438,Paper,Paper,0,45,2023,,,,,,LocaliseBot: Multi-view 3D object localisation with differentiable rendering for robot grasping
Paper:2311.09056,Paper:2311.09056,Paper,Paper,13,32,2023,,,,,,Range-Visual-Inertial Sensor Fusion for Micro Aerial Vehicle Localization and Navigation
Paper:2311.09500,Paper:2311.09500,Paper,Paper,6,96,2023,,,,,,Pseudo-keypoint RKHS Learning for Self-supervised 6DoF Pose Estimation
Paper:2311.09653,Paper:2311.09653,Paper,Paper,0,46,2023,,,,,,Improved TokenPose with Sparsity
Paper:2311.09887,Paper:2311.09887,Paper,Paper,26,32,2023,,,,,,LIO-EKF: High Frequency LiDAR-Inertial Odometry using Extended Kalman Filters
Paper:2311.10918,Paper:2311.10918,Paper,Paper,0,27,2023,,,,,,Jenga Stacking Based on 6D Pose Estimation for Architectural Form Finding Process
Paper:2311.11125,Paper:2311.11125,Paper,Paper,67,58,2023,,,,,,SecondPose: SE(3)-Consistent Dual-Stream Feature Fusion for Category-Level Pose Estimation
Paper:2311.11171,Paper:2311.11171,Paper,Paper,0,66,2023,,,,,,"LOSTU: Fast, Scalable, and Uncertainty-Aware Triangulation"
Paper:2311.11888,Paper:2311.11888,Paper,Paper,11,76,2023,,,,,,SniffyArt: The Dataset of Smelling Persons
Paper:2311.12024,Paper:2311.12024,Paper,Paper,,,2023,,,,,,PF-LRM: Pose-Free Large Reconstruction Model for Joint Pose and Shape Prediction
Paper:2311.12028,Paper:2311.12028,Paper,Paper,36,59,2023,,,,,,Hourglass Tokenizer for Efficient Transformer-Based 3D Human Pose Estimation
Paper:2311.12043,Paper:2311.12043,Paper,Paper,9,42,2023,,,,,,Efficient Domain Adaptation via Generative Prior for 3D Infant Pose Estimation
Paper:2311.12125,Paper:2311.12125,Paper,Paper,,,2023,,,,,,Mixing-Denoising Generalizable Occupancy Networks
Paper:2311.12421,Paper:2311.12421,Paper,Paper,3,59,2023,,,,,,Two Views Are Better than One: Monocular 3D Pose Estimation with Multiview Consistency
Paper:2311.12580,Paper:2311.12580,Paper,Paper,4,35,2023,,,,,,CoVOR-SLAM: Cooperative SLAM using Visual Odometry and Ranges for Multi-Robot Systems
Paper:2311.12588,Paper:2311.12588,Paper,Paper,21,81,2023,,,,,,HiPose: Hierarchical Binary Surface Encoding and Correspondence Pruning for RGB-D 6DoF Object Pose Estimation
Paper:2311.12796,Paper:2311.12796,Paper,Paper,,,2023,,,,,,Physics-guided Shape-from-Template: Monocular Video Perception through Neural Surrogate Models
Paper:2311.13777,Paper:2311.13777,Paper,Paper,15,41,2023,,,,,,GS-Pose: Category-Level Object Pose Estimation via Geometric and Semantic Correspondence
Paper:2311.14155,Paper:2311.14155,Paper,Paper,133,65,2023,,,,,,GigaPose: Fast and Robust Novel Object Pose Estimation via One Correspondence
Paper:2311.14981,Paper:2311.14981,Paper,Paper,,,2023,,,,,,Multi-task Planar Reconstruction with Feature Warping Guidance
Paper:2311.15707,Paper:2311.15707,Paper,Paper,155,73,2023,,,,,,SAM-6D: Segment Anything Model Meets Zero-Shot 6D Object Pose Estimation
Paper:2311.15962,Paper:2311.15962,Paper,Paper,11,61,2023,,,,,,Uncertainty Quantification of Set-Membership Estimation in Control and Perception: Revisiting the Minimum Enclosing Ellipsoid
Paper:2311.16495,Paper:2311.16495,Paper,Paper,36,66,2023,,,,,,Egocentric Whole-Body Motion Capture with FisheyeViT and Diffusion-Based Motion Refinement
Paper:2311.17105,Paper:2311.17105,Paper,Paper,12,40,2023,,,,,,On the Calibration of Human Pose Estimation
Paper:2311.17245,Paper:2311.17245,Paper,Paper,,,2023,,,,,,LightGaussian: Unbounded 3D Gaussian Compression with 15x Reduction and 200+ FPS
Paper:2311.17891,Paper:2311.17891,Paper,Paper,23,49,2023,,,,,,A Graph-Based Approach for Category-Agnostic Pose Estimation
Paper:2311.18107,Paper:2311.18107,Paper,Paper,2,30,2023,,,,,,A Stochastic-Geometrical Framework for Object Pose Estimation based on Mixture Models Avoiding the Correspondence Problem
Paper:2311.18287,Paper:2311.18287,Paper,Paper,,,2023,,,,,,Dispersed Structured Light for Hyperspectral 3D Imaging
Paper:2311.18311,Paper:2311.18311,Paper,Paper,,,2023,,,,,,Anisotropic Neural Representation Learning for High-Quality Neural Rendering
Paper:2311.18448,Paper:2311.18448,Paper,Paper,,,2023,,,,,,HOLD: Category-agnostic 3D Reconstruction of Interacting Hands and Objects from Video
Paper:2311.18729,Paper:2311.18729,Paper,Paper,,,2023,,,,,,Portrait4D: Learning One-Shot 4D Head Avatar Synthesis using Synthetic Data
Paper:2311.18836,Paper:2311.18836,Paper,Paper,88,66,2023,,,,,,ChatPose: Chatting about 3D Human Pose
Paper:2312.00462,Paper:2312.00462,Paper,Paper,2,39,2023,,,,,,Learning Unorthogonalized Matrices for Rotation Estimation
Paper:2312.00500,Paper:2312.00500,Paper,Paper,2,30,2023,,,,,,Global Localization: Utilizing Relative Spatio-Temporal Geometric Constraints from Adjacent and Distant Cameras
Paper:2312.00947,Paper:2312.00947,Paper,Paper,60,60,2023,,,,,,FreeZe: Training-free zero-shot 6D pose estimation with geometric and vision foundation models
Paper:2312.02126,Paper:2312.02126,Paper,Paper,605,57,2023,,,,,,"SplaTAM: Splat, Track & Map 3D Gaussians for Dense RGB-D SLAM"
Paper:2312.02141,Paper:2312.02141,Paper,Paper,,,2023,,,,,,iMatching: Imperative Correspondence Learning
Paper:2312.02152,Paper:2312.02152,Paper,Paper,,,2023,,,,,,Steerers: A framework for rotation equivariant keypoint descriptors
Paper:2312.02196,Paper:2312.02196,Paper,Paper,43,50,2023,,,,,,Dynamic Inertial Poser (DynaIP): Part-Based Motion Dynamics Learning for Enhanced Human Pose Estimation with Sparse Inertial Sensors
Paper:2312.02221,Paper:2312.02221,Paper,Paper,,,2023,,,,,,"Slice3D: Multi-Slice, Occlusion-Revealing, Single View 3D Reconstruction"
Paper:2312.02396,Paper:2312.02396,Paper,Paper,,,2023,,,,,,Unsupervised Change Detection for Space Habitats Using 3D Point Clouds
Paper:2312.02531,Paper:2312.02531,Paper,Paper,9,32,2023,,,,,,PolyFit: A Peg-in-hole Assembly Framework for Unseen Polygon Shapes via Sim-to-real Adaptation
Paper:2312.02568,Paper:2312.02568,Paper,Paper,,,2023,,,,,,Prompt2NeRF-PIL: Fast NeRF Generation via Pretrained Implicit Latent
Paper:2312.02593,Paper:2312.02593,Paper,Paper,3,22,2023,,,,,,6D Assembly Pose Estimation by Point Cloud Registration for Robot Manipulation
Paper:2312.02613,Paper:2312.02613,Paper,Paper,0,72,2023,,,,,,A Unified Simulation Framework for Visual and Behavioral Fidelity in Crowd Analysis
Paper:2312.02617,Paper:2312.02617,Paper,Paper,,,2023,,,,,,DreaMo: Articulated 3D Reconstruction From A Single Casual Video
Paper:2312.02725,Paper:2312.02725,Paper,Paper,,,2023,,,,,,R3D-SWIN:Use Shifted Window Attention for Single-View 3D Reconstruction
Paper:2312.03102,Paper:2312.03102,Paper,Paper,,,2023,,,,,,Fully Convolutional Slice-to-Volume Reconstruction for Single-Stack MRI
Paper:2312.03372,Paper:2312.03372,Paper,Paper,,,2023,,,,,,Evaluating the point cloud of individual trees generated from images based on Neural Radiance fields (NeRF) method
Paper:2312.03431,Paper:2312.03431,Paper,Paper,,,2023,,,,,,Gaussian-Flow: 4D Reconstruction with Dynamic 3D Gaussian Particle
Paper:2312.04236,Paper:2312.04236,Paper,Paper,3,16,2023,,,,,,Detecting and Restoring Non-Standard Hands in Stable Diffusion Generated Images
Paper:2312.04337,Paper:2312.04337,Paper,Paper,,,2023,,,,,,Multi-View Unsupervised Image Generation with Cross Attention Guidance
Paper:2312.04527,Paper:2312.04527,Paper,Paper,,,2023,,,,,,Correspondences of the Third Kind: Camera Pose Estimation from Object Reflection
Paper:2312.04564,Paper:2312.04564,Paper,Paper,,,2023,,,,,,EAGLES: Efficient Accelerated 3D Gaussians with Lightweight EncodingS
Paper:2312.04651,Paper:2312.04651,Paper,Paper,,,2023,,,,,,VOODOO 3D: Volumetric Portrait Disentanglement for One-Shot 3D Head Reenactment
Paper:2312.04784,Paper:2312.04784,Paper,Paper,,,2023,,,,,,"Reality's Canvas, Language's Brush: Crafting 3D Avatars from Monocular Video"
Paper:2312.04803,Paper:2312.04803,Paper,Paper,,,2023,,,,,,SuperNormal: Neural Surface Reconstruction via Multi-View Normal Integration
Paper:2312.05161,Paper:2312.05161,Paper,Paper,,,2023,,,,,,TriHuman : A Real-time and Controllable Tri-plane Representation for Detailed Human Geometry and Appearance Synthesis
Paper:2312.05311,Paper:2312.05311,Paper,Paper,,,2023,,,,,,360° Volumetric Portrait Avatar
Paper:2312.05330,Paper:2312.05330,Paper,Paper,,,2023,,,,,,Multi-view Inversion for 3D-aware Generative Adversarial Networks
Paper:2312.05525,Paper:2312.05525,Paper,Paper,9,119,2023,,,,,,You Only Learn One Query: Learning Unified Human Query for Single-Stage Multi-Person Multi-Task Human-Centric Perception
Paper:2312.05572,Paper:2312.05572,Paper,Paper,,,2023,,,,,,R2-Talker: Realistic Real-Time Talking Head Synthesis with Hash Grid Landmarks Encoding and Progressive Multilayer Conditioning
Paper:2312.05664,Paper:2312.05664,Paper,Paper,,,2023,,,,,,CoGS: Controllable Gaussian Splatting
Paper:2312.05873,Paper:2312.05873,Paper,Paper,,,2023,,,,,,Learning for CasADi: Data-driven Models in Numerical Optimization
Paper:2312.05995,Paper:2312.05995,Paper,Paper,4,69,2023,,,,,,From Correspondences to Pose: Non-minimal Certifiably Optimal Relative Pose without Disambiguation
Paper:2312.06409,Paper:2312.06409,Paper,Paper,4,68,2023,,,,,,LiCamPose: Combining Multi-View LiDAR and RGB Cameras for Robust Single-timestamp 3D Human Pose Estimation
Paper:2312.06575,Paper:2312.06575,Paper,Paper,,,2023,,,,,,EasyVolcap: Accelerating Neural Volumetric Video Research
Paper:2312.06583,Paper:2312.06583,Paper,Paper,29,78,2023,,,,,,3D Hand Pose Estimation in Everyday Egocentric Images
Paper:2312.06642,Paper:2312.06642,Paper,Paper,,,2023,,,,,,CorresNeRF: Image Correspondence Priors for Neural Radiance Fields
Paper:2312.06797,Paper:2312.06797,Paper,Paper,3,64,2023,,,,,,Improving the Robustness of 3D Human Pose Estimation: A Benchmark and Learning from Noisy Input
Paper:2312.06865,Paper:2312.06865,Paper,Paper,3,78,2023,,,,,,Keypoint-based Stereophotoclinometry for Characterizing and Navigating Small Bodies: A Factor Graph Approach
Paper:2312.06946,Paper:2312.06946,Paper,Paper,,,2023,,,,,,WaterHE-NeRF: Water-ray Tracing Neural Radiance Fields for Underwater Scene Reconstruction
Paper:2312.07337,Paper:2312.07337,Paper,Paper,12,28,2023,,,,,,RMS: Redundancy-Minimizing Point Cloud Sampling for Real-Time Pose Estimation
Paper:2312.07485,Paper:2312.07485,Paper,Paper,,,2023,,,,,,MinD-3D: Reconstruct High-quality 3D objects in Human Brain
Paper:2312.07526,Paper:2312.07526,Paper,Paper,73,52,2023,,,,,,RTMO: Towards High-Performance One-Stage Real-Time Multi-Person Pose Estimation
Paper:2312.07854,Paper:2312.07854,Paper,Paper,1,52,2023,,,,,,Diffusion Models Enable Zero-Shot Pose Estimation for Lower-Limb Prosthetic Users
Paper:2312.07920,Paper:2312.07920,Paper,Paper,,,2023,,,,,,DrivingGaussian: Composite Gaussian Splatting for Surrounding Dynamic Autonomous Driving Scenes
Paper:2312.07964,Paper:2312.07964,Paper,Paper,5,34,2023,,,,,,Three-Filters-to-Normal+: Revisiting Discontinuity Discrimination in Depth-to-Normal Translation
Paper:2312.08060,Paper:2312.08060,Paper,Paper,13,46,2023,,,,,,C-BEV: Contrastive Bird's Eye View Training for Cross-View Image Retrieval and 3-DoF Pose Estimation
Paper:2312.08240,Paper:2312.08240,Paper,Paper,,,2023,,,,,,CenterGrasp: Object-Aware Implicit Representation Learning for Simultaneous Shape Reconstruction and 6-DoF Grasp Estimation
Paper:2312.08268,Paper:2312.08268,Paper,Paper,2,35,2023,,,,,,Efficient Multi-Object Pose Estimation using Multi-Resolution Deformable Attention and Query Aggregation
Paper:2312.08344,Paper:2312.08344,Paper,Paper,597,79,2023,,,,,,FoundationPose: Unified 6D Pose Estimation and Tracking of Novel Objects
Paper:2312.08411,Paper:2312.08411,Paper,Paper,38,102,2023,,,,,,Pose and shear-based tactile servoing
Paper:2312.08488,Paper:2312.08488,Paper,Paper,0,11,2023,,,,,,A PnP Algorithm for Two-Dimensional Pose Estimation
Paper:2312.09005,Paper:2312.09005,Paper,Paper,1,30,2023,,,,,,Scene 3-D Reconstruction System in Scattering Medium
Paper:2312.09031,Paper:2312.09031,Paper,Paper,,,2023,,,,,,iComMa: Inverting 3D Gaussian Splatting for Camera Pose Estimation via Comparing and Matching
Paper:2312.09138,Paper:2312.09138,Paper,Paper,,,2023,,,,,,Living Scenes: Multi-object Relocalization and Reconstruction in Changing 3D Environments
Paper:2312.09228,Paper:2312.09228,Paper,Paper,,,2023,,,,,,3DGS-Avatar: Animatable Avatars via Deformable 3D Gaussian Splatting
Paper:2312.09249,Paper:2312.09249,Paper,Paper,,,2023,,,,,,ZeroRF: Fast Sparse View 360° Reconstruction with Zero Pretraining
Paper:2312.09313,Paper:2312.09313,Paper,Paper,,,2023,,,,,,LatentEditor: Text Driven Local Editing of 3D Scenes
Paper:2312.09558,Paper:2312.09558,Paper,Paper,,,2023,,,,,,Towards Transferable Targeted 3D Adversarial Attack in the Physical World
Paper:2312.09743,Paper:2312.09743,Paper,Paper,,,2023,,,,,,SLS4D: Sparse Latent Space for 4D Novel View Synthesis
Paper:2312.09780,Paper:2312.09780,Paper,Paper,1,55,2023,,,,,,RANRAC: Robust Neural Scene Representations via Random Ray Consensus
Paper:2312.09913,Paper:2312.09913,Paper,Paper,,,2023,,,,,,LAENeRF: Local Appearance Editing for Neural Radiance Fields
Paper:2312.10195,Paper:2312.10195,Paper,Paper,2,27,2023,,,,,,SoloPose: One-Shot Kinematic 3D Human Pose Estimation with Video Data Augmentation
Paper:2312.10422,Paper:2312.10422,Paper,Paper,,,2023,,,,,,Learning Dense Correspondence for NeRF-Based Face Reenactment
Paper:2312.10649,Paper:2312.10649,Paper,Paper,35,47,2023,,,,,,PNeRFLoc: Visual Localization with Point-based Neural Radiance Fields
Paper:2312.10714,Paper:2312.10714,Paper,Paper,,,2023,,,,,,Primitive-based 3D Human-Object Interaction Modelling and Programming
Paper:2312.10758,Paper:2312.10758,Paper,Paper,37,53,2023,,,,,,SHaRPose: Sparse High-Resolution Representation for Human Pose Estimation
Paper:2312.11707,Paper:2312.11707,Paper,Paper,10,41,2023,,,,,,Unified framework for diffusion generative models in SO(3): applications in computer vision and astrophysics
Paper:2312.11841,Paper:2312.11841,Paper,Paper,,,2023,,,,,,MixRT: Mixed Neural Representations For Real-Time NeRF Rendering
Paper:2312.12036,Paper:2312.12036,Paper,Paper,,,2023,,,,,,LHManip: A Dataset for Long-Horizon Language-Grounded Manipulation Tasks in Cluttered Tabletop Environments
Paper:2312.12122,Paper:2312.12122,Paper,Paper,,,2023,,,,,,ZS-SRT: An Efficient Zero-Shot Super-Resolution Training Method for Neural Radiance Fields
Paper:2312.12337,Paper:2312.12337,Paper,Paper,,,2023,,,,,,pixelSplat: 3D Gaussian Splats from Image Pairs for Scalable Generalizable 3D Reconstruction
Paper:2312.13102,Paper:2312.13102,Paper,Paper,,,2023,,,,,,SpecNeRF: Gaussian Directional Encoding for Specular Reflections
Paper:2312.13324,Paper:2312.13324,Paper,Paper,,,2023,,,,,,ShowRoom3D: Text to High-Quality 3D Room Generation Using 3D Priors
Paper:2312.13332,Paper:2312.13332,Paper,Paper,,,2023,,,,,,Ternary-Type Opacity and Hybrid Odometry for RGB NeRF-SLAM
Paper:2312.13471,Paper:2312.13471,Paper,Paper,28,69,2023,,,,,,NeRF-VO: Real-Time Sparse Visual Odometry with Neural Radiance Fields
Paper:2312.13494,Paper:2312.13494,Paper,Paper,,,2023,,,,,,Visual Tomography: Physically Faithful Volumetric Models of Partially Translucent Objects
Paper:2312.13528,Paper:2312.13528,Paper,Paper,,,2023,,,,,,MoBluRF: Motion Deblurring Neural Radiance Fields for Blurry Monocular Video
Paper:2312.14132,Paper:2312.14132,Paper,Paper,1501,196,2023,,,,,,DUSt3R: Geometric 3D Vision Made Easy
Paper:2312.14157,Paper:2312.14157,Paper,Paper,18,68,2023,,,,,,3D Pose Estimation of Two Interacting Hands from a Monocular Event Camera
Paper:2312.14432,Paper:2312.14432,Paper,Paper,2,44,2023,,,,,,Scalable 3D Reconstruction From Single Particle X-Ray Diffraction Images Based on Online Machine Learning
Paper:2312.14664,Paper:2312.14664,Paper,Paper,,,2023,,,,,,Density Uncertainty Quantification with NeRF-Ensembles: Impact of Data and Scene Constraints
Paper:2312.14697,Paper:2312.14697,Paper,Paper,5,81,2023,,,,,,Pola4All: survey of polarimetric applications and an open-source toolkit to analyze polarization
Paper:2312.14733,Paper:2312.14733,Paper,Paper,22,51,2023,,,,,,Harnessing Diffusion Models for Visual Perception with Meta Prompts
Paper:2312.14915,Paper:2312.14915,Paper,Paper,4,36,2023,,,,,,PoseGen: Learning to Generate 3D Human Pose Dataset with NeRF
Paper:2312.15130,Paper:2312.15130,Paper,Paper,7,49,2023,,,,,,PACE: A Large-Scale Dataset with Pose Annotations in Cluttered Environments
Paper:2312.15253,Paper:2312.15253,Paper,Paper,,,2023,,,,,,Efficient Deformable Tissue Reconstruction via Orthogonal Neural Plane
Paper:2312.15258,Paper:2312.15258,Paper,Paper,,,2023,,,,,,Human101: Training 100+FPS Human Gaussians in 100s from 1 View
Paper:2312.15636,Paper:2312.15636,Paper,Paper,20,29,2023,,,,,,Lifting by Image -- Leveraging Image Cues for Accurate 3D Human Pose Estimation
Paper:2312.15711,Paper:2312.15711,Paper,Paper,,,2023,,,,,,Neural BSSRDF: Object Appearance Representation Including Heterogeneous Subsurface Scattering
Paper:2312.15971,Paper:2312.15971,Paper,Paper,11,32,2023,,,,,,Graph Context Transformation Learning for Progressive Correspondence Pruning
Paper:2312.16047,Paper:2312.16047,Paper,Paper,,,2023,,,,,,2D-Guided 3D Gaussian Segmentation
Paper:2312.16084,Paper:2312.16084,Paper,Paper,,,2023,,,,,,LangSplat: 3D Language Gaussian Splatting
Paper:2312.16215,Paper:2312.16215,Paper,Paper,,,2023,,,,,,"SUNDIAL: 3D Satellite Understanding through Direct, Ambient, and Complex Lighting Decomposition"
Paper:2312.16221,Paper:2312.16221,Paper,Paper,6,60,2023,,,,,,STRIDE: Single-video based Temporally Continuous Occlusion-Robust 3D Pose Estimation
Paper:2312.16737,Paper:2312.16737,Paper,Paper,20,72,2023,,,,,,HMP: Hand Motion Priors for Pose and Shape Estimation from Video
Paper:2312.16787,Paper:2312.16787,Paper,Paper,1,50,2023,,,,,,L-LO: Enhancing Pose Estimation Precision via a Landmark-Based LiDAR Odometry
Paper:2312.16800,Paper:2312.16800,Paper,Paper,37,26,2023,,,,,,SR-LIVO: LiDAR-Inertial-Visual Odometry and Mapping with Sweep Reconstruction
Paper:2312.16933,Paper:2312.16933,Paper,Paper,1,56,2023,,,,,,EvPlug: Learn a Plug-and-Play Module for Event and Image Fusion
Paper:2312.17018,Paper:2312.17018,Paper,Paper,,,2023,,,,,,Learning Spatially Collaged Fourier Bases for Implicit Neural Representation
Paper:2312.17731,Paper:2312.17731,Paper,Paper,14,38,2023,,,,,,MURP: Multi-Agent Ultra-Wideband Relative Pose Estimation with Constrained Communications in 3D Environments
Paper:2401.00029,Paper:2401.00029,Paper,Paper,31,65,2023,,,,,,6D-Diff: A Keypoint Diffusion Framework for 6D Object Pose Estimation
Paper:2401.00155,Paper:2401.00155,Paper,Paper,4,19,2023,,,,,,A comprehensive framework for occluded human pose estimation
Paper:2401.00889,Paper:2401.00889,Paper,Paper,,,2023,,,,,,3D Human Pose Perception from Egocentric Stereo Videos
Paper:2404.01584,Paper:2404.01584,Paper,Paper,12,31,2023,,,,,,Versatile LiDAR-Inertial Odometry With SE (2) Constraints for Ground Vehicles
Paper:2410.10167,Paper:2410.10167,Paper,Paper,18,60,2024,,,,,,X-Fi: A Modality-Invariant Foundation Model for Multimodal Human Sensing
Paper:2410.13465,Paper:2410.13465,Paper,Paper,2,112,2024,,,,,,Object Pose Estimation Using Implicit Representation For Transparent Objects
Paper:2410.13896,Paper:2410.13896,Paper,Paper,0,0,2024,,,,,,From Real Artifacts to Virtual Reference: A Robust Framework for Translating Endoscopic Images
Paper:2410.14161,Paper:2410.14161,Paper,Paper,2,28,2024,,,,,,Unlabeled Action Quality Assessment Based on Multi-dimensional Adaptive Constrained Dynamic Time Warping
Paper:2410.17983,Paper:2410.17983,Paper,Paper,1,57,2024,,,,,,Robust Two-View Geometry Estimation with Implicit Differentiation
Paper:2410.18962,Paper:2410.18962,Paper,Paper,5,32,2024,,,,,,Where Am I and What Will I See: An Auto-Regressive Model for Spatial Localization and View Prediction
Paper:2410.20358,Paper:2410.20358,Paper,Paper,5,0,2024,,,,,,RopeTP: Global Human Motion Recovery via Integrating Robust Pose Estimation with Diffusion Trajectory Prior
Paper:2410.21153,Paper:2410.21153,Paper,Paper,7,50,2024,,,,,,Synthetica: Large Scale Synthetic Data for Robot Perception
Paper:2410.21743,Paper:2410.21743,Paper,Paper,0,61,2024,,,,,,EI-Nexus: Towards Unmediated and Flexible Inter-Modality Local Feature Extraction and Matching for Event-Image Data
Paper:2410.22128,Paper:2410.22128,Paper,Paper,60,94,2024,,,,,,PF3plat: Pose-Free Feed-Forward 3D Gaussian Splatting
Paper:2410.23643,Paper:2410.23643,Paper,Paper,14,62,2024,,,,,,SceneComplete: Open-World 3D Scene Completion in Cluttered Real World Environments for Robot Manipulation
Paper:2410.23742,Paper:2410.23742,Paper,Paper,,,2024,,,,,,Fused-Planes: Why Train a Thousand Tri-Planes When You Can Share?
Paper:2411.00543,Paper:2411.00543,Paper,Paper,4,82,2024,,,,,,3D Equivariant Pose Regression via Direct Wigner-D Harmonics Prediction
Paper:2411.01725,Paper:2411.01725,Paper,Paper,,,2024,,,,,,A Probabilistic Formulation of LiDAR Mapping with Neural Radiance Fields
Paper:2411.01853,Paper:2411.01853,Paper,Paper,,,2024,,,,,,GVKF: Gaussian Voxel Kernel Functions for Highly Efficient Surface Reconstruction in Open Scenes
Paper:2411.02482,Paper:2411.02482,Paper,Paper,,,2024,,,,,,NeRF-Aug: Data Augmentation for Robotics with Neural Radiance Fields
Paper:2411.02979,Paper:2411.02979,Paper,Paper,,,2024,,,,,,CAD-NeRF: Learning NeRFs from Uncalibrated Few-view Images by CAD Model Retrieval
Paper:2411.03561,Paper:2411.03561,Paper,Paper,7,38,2024,,,,,,Estimating Ego-Body Pose from Doubly Sparse Egocentric Video Data
Paper:2411.03807,Paper:2411.03807,Paper,Paper,3,0,2024,,,,,,GS2Pose: Two-stage 6D Object Pose Estimation Guided by Gaussian Splatting
Paper:2411.04386,Paper:2411.04386,Paper,Paper,,,2024,,,,,,SuperQ-GRASP: Superquadrics-based Grasp Pose Estimation on Larger Objects for Mobile-Manipulation
Paper:2411.04598,Paper:2411.04598,Paper,Paper,0,61,2024,,,,,,Social EgoMesh Estimation
Paper:2411.04844,Paper:2411.04844,Paper,Paper,,,2024,,,,,,Discretized Gaussian Representation for Tomographic Reconstruction
Paper:2411.05322,Paper:2411.05322,Paper,Paper,,,2024,,,,,,Rate-aware Compression for NeRF-based Volumetric Video
Paper:2411.05552,Paper:2411.05552,Paper,Paper,9,32,2024,,,,,,DeepArUco++: Improved detection of square fiducial markers in challenging lighting conditions
Paper:2411.05557,Paper:2411.05557,Paper,Paper,,,2024,,,,,,A Nerf-Based Color Consistency Method for Remote Sensing Images
Paper:2411.05734,Paper:2411.05734,Paper,Paper,0,0,2024,,,,,,Poze: Sports Technique Feedback under Data Constraints
Paper:2411.06408,Paper:2411.06408,Paper,Paper,7,41,2024,,,,,,Visuotactile-Based Learning for Insertion with Compliant Hands
Paper:2411.06869,Paper:2411.06869,Paper,Paper,3,44,2024,,,,,,CapeLLM: Support-Free Category-Agnostic Pose Estimation with Multimodal Large Language Models
Paper:2411.07165,Paper:2411.07165,Paper,Paper,2,25,2024,,,,,,Acoustic-based 3D Human Pose Estimation Robust to Human Position
Paper:2411.08037,Paper:2411.08037,Paper,Paper,,,2024,,,,,,Material Transforms from Disentangled NeRF Representations
Paper:2411.08603,Paper:2411.08603,Paper,Paper,0,0,2024,,,,,,Generalized Pose Space Embeddings for Training In-the-Wild using Anaylis-by-Synthesis
Paper:2411.09435,Paper:2411.09435,Paper,Paper,2,45,2024,,,,,,ReMP: Reusable Motion Prior for Multi-domain 3D Human Pose Estimation and Motion Inbetweening
Paper:2411.10504,Paper:2411.10504,Paper,Paper,4,51,2024,,,,,,"USP-Gaussian: Unifying Spike-based Image Reconstruction, Pose Correction and Gaussian Splatting"
Paper:2411.11409,Paper:2411.11409,Paper,Paper,11,49,2024,,,,,,IKEA Manuals at Work: 4D Grounding of Assembly Instructions on Internet Videos
Paper:2411.12197,Paper:2411.12197,Paper,Paper,,,2024,,,,,,MTFusion: Reconstructing Any 3D Object from Single Image Using Multi-word Textual Inversion
Paper:2411.12286,Paper:2411.12286,Paper,Paper,25,80,2024,,,,,,GLOVER: Generalizable Open-Vocabulary Affordance Reasoning for Task-Oriented Grasping
Paper:2411.12471,Paper:2411.12471,Paper,Paper,,,2024,,,,,,SCIGS: 3D Gaussians Splatting from a Snapshot Compressive Image
Paper:2411.12676,Paper:2411.12676,Paper,Paper,7,0,2024,,,,,,IoT-Based 3D Pose Estimation and Motion Optimization for Athletes: Application of C3D and OpenPose
Paper:2411.13291,Paper:2411.13291,Paper,Paper,7,60,2024,,,,,,DATAP-SfM: Dynamic-Aware Tracking Any Point for Robust Structure from Motion in the Wild
Paper:2411.13607,Paper:2411.13607,Paper,Paper,1,78,2024,,,,,,VioPose: Violin Performance 4D Pose Estimation by Hierarchical Audiovisual Inference
Paper:2411.13620,Paper:2411.13620,Paper,Paper,0,70,2024,,,,,,Robust SG-NeRF: Robust Scene Graph Aided Neural Surface Reconstruction
Paper:2411.13988,Paper:2411.13988,Paper,Paper,1,0,2024,,,,,,Dehazing-aided Multi-Rate Multi-Modal Pose Estimation Framework for Mitigating Visual Disturbances in Extreme Underwater Domain
Paper:2411.14002,Paper:2411.14002,Paper,Paper,3,38,2024,,,,,,SEMPose: A Single End-to-end Network for Multi-object Pose Estimation
Paper:2411.14358,Paper:2411.14358,Paper,Paper,1,15,2024,,,,,,InCrowd-VI: A Realistic Visual-Inertial Dataset for Evaluating SLAM in Indoor Pedestrian-Rich Spaces for Human Navigation
Paper:2411.15742,Paper:2411.15742,Paper,Paper,4,43,2024,,,,,,PEnG: Pose-Enhanced Geo-Localisation
Paper:2411.16318,Paper:2411.16318,Paper,Paper,45,76,2024,,,,,,One Diffusion to Generate Them All
Paper:2411.16443,Paper:2411.16443,Paper,Paper,30,144,2024,,,,,,SplatFlow: Multi-View Rectified Flow Model for 3D Gaussian Splatting Synthesis
Paper:2411.16668,Paper:2411.16668,Paper,Paper,3,63,2024,,,,,,Diffusion Features for Zero-Shot 6DoF Object Pose Estimation
Paper:2411.16816,Paper:2411.16816,Paper,Paper,,,2024,,,,,,SplatAD: Real-Time Lidar and Camera Rendering with 3D Gaussian Splatting for Autonomous Driving
Paper:2411.17240,Paper:2411.17240,Paper,Paper,6,98,2024,,,,,,Boost 3D Reconstruction using Diffusion-based Monocular Camera Calibration
Paper:2411.17432,Paper:2411.17432,Paper,Paper,0,0,2024,,,,,,Communication-Efficient Cooperative SLAMMOT via Determining the Number of Collaboration Vehicles
Paper:2411.17790,Paper:2411.17790,Paper,Paper,4,58,2024,,,,,,Self-supervised Monocular Depth and Pose Estimation for Endoscopy with Latent Priors
Paper:2411.18377,Paper:2411.18377,Paper,Paper,5,56,2024,,,,,,XR-MBT: Multi-modal Full Body Tracking for XR through Self-Supervision with Learned Depth Point Cloud Registration
Paper:2411.18673,Paper:2411.18673,Paper,Paper,137,204,2024,,,,,,AC3D: Analyzing and Improving 3D Camera Control in Video Diffusion Transformers
Paper:2411.18944,Paper:2411.18944,Paper,Paper,0,45,2024,,,,,,Waterfall Transformer for Multi-person Pose Estimation
Paper:2411.19167,Paper:2411.19167,Paper,Paper,101,81,2024,,,,,,HOT3D: Hand and Object Tracking in 3D from Egocentric Multi-View Videos
Paper:2411.19289,Paper:2411.19289,Paper,Paper,0,37,2024,,,,,,ADUGS-VINS: Generalized Visual-Inertial Odometry for Robust Navigation in Highly Dynamic and Complex Environments
Paper:2411.19458,Paper:2411.19458,Paper,Paper,10,52,2024,,,,,,Multiview Equivariance Improves 3D Correspondence Understanding with Minimal Feature Finetuning
Paper:2411.19492,Paper:2411.19492,Paper,Paper,7,102,2024,,,,,,Diorama: Unleashing Zero-shot Single-view 3D Indoor Scene Modeling
Paper:2411.19548,Paper:2411.19548,Paper,Paper,,,2024,,,,,,ReconDreamer: Crafting World Models for Driving Scene Reconstruction via Online Restoration
Paper:2411.19903,Paper:2411.19903,Paper,Paper,,,2024,,,,,,Incremental Multi-Scene Modeling via Continual Neural Graphics Primitives
Paper:2412.00518,Paper:2412.00518,Paper,Paper,,,2024,,,,,,Instant3dit: Multiview Inpainting for Fast Editing of 3D Objects
Paper:2412.00578,Paper:2412.00578,Paper,Paper,,,2024,,,,,,Speedy-Splat: Fast 3D Gaussian Splatting with Sparse Pixels and Sparse Primitives
Paper:2412.00682,Paper:2412.00682,Paper,Paper,6,35,2024,,,,,,FlashSLAM: Accelerated RGB-D SLAM for Real-Time 3D Scene Reconstruction with Gaussian Splatting
Paper:2412.00754,Paper:2412.00754,Paper,Paper,,,2024,,,,,,CtrlNeRF: The Generative Neural Radiation Fields for the Controllable Synthesis of High-fidelity 3D-Aware Images
Paper:2412.00835,Paper:2412.00835,Paper,Paper,2,0,2024,,,,,,Particle-based 6D Object Pose Estimation from Point Clouds using Diffusion Models
Paper:2412.00845,Paper:2412.00845,Paper,Paper,,,2024,,,,,,SAGA: Surface-Aligned Gaussian Avatar
Paper:2412.00952,Paper:2412.00952,Paper,Paper,4,56,2024,,,,,,ESCAPE: Equivariant Shape Completion via Anchor Point Encoding
Paper:2412.01052,Paper:2412.01052,Paper,Paper,9,52,2024,,,,,,CRISP: Object Pose and Shape Estimation with Test-Time Adaptation
Paper:2412.01422,Paper:2412.01422,Paper,Paper,3,57,2024,,,,,,MamKPD: A Simple Mamba Baseline for Real-Time 2D Keypoint Detection
Paper:2412.01500,Paper:2412.01500,Paper,Paper,0,62,2024,,,,,,SF-Loc: A Visual Mapping and Geo-Localization System based on Sparse Visual Structure Frames
Paper:2412.01543,Paper:2412.01543,Paper,Paper,9,85,2024,,,,,,6DOPE-GS: Online 6D Object Pose Estimation using Gaussian Splatting
Paper:2412.01792,Paper:2412.01792,Paper,Paper,,,2024,,,,,,CTRL-D: Controllable Dynamic 3D Scene Editing with Personalized 2D Diffusion
Paper:2412.02066,Paper:2412.02066,Paper,Paper,0,0,2024,,,,,,CLERF: Contrastive LEaRning for Full Range Head Pose Estimation
Paper:2412.02254,Paper:2412.02254,Paper,Paper,16,48,2024,,,,,,ProbPose: A Probabilistic Approach to 2D Human Pose Estimation
Paper:2412.02725,Paper:2412.02725,Paper,Paper,39,91,2024,,,,,,emg2pose: A Large and Diverse Benchmark for Surface Electromyographic Hand Pose Estimation
Paper:2412.02903,Paper:2412.02903,Paper,Paper,10,54,2024,,,,,,EgoCast: Forecasting Egocentric Human Pose in the Wild
Paper:2412.02950,Paper:2412.02950,Paper,Paper,1,30,2024,,,,,,An indoor DSO-based ceiling-vision odometry system for indoor industrial environments
Paper:2412.03146,Paper:2412.03146,Paper,Paper,7,34,2024,,,,,,MCVO: A Generic Visual Odometry for Arbitrarily Arranged Multi-Cameras
Paper:2412.03498,Paper:2412.03498,Paper,Paper,10,80,2024,,,,,,A Bidirectional Siamese Recurrent Neural Network for Accurate Gait Recognition Using Body Landmarks
Paper:2412.03512,Paper:2412.03512,Paper,Paper,,,2024,,,,,,Distillation of Diffusion Features for Semantic Correspondence
Paper:2412.03517,Paper:2412.03517,Paper,Paper,14,56,2024,,,,,,NVComposer: Boosting Generative Novel View Synthesis with Multiple Sparse and Unposed Images
Paper:2412.03570,Paper:2412.03570,Paper,Paper,7,53,2024,,,,,,Sparse-view Pose Estimation and Reconstruction via Analysis by Generative Synthesis
Paper:2412.03571,Paper:2412.03571,Paper,Paper,,,2024,,,,,,Style3D: Attention-guided Multi-view Style Transfer for 3D Object Generation
Paper:2412.03910,Paper:2412.03910,Paper,Paper,,,2024,,,,,,DGNS: Deformable Gaussian Splatting and Dynamic Neural Surface for Monocular Dynamic 3D Reconstruction
Paper:2412.04279,Paper:2412.04279,Paper,Paper,3,29,2024,,,,,,Targeted Hard Sample Synthesis Based on Estimated Pose and Occlusion Error for Improved Object Pose Estimation
Paper:2412.04339,Paper:2412.04339,Paper,Paper,,,2024,,,,,,Likelihood-Scheduled Score-Based Generative Modeling for Fully 3D PET Image Reconstruction
Paper:2412.04464,Paper:2412.04464,Paper,Paper,7,99,2024,,,,,,DualPM: Dual Posed-Canonical Point Maps for 3D Shape and Pose Reconstruction
Paper:2412.04665,Paper:2412.04665,Paper,Paper,0,0,2024,,,,,,ProPLIKS: Probablistic 3D human body pose estimation
Paper:2412.04955,Paper:2412.04955,Paper,Paper,,,2024,,,,,,MixedGaussianAvatar: Realistically and Geometrically Accurate Head Avatar via Mixed 2D-3D Gaussians
Paper:2412.05322,Paper:2412.05322,Paper,Paper,,,2024,,,,,,$ρ$-NeRF: Leveraging Attenuation Priors in Neural Radiance Field for 3D Computed Tomography Reconstruction
Paper:2412.05548,Paper:2412.05548,Paper,Paper,,,2024,,,,,,Street Gaussians without 3D Object Tracker
Paper:2412.06273,Paper:2412.06273,Paper,Paper,,,2024,,,,,,Omni-Scene: Omni-Gaussian Representation for Ego-Centric Sparse-View Scene Reconstruction
Paper:2412.06488,Paper:2412.06488,Paper,Paper,3,50,2024,,,,,,Enhancing Scene Coordinate Regression with Efficient Keypoint Detection and Sequential Information
Paper:2412.06770,Paper:2412.06770,Paper,Paper,,,2024,,,,,,Dynamic EventNeRF: Reconstructing General Dynamic Scenes from Multi-view RGB and Event Streams
Paper:2412.06777,Paper:2412.06777,Paper,Paper,,,2024,,,,,,Driv3R: Learning Dense 4D Reconstruction for Autonomous Driving
Paper:2412.06981,Paper:2412.06981,Paper,Paper,,,2024,,,,,,Diffusing Differentiable Representations
Paper:2412.07696,Paper:2412.07696,Paper,Paper,,,2024,,,,,,SimVS: Simulating World Inconsistencies for Robust View Synthesis
Paper:2412.07746,Paper:2412.07746,Paper,Paper,15,0,2024,,,,,,LoRA3D: Low-Rank Self-Calibration of 3D Geometric Foundation Models
Paper:2412.08029,Paper:2412.08029,Paper,Paper,,,2024,,,,,,NeRF-NQA: No-Reference Quality Assessment for Scenes Generated by NeRF and Neural View Synthesis Methods
Paper:2412.08376,Paper:2412.08376,Paper,Paper,77,138,2024,,,,,,"Reloc3r: Large-Scale Training of Relative Camera Pose Regression for Generalizable, Fast, and Accurate Visual Localization"
Paper:2412.08496,Paper:2412.08496,Paper,Paper,9,0,2024,,,,,,Drift-free Visual SLAM using Digital Twins
Paper:2412.08640,Paper:2412.08640,Paper,Paper,7,0,2024,,,,,,BLADE: Single-view Body Mesh Learning through Accurate Depth Estimation
Paper:2412.09573,Paper:2412.09573,Paper,Paper,34,79,2024,,,,,,FreeSplatter: Pose-free Gaussian Splatting for Sparse-view 3D Reconstruction
Paper:2412.09597,Paper:2412.09597,Paper,Paper,,,2024,,,,,,LiftImage3D: Lifting Any Single Image to 3D Gaussians with Video Generation Priors
Paper:2412.09617,Paper:2412.09617,Paper,Paper,,,2024,,,,,,"NormalFlow: Fast, Robust, and Accurate Contact-based Object 6DoF Pose Tracking with Vision-based Tactile Sensors"
Paper:2412.09620,Paper:2412.09620,Paper,Paper,,,2024,,,,,,Learning Camera Movement Control from Real-World Drone Videos
Paper:2412.09621,Paper:2412.09621,Paper,Paper,,,2024,,,,,,Stereo4D: Learning How Things Move in 3D from Internet Stereo Videos
Paper:2412.09723,Paper:2412.09723,Paper,Paper,,,2024,,,,,,MAC-Ego3D: Multi-Agent Gaussian Consensus for Real-Time Collaborative Ego-Motion and Photorealistic 3D Reconstruction
Paper:2412.09868,Paper:2412.09868,Paper,Paper,5,43,2024,,,,,,RP-SLAM: Real-time Photorealistic SLAM with Efficient 3D Gaussian Splatting
Paper:2412.10004,Paper:2412.10004,Paper,Paper,,,2024,,,,,,NeRF-Texture: Synthesizing Neural Radiance Field Textures
Paper:2412.10431,Paper:2412.10431,Paper,Paper,1,62,2024,,,,,,CUPS: Improving Human Pose-Shape Estimators with Conformalized Deep Uncertainty
Paper:2412.11033,Paper:2412.11033,Paper,Paper,,,2024,,,,,,AURORA: Automated Unleash of 3D Room Outlines for VR Applications
Paper:2412.11210,Paper:2412.11210,Paper,Paper,,,2024,,,,,,ViPOcc: Leveraging Visual Priors from Vision Foundation Models for Single-View 3D Occupancy Prediction
Paper:2412.11680,Paper:2412.11680,Paper,Paper,,,2024,,,,,,EGP3D: Edge-guided Geometric Preserving 3D Point Cloud Super-resolution for RGB-D camera
Paper:2412.12083,Paper:2412.12083,Paper,Paper,,,2024,,,,,,IDArb: Intrinsic Decomposition for Arbitrary Number of Input Views and Illuminations
Paper:2412.12091,Paper:2412.12091,Paper,Paper,,,2024,,,,,,Wonderland: Navigating 3D Scenes from a Single Image
Paper:2412.12392,Paper:2412.12392,Paper,Paper,,,2024,,,,,,MASt3R-SLAM: Real-Time Dense SLAM with 3D Reconstruction Priors
Paper:2412.12675,Paper:2412.12675,Paper,Paper,2,0,2024,,,,,,ShotVL: Human-Centric Highlight Frame Retrieval via Language Queries
Paper:2412.12685,Paper:2412.12685,Paper,Paper,,,2024,,,,,,SemStereo: Semantic-Constrained Stereo Matching Network for Remote Sensing
Paper:2412.13047,Paper:2412.13047,Paper,Paper,,,2024,,,,,,Gaussian Splatting for Efficient Satellite Image Photogrammetry
Paper:2412.13058,Paper:2412.13058,Paper,Paper,4,82,2024,,,,,,CondiMen: Conditional Multi-Person Mesh Recovery
Paper:2412.13244,Paper:2412.13244,Paper,Paper,,,2024,,,,,,iRBSM: A Deep Implicit 3D Breast Shape Model
Paper:2412.13502,Paper:2412.13502,Paper,Paper,1,82,2024,,,,,,Level-Set Parameters: Novel Representation for 3D Shape Analysis
Paper:2412.13547,Paper:2412.13547,Paper,Paper,,,2024,,,,,,Turbo-GS: Accelerating 3D Gaussian Fitting for High-Quality Radiance Fields
Paper:2412.13848,Paper:2412.13848,Paper,Paper,,,2024,,,,,,MobiFuse: A High-Precision On-device Depth Perception System with Multi-Data Fusion
Paper:2412.14166,Paper:2412.14166,Paper,Paper,,,2024,,,,,,MegaSynth: Scaling Up 3D Scene Reconstruction with Synthesized Data
Paper:2412.14568,Paper:2412.14568,Paper,Paper,,,2024,,,,,,Improving Geometry in Sparse-View 3DGS via Reprojection-based DoF Separation
Paper:2412.14579,Paper:2412.14579,Paper,Paper,,,2024,,,,,,GSRender: Deduplicated Occupancy Prediction via Weakly Supervised 3D Gaussian Splatting
Paper:2412.15199,Paper:2412.15199,Paper,Paper,,,2024,,,,,,LiDAR-RT: Gaussian-based Ray Tracing for Dynamic LiDAR Re-simulation
Paper:2412.15278,Paper:2412.15278,Paper,Paper,,,2024,,,,,,DreaMark: Rooting Watermark in Score Distillation Sampling Generated Neural Radiance Fields
Paper:2412.15447,Paper:2412.15447,Paper,Paper,,,2024,,,,,,LiHi-GS: LiDAR-Supervised Gaussian Splatting for Highway Driving Scene Reconstruction
Paper:2412.15890,Paper:2412.15890,Paper,Paper,,,2024,,,,,,NeuroPump: Simultaneous Geometric and Color Rectification for Underwater Images
Paper:2412.16155,Paper:2412.16155,Paper,Paper,8,66,2024,,,,,,Can Generative Video Models Help Pose Estimation?
Paper:2412.16742,Paper:2412.16742,Paper,Paper,4,50,2024,,,,,,EasyVis2: A Real Time Multi-view 3D Visualization System for Laparoscopic Surgery Training Enhanced by a Deep Neural Network YOLOv8-Pose
Paper:2412.17769,Paper:2412.17769,Paper,Paper,,,2024,,,,,,ActiveGS: Active Scene Reconstruction Using Gaussian Splatting
Paper:2412.17806,Paper:2412.17806,Paper,Paper,24,72,2024,,,,,,"Reconstructing People, Places, and Cameras"
Paper:2412.18862,Paper:2412.18862,Paper,Paper,,,2024,,,,,,WeatherGS: 3D Scene Reconstruction in Adverse Weather Conditions via Gaussian Splatting
Paper:2412.19089,Paper:2412.19089,Paper,Paper,5,54,2024,,,,,,Humans as a Calibration Pattern: Dynamic 3D Scene Reconstruction from Unsynchronized and Uncalibrated Videos
Paper:2412.19130,Paper:2412.19130,Paper,Paper,,,2024,,,,,,MVS-GS: High-Quality 3D Gaussian Splatting Mapping via Online Multi-View Stereo
Paper:2412.19676,Paper:2412.19676,Paper,Paper,2,63,2024,,,,,,Optimizing Local-Global Dependencies for Accurate 3D Human Pose Estimation
Paper:2412.19920,Paper:2412.19920,Paper,Paper,,,2024,,,,,,Not all Views are Created Equal: Analyzing Viewpoint Instabilities in Vision Foundation Models
Paper:2412.20082,Paper:2412.20082,Paper,Paper,10,66,2024,,,,,,MambaVO: Deep Visual Odometry Based on Sequential Matching Refinement and Training Smoothing
Paper:2412.20767,Paper:2412.20767,Paper,Paper,0,0,2024,,,,,,KeyGS: A Keyframe-Centric Gaussian Splatting Method for Monocular Image Sequences
Paper:2412.20830,Paper:2412.20830,Paper,Paper,4,47,2024,,,,,,ReFlow6D: Refraction-Guided Transparent Object 6D Pose Estimation via Intermediate Representation Learning
Paper:2412.20976,Paper:2412.20976,Paper,Paper,0,39,2024,,,,,,Hierarchical Pose Estimation and Mapping with Multi-Scale Neural Feature Fields
Paper:2501.00265,Paper:2501.00265,Paper,Paper,,,2024,,,,,,Outlier-Robust Training of Machine Learning Models
Paper:2501.00352,Paper:2501.00352,Paper,Paper,,,2024,,,,,,PanoSLAM: Panoptic 3D Scene Reconstruction via Gaussian SLAM
Paper:2501.00510,Paper:2501.00510,Paper,Paper,13,48,2024,,,,,,"VinT-6D: A Large-Scale Object-in-hand Dataset from Vision, Touch and Proprioception"
Paper:2501.00657,Paper:2501.00657,Paper,Paper,1,20,2024,,,,,,Relative Pose Observability Analysis Using Dual Quaternions
Paper:2501.01993,Paper:2501.01993,Paper,Paper,1,58,2024,,,,,,A Novel Convolution and Attention Mechanism-based Model for 6D Object Pose Estimation
Paper:2509.11171,Paper:2509.11171,Paper,Paper,,,2025,,,,,,SPHERE: Semantic-PHysical Engaged REpresentation for 3D Semantic Scene Completion
Paper:2509.11411,Paper:2509.11411,Paper,Paper,,,2025,,,,,,On the Skinning of Gaussian Avatars
Paper:2509.12458,Paper:2509.12458,Paper,Paper,,,2025,,,,,,Neural 3D Object Reconstruction with Small-Scale Unmanned Aerial Vehicles
Paper:2509.15123,Paper:2509.15123,Paper,Paper,,,2025,,,,,,RGB-Only Supervised Camera Parameter Optimization in Dynamic Scenes
Paper:2509.15242,Paper:2509.15242,Paper,Paper,,,2025,,,,,,ProFusion: 3D Reconstruction of Protein Complex Structures from Multi-view AFM Images
Paper:2510.00592,Paper:2510.00592,Paper,Paper,,,2025,,,,,,Multi-level Dynamic Style Transfer for NeRFs
Paper:2510.08491,Paper:2510.08491,Paper,Paper,,,2025,,,,,,Splat the Net: Radiance Fields with Splattable Neural Primitives
Paper:2510.10993,Paper:2510.10993,Paper,Paper,,,2025,,,,,,Perspective-aware 3D Gaussian Inpainting with Multi-view Consistency
Paper:2510.21441,Paper:2510.21441,Paper,Paper,,,2025,,,,,,OpenHype: Hyperbolic Embeddings for Hierarchical Open-Vocabulary Radiance Fields
Paper:2510.27318,Paper:2510.27318,Paper,Paper,,,2025,,,,,,SAGS: Self-Adaptive Alias-Free Gaussian Splatting for Dynamic Surgical Endoscopic Reconstruction
Paper:2511.02277,Paper:2511.02277,Paper,Paper,0,33,2025,,,,,,Are Euler angles a useful rotation parameterisation for pose estimation with Normalizing Flows?
Paper:2511.04283,Paper:2511.04283,Paper,Paper,,,2025,,,,,,FastGS: Training 3D Gaussian Splatting in 100 Seconds
Paper:2511.05404,Paper:2511.05404,Paper,Paper,1,37,2025,,,,,,Multi-modal Loop Closure Detection with Foundation Models in Severely Unstructured Environments
Paper:2511.06408,Paper:2511.06408,Paper,Paper,,,2025,,,,,,VDNeRF: Vision-only Dynamic Neural Radiance Field for Urban Scenes
Paper:2511.06457,Paper:2511.06457,Paper,Paper,,,2025,,,,,,Inpaint360GS: Efficient Object-Aware 3D Inpainting via Gaussian Splatting for 360° Scenes
Paper:2511.07552,Paper:2511.07552,Paper,Paper,,,2025,,,,,,LiveNeRF: Efficient Face Replacement Through Neural Radiance Fields Integration
Paper:2511.08294,Paper:2511.08294,Paper,Paper,0,59,2025,,,,,,SkelSplat: Robust Multi-view 3D Human Pose Estimation with Differentiable Gaussian Rendering
Paper:2511.08545,Paper:2511.08545,Paper,Paper,,,2025,,,,,,RePose-NeRF: Robust Radiance Fields for Mesh Reconstruction under Noisy Camera Poses
Paper:2511.08809,Paper:2511.08809,Paper,Paper,0,45,2025,,,,,,Adaptive graph Kolmogorov-Arnold network for 3D human pose estimation
Paper:2511.09022,Paper:2511.09022,Paper,Paper,1,72,2025,,,,,,RadHARSimulator V2: Video to Doppler Generator
Paper:2511.09072,Paper:2511.09072,Paper,Paper,1,0,2025,,,,,,SMF-VO: Direct Ego-Motion Estimation via Sparse Motion Fields
Paper:2511.10647,Paper:2511.10647,Paper,Paper,306,119,2025,,,,,,Depth Anything 3: Recovering the Visual Space from Any Views
Paper:2511.11307,Paper:2511.11307,Paper,Paper,1,0,2025,,,,,,6D Strawberry Pose Estimation: Real-time and Edge AI Solutions Using Purely Synthetic Training Data
Paper:2511.12030,Paper:2511.12030,Paper,Paper,0,45,2025,,,,,,VPHO: Joint Visual-Physical Cue Learning and Aggregation for Hand-Object Pose Estimation
Paper:2511.12241,Paper:2511.12241,Paper,Paper,0,0,2025,,,,,,AURA: Development and Validation of an Augmented Unplanned Removal Alert System using Synthetic ICU Videos
Paper:2511.12935,Paper:2511.12935,Paper,Paper,0,52,2025,,,,,,PFAvatar: Pose-Fusion 3D Personalized Avatar Reconstruction from Real-World Outfit-of-the-Day Photos
Paper:2511.13208,Paper:2511.13208,Paper,Paper,2,41,2025,,,,,,End-to-End Multi-Person Pose Estimation with Pose-Aware Video Transformer
Paper:2511.13216,Paper:2511.13216,Paper,Paper,3,70,2025,,,,,,GaRLILEO: Gravity-aligned Radar-Leg-Inertial Enhanced Odometry
Paper:2511.13857,Paper:2511.13857,Paper,Paper,0,0,2025,,,,,,RSPose: Ranking Based Losses for Human Pose Estimation
Paper:2511.14149,Paper:2511.14149,Paper,Paper,1,41,2025,,,,,,iGaussian: Real-Time Camera Pose Estimation via Feed-Forward 3D Gaussian Splatting Inversion
Paper:2511.14322,Paper:2511.14322,Paper,Paper,1,0,2025,,,,,,LSP-YOLO: A Lightweight Single-Stage Network for Sitting Posture Recognition on Embedded Devices
Paper:2511.15565,Paper:2511.15565,Paper,Paper,0,43,2025,,,,,,Scriboora: Rethinking Human Pose Forecasting
Paper:2511.15874,Paper:2511.15874,Paper,Paper,0,55,2025,,,,,,WALDO: Where Unseen Model-based 6D Pose Estimation Meets Occlusion
Paper:2511.16418,Paper:2511.16418,Paper,Paper,0,35,2025,,,,,,End-to-End Motion Capture from Rigid Body Markers with Geodesic Loss
Paper:2511.16494,Paper:2511.16494,Paper,Paper,4,28,2025,,,,,,Physics-Informed Machine Learning for Efficient Sim-to-Real Data Augmentation in Micro-Object Pose Estimation
Paper:2511.16542,Paper:2511.16542,Paper,Paper,2,36,2025,,,,,,EOGS++: Earth Observation Gaussian Splatting with Internal Camera Refinement and Direct Panchromatic Rendering
Paper:2511.17306,Paper:2511.17306,Paper,Paper,0,62,2025,,,,,,BiFingerPose: Bimodal Finger Pose Estimation for Touch Devices
Paper:2511.17309,Paper:2511.17309,Paper,Paper,0,76,2025,,,,,,MuM: Multi-View Masked Image Modeling for 3D Vision
Paper:2511.18115,Paper:2511.18115,Paper,Paper,0,51,2025,,,,,,Muskie: Multi-view Masked Image Modeling for 3D Vision Pre-training
Paper:2511.18293,Paper:2511.18293,Paper,Paper,,,2025,,,,,,AIA-UltraNeRF:Acoustic-Impedance-Aware Neural Radiance Field with Hash Encodings for Robotic Ultrasound Reconstruction and Localization
Paper:2511.18702,Paper:2511.18702,Paper,Paper,1,41,2025,,,,,,CNN-Based Camera Pose Estimation and Localisation of Scan Images for Aircraft Visual Inspection
Paper:2511.18851,Paper:2511.18851,Paper,Paper,0,42,2025,,,,,,Robust Long-term Test-Time Adaptation for 3D Human Pose Estimation through Motion Discretization
Paper:2511.19511,Paper:2511.19511,Paper,Paper,0,50,2025,,,,,,The Determinant Ratio Matrix Approach to Solving 3D Matching and 2D Orthographic Projection Alignment Tasks
Paper:2511.19542,Paper:2511.19542,Paper,Paper,,,2025,,,,,,Proxy-Free Gaussian Splats Deformation with Splat-Based Surface Estimation
Paper:2511.19971,Paper:2511.19971,Paper,Paper,16,45,2025,,,,,,VGGT4D: Mining Motion Cues in Visual Geometry Transformers for 4D Scene Reconstruction
Paper:2511.20496,Paper:2511.20496,Paper,Paper,0,44,2025,,,,,,"Metric, inertially aligned monocular state estimation via kinetodynamic priors"
Paper:2511.20804,Paper:2511.20804,Paper,Paper,,,2025,,,,,,$Δ$-NeRF: Incremental Refinement of Neural Radiance Fields through Residual Control and Knowledge Transfer
Paper:2511.21575,Paper:2511.21575,Paper,Paper,0,16,2025,,,,,,Enhanced Landmark Detection Model in Pelvic Fluoroscopy using 2D/3D Registration Loss
Paper:2511.21681,Paper:2511.21681,Paper,Paper,3,90,2025,,,,,,Seeing without Pixels: Perception from Camera Trajectories
Paper:2511.22404,Paper:2511.22404,Paper,Paper,1,42,2025,,,,,,UAV-MM3D: A Large-Scale Synthetic Benchmark for 3D Perception of Unmanned Aerial Vehicles with Multi-Modal Data
Paper:2511.22686,Paper:2511.22686,Paper,Paper,0,68,2025,,,,,,Emergent Extreme-View Geometry in 3D Foundation Models
Paper:2511.22939,Paper:2511.22939,Paper,Paper,,,2025,,,,,,DenoiseGS: Gaussian Reconstruction Model for Burst Denoising
Paper:2511.23030,Paper:2511.23030,Paper,Paper,1,22,2025,,,,,,DiskChunGS: Large-Scale 3D Gaussian SLAM Through Chunk-Based Memory Management
Paper:2512.00493,Paper:2512.00493,Paper,Paper,0,89,2025,,,,,,CC-FMO: Camera-Conditioned Zero-Shot Single Image to 3D Scene Generation with Foundation Model Orchestration
Paper:2512.01204,Paper:2512.01204,Paper,Paper,,,2025,,,,,,TabletopGen: Instance-Level Interactive 3D Tabletop Scene Generation from Text or Single Image
Paper:2512.02017,Paper:2512.02017,Paper,Paper,,,2025,,,,,,Visual Sync: Multi-Camera Synchronization via Cross-View Object Motion
Paper:2512.02375,Paper:2512.02375,Paper,Paper,,,2025,,,,,,On-the-fly Feedback SfM: Online Explore-and-Exploit UAV Photogrammetry with Incremental Mesh Quality-Aware Indicator and Predictive Path Planning
Paper:2512.02664,Paper:2512.02664,Paper,Paper,,,2025,,,,,,PolarGuide-GSDR: 3D Gaussian Splatting Driven by Polarization Priors and Deferred Reflection for Real-World Reflective Scenes
Paper:2512.02727,Paper:2512.02727,Paper,Paper,1,90,2025,,,,,,DF-Mamba: Deformable State Space Modeling for 3D Hand Pose Estimation in Interactions
Paper:2512.03000,Paper:2512.03000,Paper,Paper,8,89,2025,,,,,,DynamicVerse: A Physically-Aware Multimodal Framework for 4D World Modeling
Paper:2512.03522,Paper:2512.03522,Paper,Paper,0,31,2025,,,,,,MSG-Loc: Multi-Label Likelihood-based Semantic Graph Matching for Object-Level Global Localization
Paper:2512.03962,Paper:2512.03962,Paper,Paper,,,2025,,,,,,Tada-DIP: Input-adaptive Deep Image Prior for One-shot 3D Image Reconstruction
Paper:2512.04528,Paper:2512.04528,Paper,Paper,,,2025,,,,,,Auto3R: Automated 3D Reconstruction and Scanning via Data-driven Uncertainty Quantification
Paper:2512.04862,Paper:2512.04862,Paper,Paper,0,24,2025,,,,,,Contact-Aware Refinement of Human Pose Pseudo-Ground Truth via Bioimpedance Sensing
Paper:2512.04890,Paper:2512.04890,Paper,Paper,0,88,2025,,,,,,Equivariant symmetry-aware head pose estimation for fetal MRI
Paper:2512.05113,Paper:2512.05113,Paper,Paper,,,2025,,,,,,Splannequin: Freezing Monocular Mannequin-Challenge Footage with Dual-Detection Splatting
Paper:2512.05259,Paper:2512.05259,Paper,Paper,0,57,2025,,,,,,Age-Inclusive 3D Human Mesh Recovery for Action-Preserving Data Anonymization
Paper:2512.05272,Paper:2512.05272,Paper,Paper,,,2025,,,,,,Inferring Compositional 4D Scenes without Ever Seeing One
Paper:2512.06147,Paper:2512.06147,Paper,Paper,5,88,2025,,,,,,GuideNav: User-Informed Development of a Vision-Only Robotic Navigation Assistant For Blind Travelers
Paper:2512.06438,Paper:2512.06438,Paper,Paper,,,2025,,,,,,AGORA: Adversarial Generation Of Real-time Animatable 3D Gaussian Head Avatars
Paper:2512.06565,Paper:2512.06565,Paper,Paper,1,38,2025,,,,,,GNC-Pose: Geometry-Aware GNC-PnP for Accurate 6D Pose Estimation
Paper:2512.06868,Paper:2512.06868,Paper,Paper,0,58,2025,,,,,,Dynamic Visual SLAM using a General 3D Prior
Paper:2512.07197,Paper:2512.07197,Paper,Paper,,,2025,,,,,,SUCCESS-GS: Survey of Compactness and Compression for Efficient Static and Dynamic Gaussian Splatting
Paper:2512.07215,Paper:2512.07215,Paper,Paper,0,18,2025,,,,,,VFM-VLM: Vision Foundation Model and Vision Language Model based Visual Comparison for 3D Pose Estimation
Paper:2512.07381,Paper:2512.07381,Paper,Paper,,,2025,,,,,,Tessellation GS: Neural Mesh Gaussians for Robust Monocular Reconstruction of Dynamic Objects
Paper:2512.07527,Paper:2512.07527,Paper,Paper,,,2025,,,,,,From Orbit to Ground: Generative City Photogrammetry from Extreme Off-Nadir Satellite Images
Paper:2512.07756,Paper:2512.07756,Paper,Paper,0,29,2025,,,,,,UltrasODM: A Dual Stream Optical Flow Mamba Network for 3D Freehand Ultrasound Reconstruction
Paper:2512.08215,Paper:2512.08215,Paper,Paper,,,2025,,,,,,Blur2Sharp: Human Novel Pose and View Synthesis with Generative Prior Refinement
Paper:2512.08271,Paper:2512.08271,Paper,Paper,0,6,2025,,,,,,Zero-Splat TeleAssist: A Zero-Shot Pose Estimation Framework for Semantic Teleoperation
Paper:2512.08430,Paper:2512.08430,Paper,Paper,0,40,2025,,,,,,SDT-6D: Fully Sparse Depth-Transformer for Staged End-to-End 6D Pose Estimation in Industrial Multi-View Bin Picking
Paper:2512.09056,Paper:2512.09056,Paper,Paper,0,57,2025,,,,,,ConceptPose: Training-Free Zero-Shot Object Pose Estimation using Concept Vectors
Paper:2512.09792,Paper:2512.09792,Paper,Paper,2,36,2025,,,,,,FastPose-ViT: A Vision Transformer for Real-Time Spacecraft Pose Estimation
Paper:2512.10251,Paper:2512.10251,Paper,Paper,0,37,2025,,,,,,THE-Pose: Topological Prior with Hybrid Graph Fusion for Estimating Category-Level 6D Object Pose
Paper:2512.10293,Paper:2512.10293,Paper,Paper,,,2025,,,,,,Physically Aware 360$^\circ$ View Generation from a Single Image using Disentangled Scene Embeddings
Paper:2512.10321,Paper:2512.10321,Paper,Paper,1,61,2025,,,,,,Point2Pose: A Generative Framework for 3D Human Pose Estimation with Multi-View Point Cloud Dataset
Paper:2512.10674,Paper:2512.10674,Paper,Paper,0,40,2025,,,,,,Geo6DPose: Fast Zero-Shot 6D Object Pose Estimation via Geometry-Filtered Feature Matching
Paper:2512.10840,Paper:2512.10840,Paper,Paper,0,73,2025,,,,,,PoseGAM: Robust Unseen Object Pose Estimation via Geometry-Aware Multi-View Reasoning
Paper:2512.10950,Paper:2512.10950,Paper,Paper,12,86,2025,,,,,,E-RayZer: Self-supervised 3D Reconstruction as Spatial Visual Pre-training
Paper:2512.10957,Paper:2512.10957,Paper,Paper,1,59,2025,,,,,,SceneMaker: Open-set 3D Scene Generation with Decoupled De-occlusion and Pose Estimation Model
Paper:2512.11354,Paper:2512.11354,Paper,Paper,0,71,2025,,,,,,A Multi-Mode Structured Light 3D Imaging System with Multi-Source Information Fusion for Underwater Pipeline Detection
Paper:2512.11894,Paper:2512.11894,Paper,Paper,0,40,2025,,,,,,mmWEAVER: Environment-Specific mmWave Signal Synthesis from a Photo and Activity Description
Paper:2512.12165,Paper:2512.12165,Paper,Paper,0,74,2025,,,,,,Audio-Visual Camera Pose Estimation with Passive Scene Sounds and In-the-Wild Video
Paper:2512.12683,Paper:2512.12683,Paper,Paper,,,2025,,,,,,Quantum Implicit Neural Representations for 3D Scene Reconstruction and Novel View Synthesis
Paper:2512.12898,Paper:2512.12898,Paper,Paper,,,2025,,,,,,Towards High-Fidelity Gaussian Splatting with Queried-Convolution Neural Networks
Paper:2512.13122,Paper:2512.13122,Paper,Paper,,,2025,,,,,,DePT3R: Joint Dense Point Tracking and 3D Reconstruction of Dynamic Scenes in a Single Forward Pass
Paper:2512.13680,Paper:2512.13680,Paper,Paper,4,72,2025,,,,,,LASER: Layer-wise Scale Alignment for Training-Free Streaming 4D Reconstruction
Paper:2512.14095,Paper:2512.14095,Paper,Paper,,,2025,,,,,,AnchorHOI: Zero-shot Generation of 4D Human-Object Interaction via Anchor-based Prior Distillation
Paper:2512.14352,Paper:2512.14352,Paper,Paper,,,2025,,,,,,HGS: Hybrid Gaussian Splatting with Static-Dynamic Decomposition for Compact Dynamic View Synthesis
Paper:2512.14406,Paper:2512.14406,Paper,Paper,,,2025,,,,,,Broadening View Synthesis of Dynamic Scenes from Constrained Monocular Videos
Paper:2512.14696,Paper:2512.14696,Paper,Paper,,,2025,,,,,,CRISP: Contact-Guided Real2Sim from Monocular Video with Planar Scene Primitives
Paper:2512.15048,Paper:2512.15048,Paper,Paper,,,2025,,,,,,MVGSR: Multi-View Consistent 3D Gaussian Super-Resolution via Epipolar Guidance
Paper:2512.15080,Paper:2512.15080,Paper,Paper,0,29,2025,,,,,,NAP3D: NeRF Assisted 3D-3D Pose Alignment for Autonomous Vehicles
Paper:2512.15542,Paper:2512.15542,Paper,Paper,2,39,2025,,,,,,BLANKET: Anonymizing Faces in Infant Video Recordings
Paper:2512.15608,Paper:2512.15608,Paper,Paper,0,33,2025,,,,,,Robust Multi-view Camera Calibration from Dense Matches
Paper:2512.16089,Paper:2512.16089,Paper,Paper,0,37,2025,,,,,,LAPX: Lightweight Hourglass Network with Global Context
Paper:2512.16199,Paper:2512.16199,Paper,Paper,0,48,2025,,,,,,Avatar4D: Synthesizing Domain-Specific 4D Humans for Real-World Pose Estimation
Paper:2512.16564,Paper:2512.16564,Paper,Paper,,,2025,,,,,,4D Primitive-Mâché: Glueing Primitives for Persistent 4D Scene Reconstruction
Paper:2512.16893,Paper:2512.16893,Paper,Paper,,,2025,,,,,,Instant Expressive Gaussian Head Avatar via 3D-Aware Expression Distillation
Paper:2512.17188,Paper:2512.17188,Paper,Paper,10,51,2025,,,,,,Globally Optimal Solution to the Generalized Relative Pose Estimation Problem using Affine Correspondences
Paper:2512.17505,Paper:2512.17505,Paper,Paper,2,96,2025,,,,,,Adaptive Covariance and Quaternion-Focused Hybrid Error-State EKF/UKF for Visual-Inertial Odometry
Paper:2512.17547,Paper:2512.17547,Paper,Paper,1,77,2025,,,,,,G3Splat: Geometrically Consistent Generalizable Gaussian Splatting
Paper:2512.17773,Paper:2512.17773,Paper,Paper,,,2025,,,,,,Pix2NPHM: Learning to Regress NPHM Reconstructions From a Single Image
Paper:2512.18068,Paper:2512.18068,Paper,Paper,2,41,2025,,,,,,SurgiPose: Estimating Surgical Tool Kinematics from Monocular Video for Surgical Robot Learning
Paper:2512.18237,Paper:2512.18237,Paper,Paper,,,2025,,,,,,"Joint Learning of Depth, Pose, and Local Radiance Field for Large Scale Monocular 3D Reconstruction"
Paper:2512.18314,Paper:2512.18314,Paper,Paper,,,2025,,,,,,MatSpray: Fusing 2D Material World Knowledge on 3D Geometry
Paper:2512.18331,Paper:2512.18331,Paper,Paper,0,44,2025,,,,,,A two-stream network with global-local feature fusion for bone age assessment
Paper:2512.18640,Paper:2512.18640,Paper,Paper,,,2025,,,,,,Geometric-Photometric Event-based 3D Gaussian Ray Tracing
Paper:2512.19058,Paper:2512.19058,Paper,Paper,2,40,2025,,,,,,6DAttack: Backdoor Attacks in the 6DoF Pose Estimation
Paper:2512.19110,Paper:2512.19110,Paper,Paper,4,36,2025,,,,,,Trifocal Tensor and Relative Pose Estimation with Known Vertical Direction
Paper:2512.20128,Paper:2512.20128,Paper,Paper,1,41,2025,,,,,,milliMamba: Specular-Aware Human Pose Estimation via Dual mmWave Radar with Multi-Frame Mamba Fusion
Paper:2512.20129,Paper:2512.20129,Paper,Paper,,,2025,,,,,,"Dreamcrafter: Immersive Editing of 3D Radiance Fields Through Flexible, Generative Inputs and Outputs"
Paper:2512.20531,Paper:2512.20531,Paper,Paper,0,64,2025,,,,,,SirenPose: Dynamic Scene Reconstruction via Geometric Supervision
Paper:2512.20538,Paper:2512.20538,Paper,Paper,0,62,2025,,,,,,AlignPose: Generalizable 6D Pose Estimation via Multi-view Feature-metric Alignment
Paper:2512.21054,Paper:2512.21054,Paper,Paper,1,66,2025,,,,,,DexAvatar: 3D Sign Language Reconstruction with Hand and Body Pose Priors
Paper:2512.21513,Paper:2512.21513,Paper,Paper,,,2025,,,,,,MuS-Polar3D: A Benchmark Dataset for Computational Polarimetric 3D Imaging under Multi-Scattering Conditions
Paper:2512.21883,Paper:2512.21883,Paper,Paper,5,80,2025,,,,,,Reloc-VGGT: Visual Re-localization with Geometry Grounded Transformer
Paper:2512.22228,Paper:2512.22228,Paper,Paper,0,10,2025,,,,,,KAN-FPN-Stem:A KAN-Enhanced Feature Pyramid Stem for Boosting ViT-based Pose Estimation
Paper:2512.22833,Paper:2512.22833,Paper,Paper,0,48,2025,,,,,,A Minimal Solver for Relative Pose Estimation with Unknown Focal Length from Two Affine Correspondences
Paper:2512.22979,Paper:2512.22979,Paper,Paper,0,21,2025,,,,,,PoseStreamer: A Multi-modal Framework for 3D Tracking of Unseen Moving Objects
Paper:2512.23365,Paper:2512.23365,Paper,Paper,,,2025,,,,,,SpatialMosaic: A Multiview VLM Dataset for Partial Visibility
Paper:2512.23369,Paper:2512.23369,Paper,Paper,9,41,2025,,,,,,MGCA-Net: Multi-Graph Contextual Attention Network for Two-View Correspondence Learning
Paper:2512.24212,Paper:2512.24212,Paper,Paper,,,2025,,,,,,RANGER: A Monocular Zero-Shot Semantic Navigation Framework through Visual Contextual Adaptation
Paper:2512.24384,Paper:2512.24384,Paper,Paper,0,38,2025,,,,,,Geometric Multi-Session Map Merging with Learned Local Descriptors
Paper:2512.24592,Paper:2512.24592,Paper,Paper,0,39,2025,,,,,,SliceLens: Fine-Grained and Grounded Error Slice Discovery for Multi-Instance Vision Tasks
Paper:2512.24620,Paper:2512.24620,Paper,Paper,1,44,2025,,,,,,LLHA-Net: A Hierarchical Attention Network for Two-View Correspondence Learning
Paper:2512.24688,Paper:2512.24688,Paper,Paper,2,89,2025,,,,,,CREPES-X: Hierarchical Bearing-Distance-Inertial Direct Cooperative Relative Pose Estimation System
Paper:2512.24763,Paper:2512.24763,Paper,Paper,,,2025,,,,,,UniC-Lift: Unified 3D Instance Segmentation via Contrastive Learning
Paper:2512.25073,Paper:2512.25073,Paper,Paper,,,2025,,,,,,GaMO: Geometry-aware Multi-view Diffusion Outpainting for Sparse-View 3D Reconstruction
Paper:2601.03869,Paper:2601.03869,Paper,Paper,,,2026,,,,,,Bayesian Monocular Depth Refinement via Neural Radiance Fields
Paper:2601.04860,Paper:2601.04860,Paper,Paper,,,2026,,,,,,DivAS: Interactive 3D Segmentation of NeRFs via Depth-Weighted Voxel Aggregation
Paper:2601.05250,Paper:2601.05250,Paper,Paper,,,2026,,,,,,QNeRF: Neural Radiance Fields on a Simulated Gate-Based Quantum Computer
Paper:2601.07242,Paper:2601.07242,Paper,Paper,,,2026,,,,,,HERE: Hierarchical Active Exploration of Radiance Field with Epistemic Uncertainty Minimization
Paper:2601.11030,Paper:2601.11030,Paper,Paper,7,3,2026,,,,,,IDDR-NGP: Incorporating Detectors for Distractor Removal with Instant Neural Radiance Field
Paper:2601.12823,Paper:2601.12823,Paper,Paper,1,55,2026,,,,,,TreeDGS: Aerial Gaussian Splatting for Distant DBH Measurement
Paper:2601.14821,Paper:2601.14821,Paper,Paper,1,80,2026,,,,,,POTR: Post-Training 3DGS Compression
Paper:2601.14875,Paper:2601.14875,Paper,Paper,0,79,2026,,,,,,GAT-NeRF: Geometry-Aware-Transformer Enhanced Neural Radiance Fields for High-Fidelity 4D Facial Avatars
Paper:2601.15475,Paper:2601.15475,Paper,Paper,0,61,2026,,,,,,Seeing through Light and Darkness: Sensor-Physics Grounded Deblurring HDR NeRF from Single-Exposure Images and Events
Paper:2601.15951,Paper:2601.15951,Paper,Paper,2,81,2026,,,,,,EVolSplat4D: Efficient Volume-based Gaussian Splatting for 4D Urban Scene Synthesis
Paper:2601.16487,Paper:2601.16487,Paper,Paper,0,22,2026,,,,,,Multi-View Consistent Wound Segmentation With Neural Fields
Paper:2601.17350,Paper:2601.17350,Paper,Paper,0,0,2026,,,,,,NeRF-MIR: Towards High-Quality Restoration of Masked Images with Neural Radiance Fields
Paper:2601.17866,Paper:2601.17866,Paper,Paper,0,47,2026,,,,,,MV-SAM: Multi-view Promptable Segmentation using Pointmap Guidance
Paper:2601.18849,Paper:2601.18849,Paper,Paper,0,31,2026,,,,,,Audio-Driven Talking Face Generation with Blink Embedding and Hash Grid Landmarks Encoding
Paper:2601.19216,Paper:2601.19216,Paper,Paper,2,42,2026,,,,,,Bridging Visual and Wireless Sensing via a Unified Radiation Field for 3D Radio Map Construction
Paper:2601.19753,Paper:2601.19753,Paper,Paper,0,67,2026,,,,,,WaterClear-GS: Optical-Aware Gaussian Splatting for Underwater Reconstruction and Restoration
Paper:2601.20857,Paper:2601.20857,Paper,Paper,1,56,2026,,,,,,FreeFix: Boosting 3D Gaussian Splatting via Fine-Tuning-Free Diffusion Models
Paper:2601.21269,Paper:2601.21269,Paper,Paper,0,38,2026,,,,,,Lightweight High-Fidelity Low-Bitrate Talking Face Compression for 3D Video Conference
Paper:2601.21421,Paper:2601.21421,Paper,Paper,0,15,2026,,,,,,From Implicit Ambiguity to Explicit Solidity: Diagnosing Interior Geometric Degradation in Neural Radiance Fields for Dense 3D Scene Understanding
Paper:2601.22808,Paper:2601.22808,Paper,Paper,1,25,2026,,,,,,Diachronic Stereo Matching for Multi-Date Satellite Imagery
Paper:2601.22861,Paper:2601.22861,Paper,Paper,0,45,2026,,,,,,Under-Canopy Terrain Reconstruction in Dense Forests Using RGB Imaging and Neural 3D Reconstruction
Paper:2601.23065,Paper:2601.23065,Paper,Paper,0,77,2026,,,,,,EAG-PT: Emission-Aware Gaussians and Path Tracing for Diffuse Indoor Scene Reconstruction and Editing
Paper:2602.03327,Paper:2602.03327,Paper,Paper,0,34,2026,,,,,,Pi-GS: Sparse-View Gaussian Splatting with Dense π^3 Initialization
Paper:2602.05321,Paper:2602.05321,Paper,Paper,0,97,2026,,,,,,Wid3R: Wide Field-of-View 3D Reconstruction via Camera Model Conditioning
Paper:2602.05423,Paper:2602.05423,Paper,Paper,0,48,2026,,,,,,NeVStereo: A NeRF-Driven NVS-Stereo Architecture for High-Fidelity 3D Tasks
Paper:2602.05822,Paper:2602.05822,Paper,Paper,0,40,2026,,,,,,NVS-HO: A Benchmark for Novel View Synthesis of Handheld Objects
Paper:2602.06044,Paper:2602.06044,Paper,Paper,,,2025,,,,,,COSMOS: Coherent Supergaussian Modeling with Spatial Priors for Sparse-View 3D Splatting
Paper:2602.06488,Paper:2602.06488,Paper,Paper,0,51,2026,,,,,,Rebenchmarking Unsupervised Monocular 3D Occupancy Prediction
Paper:2602.08029,Paper:2602.08029,Paper,Paper,0,48,2026,,,,,,Dynamic Black-hole Emission Tomography with Physics-informed Neural Fields
Paper:2602.08724,Paper:2602.08724,Paper,Paper,0,55,2026,,,,,,Rotated Lights for Consistent and Efficient 2D Gaussians Inverse Rendering
Paper:2602.10943,Paper:2602.10943,Paper,Paper,0,6,2026,,,,,,Towards Learning a Generalizable 3D Scene Representation from 2D Observations
Paper:2602.13549,Paper:2602.13549,Paper,Paper,0,33,2026,,,,,,Nighttime Autonomous Driving Scene Reconstruction with Physically-Based Gaussian Splatting
Paper:2602.15775,Paper:2602.15775,Paper,Paper,0,30,2026,,,,,,NeRFscopy: Neural Radiance Fields for in-vivo Time-Varying Tissues from Endoscopy
Paper:2602.16337,Paper:2602.16337,Paper,Paper,0,16,2026,,,,,,Subtractive Modulative Network with Learnable Periodic Activations
Paper:2602.16713,Paper:2602.16713,Paper,Paper,0,12,2026,,,,,,Three-dimensional Damage Visualization of Civil Structures via Gaussian Splatting-enabled Digital Twins
Paper:2602.16950,Paper:2602.16950,Paper,Paper,0,46,2026,,,,,,HS-3D-NeRF: 3D Surface and Hyperspectral Reconstruction From Stationary Hyperspectral Images Using Multi-Channel NeRFs
Paper:2602.18322,Paper:2602.18322,Paper,Paper,6,107,2026,,,,,,Unifying Color and Lightness Correction with View-Adaptive Curve Adjustment for Robust 3D Novel View Synthesis
Paper:2602.18886,Paper:2602.18886,Paper,Paper,0,0,2026,,,,,,PhysConvex: Physics-Informed 3D Dynamic Convex Radiance Fields for Reconstruction and Simulation
Paper:2602.19916,Paper:2602.19916,Paper,Paper,0,50,2026,,,,,,Augmented Radiance Field: A General Framework for Enhanced Gaussian Splatting
Paper:2602.20063,Paper:2602.20063,Paper,Paper,0,13,2026,,,,,,Spherical Hermite Maps
Paper:2602.21101,Paper:2602.21101,Paper,Paper,1,70,2026,,,,,,Event-Aided Sharp Radiance Field Reconstruction for Fast-Flying Drones
Paper:2602.21645,Paper:2602.21645,Paper,Paper,1,52,2026,,,,,,Lie Flow: Video Dynamic Fields Modeling and Predicting with Lie Algebra as Geometric Physics Principle
Paper:2602.22209,Paper:2602.22209,Paper,Paper,4,71,2026,,,,,,WHOLE: World-Grounded Hand-Object Lifted from Egocentric Videos
Paper:2602.22731,Paper:2602.22731,Paper,Paper,0,41,2026,,,,,,Sapling-NeRF: Geo-Localised Sapling Reconstruction in Forests for Ecological Monitoring
Paper:2602.22941,Paper:2602.22941,Paper,Paper,0,24,2026,,,,,,Velocity and stroke rate reconstruction of canoe sprint team boats based on panned and zoomed video recordings
Paper:2602.23574,Paper:2602.23574,Paper,Paper,1,47,2026,,,,,,Evidential Neural Radiance Fields
Paper:2602.24096,Paper:2602.24096,Paper,Paper,2,53,2026,,,,,,DiffusionHarmonizer: Bridging Neural Reconstruction and Photorealistic Simulation with Online Diffusion Enhancer
Paper:2603.00805,Paper:2603.00805,Paper,Paper,1,63,2026,,,,,,NERFIFY: A Multi-Agent Framework for Turning NeRF Papers into Code
Paper:2603.00990,Paper:2603.00990,Paper,Paper,0,25,2026,,,,,,MLRecon: Robust Markerless Freehand 3D Ultrasound Reconstruction via Coarse-to-Fine Pose Estimation
Paper:2603.01720,Paper:2603.01720,Paper,Paper,0,28,2026,,,,,,Preoperative-to-intraoperative Liver Registration for Laparoscopic Surgery via Latent-Grounded Correspondence Constraints
Paper:2603.01850,Paper:2603.01850,Paper,Paper,0,28,2026,,,,,,Tiny-DroNeRF: Tiny Neural Radiance Fields aboard Federated Learning-enabled Nano-drones
Paper:2603.02582,Paper:2603.02582,Paper,Paper,0,43,2026,,,,,,Neural Electromagnetic Fields for High-Resolution Material Parameter Reconstruction
Paper:2603.02801,Paper:2603.02801,Paper,Paper,1,43,2026,,,,,,R3GW: Relightable 3D Gaussians for Outdoor Scenes in the Wild
Paper:2603.02986,Paper:2603.02986,Paper,Paper,1,77,2026,,,,,,VIRGi: View-dependent Instant Recoloring of 3D Gaussians Splats
Paper:2603.03627,Paper:2603.03627,Paper,Paper,0,26,2026,,,,,,Touch2Insert: Zero-Shot Peg Insertion by Touching Intersections of Peg and Hole
Paper:2603.04847,Paper:2603.04847,Paper,Paper,0,41,2026,,,,,,GloSplat: Joint Pose-Appearance Optimization for Faster and More Accurate 3D Reconstruction
Paper:2603.05078,Paper:2603.05078,Paper,Paper,4,62,2026,,,,,,MoRe: Motion-aware Feed-forward 4D Reconstruction Transformer
Paper:2603.05473,Paper:2603.05473,Paper,Paper,0,79,2026,,,,,,Towards 3D Scene Understanding of Gas Plumes in LWIR Hyperspectral Images Using Neural Radiance Fields
Paper:2603.05604,Paper:2603.05604,Paper,Paper,0,44,2026,,,,,,From Decoupled to Coupled: Robustness Verification for Learning-based Keypoint Detection with Joint Specifications
Paper:2603.05932,Paper:2603.05932,Paper,Paper,0,28,2026,,,,,,FTSplat: Feed-forward Triangle Splatting Network
Paper:2603.06190,Paper:2603.06190,Paper,Paper,0,27,2026,,,,,,DreamToNav: Generalizable Navigation for Robots via Generative Video Planning
Paper:2603.06956,Paper:2603.06956,Paper,Paper,0,27,2026,,,,,,Virtual Intraoperative CT (viCT): Sequential Anatomic Updates for Modeling Tissue Resection Throughout Endoscopic Sinus Surgery
Paper:2603.07691,Paper:2603.07691,Paper,Paper,1,49,2026,,,,,,RoboPCA: Pose-centered Affordance Learning from Human Demonstrations for Robot Manipulation
Paper:2603.08055,Paper:2603.08055,Paper,Paper,4,55,2026,,,,,,Speed3R: Sparse Feed-forward 3D Reconstruction Models
Paper:2603.08133,Paper:2603.08133,Paper,Paper,0,19,2026,,,,,,Fast Low-light Enhancement and Deblurring for 3D Dark Scenes
Paper:2603.08313,Paper:2603.08313,Paper,Paper,0,42,2026,,,,,,HDR-NSFF: High Dynamic Range Neural Scene Flow Fields
Paper:2603.08540,Paper:2603.08540,Paper,Paper,0,53,2026,,,,,,PCFEx: Point Cloud Feature Extraction for Graph Neural Networks
Paper:2603.08551,Paper:2603.08551,Paper,Paper,6,28,2026,,,,,,mmGAT: Pose Estimation by Graph Attention with Mutual Features from mmWave Radar Point Cloud
Paper:2603.08926,Paper:2603.08926,Paper,Paper,0,62,2026,,,,,,"Fly, Track, Land: Infrastructure-less Magnetic Localization for Heterogeneous UAV-UGV Teaming"
Paper:2603.08997,Paper:2603.08997,Paper,Paper,0,12,2026,,,,,,SkipGS: Post-Densification Backward Skipping for Efficient 3DGS Training
Paper:2603.09277,Paper:2603.09277,Paper,Paper,1,44,2026,,,,,,Speeding Up the Learning of 3D Gaussians with Much Shorter Gaussian Lists
Paper:2603.09291,Paper:2603.09291,Paper,Paper,2,13,2026,,,,,,DenoiseSplat: Feed-Forward Gaussian Splatting for Noisy 3D Scene Reconstruction
Paper:2603.09320,Paper:2603.09320,Paper,Paper,1,28,2026,,,,,,SpaceSense-Bench: A Large-Scale Multi-Modal Benchmark for Spacecraft Perception and Pose Estimation
Paper:2603.10398,Paper:2603.10398,Paper,Paper,1,28,2026,,,,,,Multi-Person Pose Estimation Evaluation Using Optimal Transportation and Improved Pose Matching
Paper:2603.10565,Paper:2603.10565,Paper,Paper,0,38,2026,,,,,,TacLoc: Global Tactile Localization on Objects from a Registration Perspective
Paper:2603.12064,Paper:2603.12064,Paper,Paper,1,47,2026,,,,,,Dense Dynamic Scene Reconstruction and Camera Pose Estimation from Multi-View Videos
Paper:2603.12078,Paper:2603.12078,Paper,Paper,0,33,2026,,,,,,Node-RF: Learning Generalized Continuous Space-Time Scene Dynamics with Neural ODE-based NeRFs
Paper:2603.12176,Paper:2603.12176,Paper,Paper,0,16,2026,,,,,,BehaviorVLM: Unified Finetuning-Free Behavioral Understanding with Vision-Language Reasoning
Paper:2603.12766,Paper:2603.12766,Paper,Paper,0,61,2026,,,,,,Catalyst4D: High-Fidelity 3D-to-4D Scene Editing via Dynamic Propagation
Paper:2603.12903,Paper:2603.12903,Paper,Paper,0,55,2026,,,,,,Spectral-Geometric Neural Fields for Pose-Free LiDAR View Synthesis
Paper:2603.13740,Paper:2603.13740,Paper,Paper,0,54,2026,,,,,,Sky2Ground: A Benchmark for Site Modeling under Varying Altitude
Paper:2603.13987,Paper:2603.13987,Paper,Paper,1,24,2026,,,,,,Vision-guided Autonomous Dual-arm Extraction Robot for Bell Pepper Harvesting
Paper:2603.14397,Paper:2603.14397,Paper,Paper,0,33,2026,,,,,,eNavi: Event-based Imitation Policies for Low-Light Indoor Mobile Robot Navigation
Paper:2603.14507,Paper:2603.14507,Paper,Paper,0,40,2026,,,,,,Expanding mmWave Datasets for Human Pose Estimation with Unlabeled Data and LiDAR Datasets
Paper:2603.14684,Paper:2603.14684,Paper,Paper,0,37,2026,,,,,,E2EGS: Event-to-Edge Gaussian Splatting for Pose-Free 3D Reconstruction
Paper:2603.14726,Paper:2603.14726,Paper,Paper,0,43,2026,,,,,,Enhancing Hands in 3D Whole-Body Pose Estimation with Conditional Hands Modulator
Paper:2603.15368,Paper:2603.15368,Paper,Paper,0,31,2026,,,,,,IRIS: Intersection-aware Ray-based Implicit Editable Scenes
Paper:2603.15574,Paper:2603.15574,Paper,Paper,0,19,2026,,,,,,Severe Domain Shift in Skeleton-Based Action Recognition:A Study of Uncertainty Failure in Real-World Gym Environments
Paper:2603.15622,Paper:2603.15622,Paper,Paper,,,2025,,,,,,SAC-NeRF: Adaptive Ray Sampling for Neural Radiance Fields via Soft Actor-Critic Reinforcement Learning
Paper:2603.16596,Paper:2603.16596,Paper,Paper,0,38,2026,,,,,,FSMC-Pose: Frequency and Spatial Fusion with Multiscale Self-calibration for Cattle Mounting Pose Estimation
Paper:2603.16868,Paper:2603.16868,Paper,Paper,0,63,2026,,,,,,MessyKitchens: Contact-rich object-level 3D scene reconstruction
Paper:2603.17236,Paper:2603.17236,Paper,Paper,2,25,2026,,,,,,Neural Radiance Maps for Extraterrestrial Navigation and Path Planning
Paper:2603.17396,Paper:2603.17396,Paper,Paper,0,25,2026,,,,,,Gesture-Aware Pretraining and Token Fusion for 3D Hand Pose Estimation
Paper:2603.17571,Paper:2603.17571,Paper,Paper,4,40,2026,,,,,,PanoVGGT: Feed-Forward 3D Reconstruction from Panoramic Imagery
Paper:2603.18306,Paper:2603.18306,Paper,Paper,0,41,2026,,,,,,Fast and Generalizable NeRF Architecture Selection for Satellite Scene Reconstruction
Paper:2603.19048,Paper:2603.19048,Paper,Paper,0,51,2026,,,,,,Measuring 3D Spatial Geometric Consistency in Dynamic Generated Videos
Paper:2603.19625,Paper:2603.19625,Paper,Paper,0,72,2026,,,,,,IUP-Pose: Decoupled Iterative Uncertainty Propagation for Real-time Relative Pose Regression via Implicit Dense Alignment v1
Paper:2603.19682,Paper:2603.19682,Paper,Paper,1,70,2026,,,,,,3D Gaussian Splatting with Self-Constrained Priors for High Fidelity Surface Reconstruction
Paper:2603.19709,Paper:2603.19709,Paper,Paper,0,36,2026,,,,,,Morphology-Consistent Humanoid Interaction through Robot-Centric Video Synthesis
Paper:2603.19770,Paper:2603.19770,Paper,Paper,0,68,2026,,,,,,FlashCap: Millisecond-Accurate Human Motion Capture via Flashing LEDs and Event-Based Vision
Paper:2603.20128,Paper:2603.20128,Paper,Paper,0,41,2026,,,,,,Generalizable NGP-SR: Generalizable Neural Radiance Fields Super-Resolution via Neural Graph Primitives
Paper:2603.20428,Paper:2603.20428,Paper,Paper,0,43,2026,,,,,,Benchmarking Efficient & Effective Camera Pose Estimation Strategies for Novel View Synthesis
Paper:2603.20611,Paper:2603.20611,Paper,Paper,0,54,2026,,,,,,GaussianPile: A Unified Sparse Gaussian Splatting Framework for Slice-based Volumetric Reconstruction
Paper:2603.20778,Paper:2603.20778,Paper,Paper,2,44,2026,,,,,,PiLoT: Neural Pixel-to-3D Registration for UAV-based Ego and Target Geo-localization
Paper:2603.20992,Paper:2603.20992,Paper,Paper,0,36,2026,,,,,,Geometrically Plausible Object Pose Refinement using Differentiable Simulation
Paper:2603.21332,Paper:2603.21332,Paper,Paper,2,61,2026,,,,,,EmoTaG: Emotion-Aware Talking Head Synthesis on Gaussian Splatting with Few-Shot Personalization
Paper:2603.21356,Paper:2603.21356,Paper,Paper,1,52,2026,,,,,,FluidGaussian: Propagating Simulation-Based Uncertainty Toward Functionally-Intelligent 3D Reconstruction
Paper:2603.21410,Paper:2603.21410,Paper,Paper,0,48,2026,,,,,,Bayesian Active Object Recognition and 6D Pose Estimation from Multimodal Contact Sensing
Paper:2603.21695,Paper:2603.21695,Paper,Paper,0,35,2026,,,,,,RefracGS: Novel View Synthesis Through Refractive Water Surfaces with 3D Gaussian Ray Tracing
Paper:2603.21931,Paper:2603.21931,Paper,Paper,0,18,2026,,,,,,SatGeo-NeRF: Geometrically Regularized NeRF for Satellite Imagery
Paper:2603.22193,Paper:2603.22193,Paper,Paper,1,94,2026,,,,,,PAM: A Pose-Appearance-Motion Engine for Sim-to-Real HOI Video Generation
Paper:2603.22631,Paper:2603.22631,Paper,Paper,0,39,2026,,,,,,CAM3R: Camera-Agnostic Model for 3D Reconstruction
Paper:2603.22851,Paper:2603.22851,Paper,Paper,0,77,2026,,,,,,UniQueR: Unified Query-based Feedforward 3D Reconstruction
Paper:2603.23324,Paper:2603.23324,Paper,Paper,0,49,2026,,,,,,Pose-Free Omnidirectional Gaussian Splatting for 360-Degree Videos with Consistent Depth Priors
Paper:2603.23370,Paper:2603.23370,Paper,Paper,0,67,2026,,,,,,Object Pose Transformer: Unifying Unseen Object Pose Estimation
Paper:2603.23995,Paper:2603.23995,Paper,Paper,0,33,2026,,,,,,MIRROR: Visual Motion Imitation via Real-time Retargeting and Teleoperation with Parallel Differential Inverse Kinematics
Paper:2603.25008,Paper:2603.25008,Paper,Paper,0,19,2026,,,,,,Few TensoRF: Enhance the Few-shot on Tensorial Radiance Fields
Paper:2603.25135,Paper:2603.25135,Paper,Paper,1,47,2026,,,,,,EgoXtreme: A Dataset for Robust Object Pose Estimation in Egocentric Views under Extreme Conditions
Paper:2603.25175,Paper:2603.25175,Paper,Paper,0,32,2026,,,,,,AG-EgoPose: Leveraging Action-Guided Motion and Kinematic Joint Encoding for Egocentric 3D Pose Estimation
Paper:2603.25228,Paper:2603.25228,Paper,Paper,0,27,2026,,,,,,Training-free Detection and 6D Pose Estimation of Unseen Surgical Instruments
Paper:2603.25623,Paper:2603.25623,Paper,Paper,0,37,2026,,,,,,Accurate Surface and Reflectance Modelling from 3D Radar Data with Neural Radiance Fields
Paper:2603.26810,Paper:2603.26810,Paper,Paper,0,61,2026,,,,,,Unblur-SLAM: Dense Neural SLAM for Blurry Inputs
Paper:2603.27170,Paper:2603.27170,Paper,Paper,0,62,2026,,,,,,MultiLoc: Multi-view Guided Relative Pose Regression for Fast and Robust Visual Re-Localization
Paper:2603.27290,Paper:2603.27290,Paper,Paper,1,0,2026,,,,,,Human-Centric Perception for Child Sexual Abuse Imagery
Paper:2603.27429,Paper:2603.27429,Paper,Paper,0,40,2026,,,,,,Mind the Shape Gap: A Benchmark and Baseline for Deformation-Aware 6D Pose Estimation of Agricultural Produce
Paper:2603.27533,Paper:2603.27533,Paper,Paper,0,28,2026,,,,,,Demo-Pose: Depth-Monocular Modality Fusion For Object Pose Estimation
Paper:2603.27915,Paper:2603.27915,Paper,Paper,0,45,2026,,,,,,FlashSign: Pose-Free Guidance for Efficient Sign Language Video Generation
Paper:2603.27948,Paper:2603.27948,Paper,Paper,0,71,2026,,,,,,RehearsalNeRF: Decoupling Intrinsic Neural Fields of Dynamic Illuminations for Scene Editing
Paper:2603.28090,Paper:2603.28090,Paper,Paper,1,57,2026,,,,,,To View Transform or Not to View Transform: NeRF-based Pre-training Perspective
Paper:2603.28126,Paper:2603.28126,Paper,Paper,1,46,2026,,,,,,SVGS: Single-View to 3D Object Editing via Gaussian Splatting
Paper:2603.29185,Paper:2603.29185,Paper,Paper,0,71,2026,,,,,,Hierarchical Visual Relocalization with Nearest View Synthesis from Feature Gaussian Splatting
Paper:2603.29383,Paper:2603.29383,Paper,Paper,1,24,2026,,,,,,Interacting Multiple Model Proprioceptive Odometry for Legged Robots
Paper:2603.29570,Paper:2603.29570,Paper,Paper,0,54,2026,,,,,,Generating Key Postures of Bharatanatyam Adavus with Pose Estimation
Paper:2604.00682,Paper:2604.00682,Paper,Paper,0,31,2026,,,,,,MoonAnything: A Vision Benchmark with Large-Scale Lunar Supervised Data
Paper:2604.01447,Paper:2604.01447,Paper,Paper,0,21,2026,,,,,,"Better Rigs, Not Bigger Networks: A Body Model Ablation for Gaussian Avatars"
Paper:2604.01747,Paper:2604.01747,Paper,Paper,1,43,2026,,,,,,Unifying UAV Cross-View Geo-Localization via 3D Geometric Perception
Paper:2604.02107,Paper:2604.02107,Paper,Paper,1,37,2026,,,,,,HyVGGT-VO: Tightly Coupled Hybrid Dense Visual Odometry with Feed-Forward Models
Paper:2604.02120,Paper:2604.02120,Paper,Paper,0,27,2026,,,,,,GEMM-GS: Accelerating 3D Gaussian Splatting on Tensor Cores with GEMM-Compatible Blending
Paper:2604.02759,Paper:2604.02759,Paper,Paper,0,28,2026,,,,,,OMNI-PoseX: A Fast Vision Model for 6D Object Pose Estimation in Embodied Tasks
Paper:2604.02836,Paper:2604.02836,Paper,Paper,2,34,2026,,,,,,Factorized Multi-Resolution HashGrid for Efficient Neural Radiance Fields: Execution on Edge-Devices
Paper:2604.03652,Paper:2604.03652,Paper,Paper,0,32,2026,,,,,,Motion-Adaptive Multi-Scale Temporal Modelling with Skeleton-Constrained Spatial Graphs for Efficient 3D Human Pose Estimation
Paper:2604.03747,Paper:2604.03747,Paper,Paper,0,51,2026,,,,,,CT-VoxelMap: Efficient Continuous-Time LiDAR-Inertial Odometry with Probabilistic Adaptive Voxel Mapping
Paper:2604.03814,Paper:2604.03814,Paper,Paper,0,67,2026,,,,,,InCaRPose: In-Cabin Relative Camera Pose Estimation Model and Dataset
Paper:2604.03878,Paper:2604.03878,Paper,Paper,0,54,2026,,,,,,Learning 3D Reconstruction with Priors in Test Time
Paper:2604.04117,Paper:2604.04117,Paper,Paper,0,15,2026,,,,,,Efficient Onboard Spacecraft Pose Estimation with Event Cameras and Neuromorphic Hardware
Paper:2604.04554,Paper:2604.04554,Paper,Paper,0,47,2026,,,,,,Relational Epipolar Graphs for Robust Relative Camera Pose Estimation
Paper:2604.04690,Paper:2604.04690,Paper,Paper,0,32,2026,,,,,,Pickalo: Leveraging 6D Pose Estimation for Low-Cost Industrial Bin Picking
Paper:2604.05366,Paper:2604.05366,Paper,Paper,0,44,2026,,,,,,3DTurboQuant: Training-Free Near-Optimal Quantization for 3D Reconstruction Models
Paper:2604.06358,Paper:2604.06358,Paper,Paper,0,39,2026,,,,,,GS-Surrogate: Deformable Gaussian Splatting for Parameter Space Exploration of Ensemble Simulations
Paper:2604.06720,Paper:2604.06720,Paper,Paper,0,53,2026,,,,,,Exploring 6D Object Pose Estimation with Deformation
Paper:2604.06748,Paper:2604.06748,Paper,Paper,0,48,2026,,,,,,From Static to Interactive: Adapting Visual in-Context Learners for User-Driven Tasks
Paper:2604.07350,Paper:2604.07350,Paper,Paper,,,2026,,,,,,Fast Spatial Memory with Elastic Test-Time Training
Paper:2604.08543,Paper:2604.08543,Paper,Paper,0,49,2026,,,,,,E-3DPSM: A State Machine for Event-Based Egocentric 3D Human Pose Estimation
Paper:2604.09100,Paper:2604.09100,Paper,Paper,0,76,2026,,,,,,Physically Grounded 3D Generative Reconstruction under Hand Occlusion using Proprioception and Multi-Contact Touch
Paper:2604.09282,Paper:2604.09282,Paper,Paper,0,18,2026,,,,,,Characterizing Lidar Range-Measurement Ambiguity due to Multiple Returns
Paper:2604.09429,Paper:2604.09429,Paper,Paper,2,60,2026,,,,,,Rays as Pixels: Learning A Joint Distribution of Videos and Camera Trajectories
Paper:2604.09715,Paper:2604.09715,Paper,Paper,0,74,2026,,,,,,MuPPet: Multi-person 2D-to-3D Pose Lifting
Paper:2604.09877,Paper:2604.09877,Paper,Paper,,,2026,,,,,,Genie 4D: Semantic-Prior-Guided 4D Dynamic Scene Reconstruction
Paper:2604.10245,Paper:2604.10245,Paper,Paper,0,22,2026,,,,,,Warm-Started Reinforcement Learning for Iterative 3D/2D Liver Registration
Paper:2604.10259,Paper:2604.10259,Paper,Paper,,,2026,,,,,,Real-Time Human Reconstruction and Animation using Feed-Forward Gaussian Splatting
Paper:2604.10415,Paper:2604.10415,Paper,Paper,,,2026,,,,,,Point2Pose: Occlusion-Recovering 6D Pose Tracking and 3D Reconstruction for Multiple Unknown Objects Via 2D Point Trackers
Paper:2604.10512,Paper:2604.10512,Paper,Paper,,,2026,,,,,,FreeScale: Scaling 3D Scenes via Certainty-Aware Free-View Generation
Paper:2604.10593,Paper:2604.10593,Paper,Paper,0,36,2026,,,,,,MonoEM-GS: Monocular Expectation-Maximization Gaussian Splatting SLAM
Paper:2604.10951,Paper:2604.10951,Paper,Paper,0,34,2026,,,,,,Fast-SegSim: Real-Time Open-Vocabulary Segmentation for Robotics in Simulation
Paper:2604.10994,Paper:2604.10994,Paper,Paper,,,2026,,,,,,LumiMotion: Improving Gaussian Relighting with Scene Dynamics
Paper:2604.11138,Paper:2604.11138,Paper,Paper,0,32,2026,,,,,,ViserDex: Visual Sim-to-Real for Robust Dexterous In-hand Reorientation
Paper:2604.11355,Paper:2604.11355,Paper,Paper,0,71,2026,,,,,,LEADER: Learning Reliable Local-to-Global Correspondences for LiDAR Relocalization
Paper:2604.11372,Paper:2604.11372,Paper,Paper,,,2026,,,,,,MR.ScaleMaster: Scale-Consistent Collaborative Mapping from Crowd-Sourced Monocular Videos
Paper:2604.11992,Paper:2604.11992,Paper,Paper,0,46,2026,,,,,,ReefMapGS: Enabling Large-Scale Underwater Reconstruction by Closing the Loop Between Multimodal SLAM and Gaussian Splatting
Paper:2604.12592,Paper:2604.12592,Paper,Paper,,,2026,,,,,,ELoG-GS: Dual-Branch Gaussian Splatting with Luminance-Guided Enhancement for Extreme Low-light 3D Reconstruction
Paper:2604.12837,Paper:2604.12837,Paper,Paper,0,31,2026,,,,,,GGD-SLAM: Monocular 3DGS SLAM Powered by Generalizable Motion Model for Dynamic Environments
Paper:2604.12942,Paper:2604.12942,Paper,Paper,0,30,2026,,,,,,RMGS-SLAM: Real-time Multi-sensor Gaussian Splatting SLAM
Paper:2604.13153,Paper:2604.13153,Paper,Paper,,,2026,,,,,,PatchPoison: Poisoning Multi-View Datasets to Degrade 3D Reconstruction
Paper:2604.13235,Paper:2604.13235,Paper,Paper,,,2026,,,,,,Neural 3D Reconstruction of Planetary Surfaces from Descent-Phase Wide-Angle Imagery
Paper:2604.13476,Paper:2604.13476,Paper,Paper,,,2026,,,,,,RobotPan: A 360$^\circ$ Surround-View Robotic Vision System for Embodied Perception
Paper:2604.13746,Paper:2604.13746,Paper,Paper,,,2026,,,,,,ClipGStream: Clip-Stream Gaussian Splatting for Any Length and Any Motion Multi-View Dynamic Scene Reconstruction
Paper:2604.13918,Paper:2604.13918,Paper,Paper,0,58,2026,,,,,,PartNerFace: Part-based Neural Radiance Fields for Animatable Facial Avatar Reconstruction
Paper:2604.13941,Paper:2604.13941,Paper,Paper,0,58,2026,,,,,,SceneGlue: Scene-Aware Transformer for Feature Matching without Scene-Level Annotation
Paper:2604.14048,Paper:2604.14048,Paper,Paper,,,2026,,,,,,Free Geometry: Refining 3D Reconstruction from Longer Versions of Itself
Paper:2604.14089,Paper:2604.14089,Paper,Paper,1,40,2026,,,,,,UMI-3D: Extending Universal Manipulation Interface from Vision-Limited to 3D Spatial Perception
Paper:2604.14706,Paper:2604.14706,Paper,Paper,0,40,2026,,,,,,NG-GS: NeRF-Guided 3D Gaussian Splatting Segmentation
Paper:2604.14747,Paper:2604.14747,Paper,Paper,0,24,2026,,,,,,Efficient closed-form approaches for pose estimation using Sylvester forms
Paper:2604.14928,Paper:2604.14928,Paper,Paper,0,30,2026,,,,,,Hybrid Latents: Geometry-Appearance-Aware Surfel Splatting
Paper:2604.15221,Paper:2604.15221,Paper,Paper,0,35,2026,,,,,,Vision-Based Safe Human-Robot Collaboration with Uncertainty Guarantees
Paper:2604.15612,Paper:2604.15612,Paper,Paper,0,43,2026,,,,,,GaussianFlow SLAM: Monocular Gaussian Splatting SLAM Guided by GaussianFlow
Paper:2604.16480,Paper:2604.16480,Paper,Paper,0,34,2026,,,,,,Positioning radiata pine branches requiring pruning by drone stereo vision
Paper:2604.16522,Paper:2604.16522,Paper,Paper,1,65,2026,,,,,,Fast Online 3D Multi-Camera Multi-Object Tracking and Pose Estimation
Paper:2604.16540,Paper:2604.16540,Paper,Paper,1,57,2026,,,,,,PoInit-of-View: Poisoning Initialization of Views Transfers Across Multiple 3D Reconstruction Systems
Paper:2604.16747,Paper:2604.16747,Paper,Paper,0,22,2026,,,,,,"Incoherent Deformation, Not Capacity: Diagnosing and Mitigating Overfitting in Dynamic Gaussian Splatting"
Paper:2604.16954,Paper:2604.16954,Paper,Paper,0,43,2026,,,,,,TSM-Pose: Topology-Aware Learning with Semantic Mamba for Category-Level Object Pose Estimation
Paper:2604.17446,Paper:2604.17446,Paper,Paper,0,20,2026,,,,,,HyKey: Hyperspectral Keypoint Detection and Matching in Minimally Invasive Surgery
Paper:2604.17688,Paper:2604.17688,Paper,Paper,4,45,2026,,,,,,Dual-stream Spatio-Temporal GCN-Transformer Network for 3D Human Pose Estimation
Paper:2604.17831,Paper:2604.17831,Paper,Paper,0,48,2026,,,,,,PCM-NeRF: Probabilistic Camera Modeling for Neural Radiance Fields under Pose Uncertainty
Paper:2604.17965,Paper:2604.17965,Paper,Paper,0,58,2026,,,,,,MU-GeNeRF: Multi-view Uncertainty-guided Generalizable Neural Radiance Fields for Distractor-aware Scene
Paper:2604.17969,Paper:2604.17969,Paper,Paper,,,2026,,,,,,E3VS-Bench: A Benchmark for Viewpoint-Dependent Active Perception in 3D Gaussian Splatting Scenes
Paper:2604.18208,Paper:2604.18208,Paper,Paper,0,68,2026,,,,,,Towards Symmetry-sensitive Pose Estimation: A Rotation Representation for Symmetric Object Classes
Paper:2604.18468,Paper:2604.18468,Paper,Paper,,,2026,,,,,,Asset Harvester: Extracting 3D Assets from Autonomous Driving Logs for Simulation
Paper:2604.19025,Paper:2604.19025,Paper,Paper,,,2026,,,,,,RoomRecon: High-Quality Textured Room Layout Reconstruction on Mobile Devices
Paper:2604.19127,Paper:2604.19127,Paper,Paper,1,9,2026,,,,,,OT-UVGS: Revisiting UV Mapping for Gaussian Splatting as a Capacity Allocation Problem
Paper:2604.19133,Paper:2604.19133,Paper,Paper,0,25,2026,,,,,,BALTIC: A Benchmark and Cross-Domain Strategy for 3D Reconstruction Across Air and Underwater Domains Under Varying Illumination
Paper:2604.19673,Paper:2604.19673,Paper,Paper,,,2026,,,,,,InHabit: Leveraging Image Foundation Models for Scalable 3D Human Placement
Paper:2604.19747,Paper:2604.19747,Paper,Paper,,,2026,,,,,,AnyRecon: Arbitrary-View 3D Reconstruction with Video Diffusion Model
Paper:2604.20038,Paper:2604.20038,Paper,Paper,,,2026,,,,,,FluSplat: Sparse-View 3D Editing without Test-Time Optimization
Paper:2604.20093,Paper:2604.20093,Paper,Paper,,,2026,,,,,,FurnSet: Exploiting Repeats for 3D Scene Reconstruction
Paper:2604.20650,Paper:2604.20650,Paper,Paper,0,74,2026,,,,,,MAPRPose: Mask-Aware Proposal and Amodal Refinement for Multi-Object 6D Pose Estimation
Paper:2604.21631,Paper:2604.21631,Paper,Paper,0,44,2026,,,,,,DualSplat: Robust 3D Gaussian Splatting via Pseudo-Mask Bootstrapping from Reconstruction Failures
Paper:2604.21960,Paper:2604.21960,Paper,Paper,,,2026,,,,,,Conditional Diffusion Posterior Alignment for Sparse-View CT Reconstruction
Paper:2604.22129,Paper:2604.22129,Paper,Paper,,,2026,,,,,,PAGaS: Pixel-Aligned 1DoF Gaussian Splatting for Depth Refinement
Paper:2604.22183,Paper:2604.22183,Paper,Paper,,,2026,,,,,,EvFlow-GS: Event Enhanced Motion Deblurring with Optical Flow for 3D Gaussian Splatting
Paper:2604.22310,Paper:2604.22310,Paper,Paper,0,53,2026,,,,,,Revisiting Geometric Obfuscation with Dual Convergent Lines for Privacy-Preserving Image Queries in Visual Localization
Paper:2604.22339,Paper:2604.22339,Paper,Paper,0,55,2026,,,,,,Flow4DGS-SLAM: Optical Flow-Guided 4D Gaussian Splatting SLAM
Paper:2604.22350,Paper:2604.22350,Paper,Paper,0,29,2026,,,,,,PoseFM: Relative Camera Pose Estimation Through Flow Matching
Paper:2604.22518,Paper:2604.22518,Paper,Paper,0,56,2026,,,,,,Non-Minimal Sampling and Consensus for Prohibitively Large Datasets
Paper:2604.22658,Paper:2604.22658,Paper,Paper,0,49,2026,,,,,,PASR: Pose-Aware 3D Shape Retrieval from Occluded Single Views
Paper:2604.22830,Paper:2604.22830,Paper,Paper,0,35,2026,,,,,,2D Pre-Training for 3D Pose Estimation
Paper:2604.23551,Paper:2604.23551,Paper,Paper,,,2026,,,,,,Spatiotemporal Degradation-Aware 3D Gaussian Splatting for Realistic Underwater Scene Reconstruction
Paper:2604.23651,Paper:2604.23651,Paper,Paper,0,28,2026,,,,,,Geometry-Conditioned Diffusion for Occlusion-Robust In-Bed Pose Estimation
Paper:2604.23670,Paper:2604.23670,Paper,Paper,0,47,2026,,,,,,Deploy DINO with Many-to-Many Association
Paper:2604.23704,Paper:2604.23704,Paper,Paper,0,61,2026,,,,,,A Pose-only Geometric Constraint for Multi-Camera Pose Adjustment
Paper:2604.24187,Paper:2604.24187,Paper,Paper,0,15,2026,,,,,,Multivariate Gaussian NeRF for Wide Field-of-View Ultrasound Reconstruction
Paper:2604.24312,Paper:2604.24312,Paper,Paper,0,52,2026,,,,,,Unconstrained Multi-view Human Pose Estimation with Algebraic Priors
Paper:2604.24415,Paper:2604.24415,Paper,Paper,0,33,2026,,,,,,Phase-Separated Complex Hilbert PCA on Markerless 3D Pose Estimation Data: A Global Phase Network and Its Extension to a Continuous Field on the Body Surface
Paper:2604.25949,Paper:2604.25949,Paper,Paper,0,12,2026,,,,,,FalconApp: Rapid iPhone Deployment of End-to-End Perception via Automatically Labeled Synthetic Data
Paper:2604.26262,Paper:2604.26262,Paper,Paper,,,2026,,,,,,Semantic Foam: Unifying Spatial and Semantic Scene Decomposition
Paper:2604.26404,Paper:2604.26404,Paper,Paper,0,30,2026,,,,,,Decoupled Prototype Matching with Vision Foundation Models for Few-Shot Industrial Object Detection
Paper:2604.26567,Paper:2604.26567,Paper,Paper,,,2026,,,,,,AirZoo: A Unified Large-Scale Dataset for Grounding Aerial Geometric 3D Vision
Paper:2604.26620,Paper:2604.26620,Paper,Paper,0,0,2026,,,,,,SnapPose3D: Diffusion-Based Single-Frame 2D-to-3D Lifting of Human Poses
Paper:2604.27106,Paper:2604.27106,Paper,Paper,1,88,2026,,,,,,Reconstruction by Generation: 3D Multi-Object Scene Reconstruction from Sparse Observations
Paper:2604.27448,Paper:2604.27448,Paper,Paper,0,40,2026,,,,,,LA-Pose: Latent Action Pretraining Meets Pose Estimation
Paper:2604.27590,Paper:2604.27590,Paper,Paper,,,2026,,,,,,Fake3DGS: A Benchmark for 3D Manipulation Detection in Neural Rendering
Paper:2604.27702,Paper:2604.27702,Paper,Paper,0,18,2026,,,,,,RayFormer: Modeling Inter- and Intra-Ray Similarity for NeRF-Based Video Snapshot Compressive Imaging
Paper:2604.28193,Paper:2604.28193,Paper,Paper,,,2026,,,,,,Generalizable Sparse-View 3D Reconstruction from Unconstrained Images
Paper:2605.00147,Paper:2605.00147,Paper,Paper,0,26,2026,,,,,,From Images2Mesh: A 3D Surface Reconstruction Pipeline for Non-Cooperative Space Objects
Paper:2605.00233,Paper:2605.00233,Paper,Paper,0,15,2026,,,,,,Adaptive Geodesic Conformal Prediction for Egocentric Camera Pose Estimation
Paper:2605.00242,Paper:2605.00242,Paper,Paper,0,31,2026,,,,,,MAEPose: Self-Supervised Spatiotemporal Learning for Human Pose Estimation on mmWave Video
Paper:2605.00307,Paper:2605.00307,Paper,Paper,0,21,2026,,,,,,A Model-based Visual Contact Localization and Force Sensing System for Compliant Robotic Grippers
Paper:2605.00345,Paper:2605.00345,Paper,Paper,,,2026,,,,,,Pose-Aware Diffusion for 3D Generation
Paper:2605.00408,Paper:2605.00408,Paper,Paper,0,40,2026,,,,,,Beyond Heuristics: Learnable Density Control for 3D Gaussian Splatting
Paper:2605.00498,Paper:2605.00498,Paper,Paper,0,67,2026,,,,,,GOR-IS: 3D Gaussian Object Removal in the Intrinsic Space
Paper:2605.00562,Paper:2605.00562,Paper,Paper,1,38,2026,,,,,,Depth-Guided Privacy-Preserving Visual Localization Using 3D Sphere Clouds
Paper:2605.01852,Paper:2605.01852,Paper,Paper,,,2026,,,,,,DP-SfM: Dual-Pixel Structure-from-Motion without Scale Ambiguity
Paper:2605.02054,Paper:2605.02054,Paper,Paper,0,42,2026,,,,,,Observability Conditions and Filter Design for Visual Pose Estimation via Dual Quaternions
Paper:2605.02086,Paper:2605.02086,Paper,Paper,0,46,2026,,,,,,GETA-3DGS: Automatic Joint Structured Pruning and Quantization for 3D Gaussian Splatting
Paper:2605.02708,Paper:2605.02708,Paper,Paper,4,53,2026,,,,,,Temporally Consistent Object 6D Pose Estimation for Robot Control
Paper:2605.02784,Paper:2605.02784,Paper,Paper,0,38,2026,,,,,,HumanSplatHMR: Closing the Loop Between Human Mesh Recovery and Gaussian Splatting Avatar
Paper:2605.03359,Paper:2605.03359,Paper,Paper,0,84,2026,,,,,,Mix3R: Mixing Feed-forward Reconstruction and Generative 3D Priors for Joint Multi-view Aligned 3D Reconstruction and Pose Estimation
Paper:2605.03463,Paper:2605.03463,Paper,Paper,,,2026,,,,,,"First Shape, Then Meaning: Efficient Geometry and Semantics Learning for Indoor Reconstruction"
Paper:2605.05207,Paper:2605.05207,Paper,Paper,0,132,2026,,,,,,Syn4D: A Multiview Synthetic 4D Dataset
Paper:2605.05712,Paper:2605.05712,Paper,Paper,0,53,2026,,,,,,EgoEMG: A Multimodal Egocentric Dataset with Bilateral EMG and Vision for Hand Pose Estimation
Paper:2605.06889,Paper:2605.06889,Paper,Paper,0,33,2026,,,,,,TriDE: Triangle-Consistent Translation Directions for Global Camera Pose Estimation
Paper:2605.07023,Paper:2605.07023,Paper,Paper,0,70,2026,,,,,,OneViewAll: Semantic Prior Guided One-View 6D Pose Estimation for Novel Objects
Paper:2605.07041,Paper:2605.07041,Paper,Paper,0,37,2026,,,,,,Dr-BA: Separable Optimization for Direct Radar Bundle Adjustment & Localization
Paper:2605.07192,Paper:2605.07192,Paper,Paper,0,46,2026,,,,,,AsyncEvGS: Asynchronous Event-Assisted Gaussian Splatting for Handheld Motion-Blurred Scenes
Paper:2605.07351,Paper:2605.07351,Paper,Paper,0,54,2026,,,,,,Disambiguating 2D-3D Correspondences in Gaussian Splatting-based Feature Fields for Visual Localization
Paper:2605.07354,Paper:2605.07354,Paper,Paper,0,61,2026,,,,,,Task-Oriented Communication for Human Action Understanding via Edge-Cloud Co-Inference
Paper:2605.07550,Paper:2605.07550,Paper,Paper,,,2026,,,,,,Mind the Gap: Geometrically Accurate Generative Reconstruction from Disjoint Views
Paper:2605.07552,Paper:2605.07552,Paper,Paper,0,41,2026,,,,,,VIMCAN: Visual-Inertial 3D Human Pose Estimation with Hybrid Mamba-Cross-Attention Network
Paper:2605.07604,Paper:2605.07604,Paper,Paper,0,51,2026,,,,,,SAM 3D Animal: Promptable Animal 3D Reconstruction from Images in the Wild
Paper:2605.07741,Paper:2605.07741,Paper,Paper,0,38,2026,,,,,,Offline-Online Hierarchical 3D Global Relocalization With Synthetic LiDAR Sensing and Descriptor-Space Retrieval
Paper:2605.07978,Paper:2605.07978,Paper,Paper,0,58,2026,,,,,,"Seeing Across Skies and Streets: Feedforward 3D Reconstruction from Satellite, Drone, and Ground Images"
Paper:2605.08030,Paper:2605.08030,Paper,Paper,0,35,2026,,,,,,PET-Adapter: Test-Time Domain Adaptation for Full and Limited-Angle PET Image Reconstruction
Paper:2605.08059,Paper:2605.08059,Paper,Paper,0,8,2026,,,,,,6D Pose Estimation via Keypoint Heatmap Regression with RGB-D Residual Neural Networks
Paper:2605.08592,Paper:2605.08592,Paper,Paper,0,24,2026,,,,,,Cross-Modal RGB-D Fusion Transformer for 6D Pose Estimation of Non-Cooperative Spacecraft with Stereo-Derived Depth
Paper:2605.08606,Paper:2605.08606,Paper,Paper,0,17,2026,,,,,,Egocentric Whole-Body Human Mesh Recovery with Prior-Guided Learning
Paper:2605.08635,Paper:2605.08635,Paper,Paper,0,41,2026,,,,,,Kinematics-Driven Gaussian Shape Deformation for Blurry Monocular Dynamic Scenes
Paper:2605.08806,Paper:2605.08806,Paper,Paper,0,30,2026,,,,,,L2A: Learning to Accumulate Pose History for Accurate 3D Human Pose Estimation
Paper:2605.09024,Paper:2605.09024,Paper,Paper,0,57,2026,,,,,,Relightable Gaussian Splatting for Virtual Production Using Image-Based Illumination
Paper:2605.09312,Paper:2605.09312,Paper,Paper,0,7,2026,,,,,,Low-Cost Neural Radiance Fields
Paper:2605.09538,Paper:2605.09538,Paper,Paper,0,82,2026,,,,,,PhysHanDI: Physics-Based Reconstruction of Hand-Deformable Object Interactions
Paper:2605.09644,Paper:2605.09644,Paper,Paper,0,70,2026,,,,,,Attention Itself Could Retrieve.RetrieveVGGT: Training-Free Long Context Streaming 3D Reconstruction via Query-Key Similarity Retrieval
Paper:2605.09688,Paper:2605.09688,Paper,Paper,0,105,2026,,,,,,ConFixGS: Learning to Fix Feedforward 3D Gaussian Splatting with Confidence-Aware Diffusion Priors in Driving Scenes
Paper:2605.09699,Paper:2605.09699,Paper,Paper,0,29,2026,,,,,,A Real-Calibrated Synthetic-First Data Engine
Paper:2605.10100,Paper:2605.10100,Paper,Paper,0,28,2026,,,,,,HYPERPOSE: Hyperbolic Kinematic Phase-Space Attention for 3D Human Pose Estimation
Paper:2605.10174,Paper:2605.10174,Paper,Paper,0,29,2026,,,,,,BathyFacto: Refraction-Aware Two-Media Neural Radiance Fields for Bathymetry
Paper:2605.10204,Paper:2605.10204,Paper,Paper,0,107,2026,,,,,,"3DReflecNet: A Large-Scale Dataset for 3D Reconstruction of Reflective, Transparent, and Low-Texture Objects"
Paper:2605.10307,Paper:2605.10307,Paper,Paper,0,72,2026,,,,,,PaMoSplat: Part-Aware Motion-Guided Gaussian Splatting for Dynamic Scene Reconstruction
Paper:2605.10360,Paper:2605.10360,Paper,Paper,0,53,2026,,,,,,DySurface: Consistent 4D Surface Reconstruction via Bridging Explicit Gaussians and Implicit Functions
Paper:2605.10456,Paper:2605.10456,Paper,Paper,0,51,2026,,,,,,Learning Point Cloud Geometry as a Statistical Manifold: Theory and Practice
Paper:2605.10705,Paper:2605.10705,Paper,Paper,0,48,2026,,,,,,TransmissiveGS: Residual-Guided Disentangled Gaussian Splatting for Transmissive Scene Reconstruction and Rendering
Paper:2605.10707,Paper:2605.10707,Paper,Paper,0,25,2026,,,,,,ObjView-Bench: Rethinking Difficulty and Deployment for Object-Centric View Planning
Paper:2605.10760,Paper:2605.10760,Paper,Paper,1,59,2026,,,,,,MAGS-SLAM: Monocular Multi-Agent Gaussian Splatting SLAM for Geometrically and Photometrically Consistent Reconstruction
Paper:2605.10830,Paper:2605.10830,Paper,Paper,0,32,2026,,,,,,Predicting 3D structure by latent posterior sampling
Paper:2605.10873,Paper:2605.10873,Paper,Paper,0,34,2026,,,,,,CADBench: A Multimodal Benchmark for AI-Assisted CAD Program Generation
Paper:2605.10922,Paper:2605.10922,Paper,Paper,2,70,2026,,,,,,Pixal3D: Pixel-Aligned 3D Generation from Images
Paper:2605.11354,Paper:2605.11354,Paper,Paper,0,58,2026,,,,,,Lite3R: A Model-Agnostic Framework for Efficient Feed-Forward 3D Reconstruction
Paper:2605.11424,Paper:2605.11424,Paper,Paper,0,69,2026,,,,,,VidSplat: Gaussian Splatting Reconstruction with Geometry-Guided Video Diffusion Priors
Paper:2605.11497,Paper:2605.11497,Paper,Paper,0,36,2026,,,,,,PoseBridge: Bridging the Skeletonization Gap for Zero-Shot Skeleton-Based Action Recognition
Paper:2605.12027,Paper:2605.12027,Paper,Paper,0,30,2026,,,,,,4DVGGT-D: 4D Visual Geometry Transformer with Improved Dynamic Depth Estimation
Paper:2605.12220,Paper:2605.12220,Paper,Paper,1,42,2026,,,,,,TriBand-BEV: Real-Time LiDAR-Only 3D Pedestrian Detection via Height-Aware BEV and High-Resolution Feature Fusion
Paper:2605.12297,Paper:2605.12297,Paper,Paper,0,58,2026,,,,,,EgoEV-HandPose: Egocentric 3D Hand Pose Estimation and Gesture Recognition with Stereo Event Cameras
Paper:2605.12399,Paper:2605.12399,Paper,Paper,0,40,2026,,,,,,GeoQuery: Geometry-Query Diffusion for Sparse-View Reconstruction
Paper:2605.12437,Paper:2605.12437,Paper,Paper,0,53,2026,,,,,,3D Gaussian Splatting for Efficient Retrospective Dynamic Scene Novel View Synthesis with a Standardized Benchmark
Paper:2605.12494,Paper:2605.12494,Paper,Paper,0,61,2026,,,,,,Revisiting Photometric Ambiguity for Accurate Gaussian-Splatting Surface Reconstruction
Paper:2605.12586,Paper:2605.12586,Paper,Paper,0,30,2026,,,,,,3D Primitives are a Spatial Language for VLMs
Paper:2605.12587,Paper:2605.12587,Paper,Paper,0,87,2026,,,,,,TrackCraft3R: Repurposing Video Diffusion Transformers for Dense 3D Tracking
Paper:2605.12774,Paper:2605.12774,Paper,Paper,0,61,2026,,,,,,WildPose: A Unified Framework for Robust Pose Estimation in the Wild
Paper:2605.12845,Paper:2605.12845,Paper,Paper,0,47,2026,,,,,,AssemblyBench: Physics-Aware Assembly of Complex Industrial Objects
Paper:2605.12919,Paper:2605.12919,Paper,Paper,0,47,2026,,,,,,GuardMarkGS: Unified Ownership Tracing and Edit Deterrence for 3D Gaussian Splatting
Paper:2605.13018,Paper:2605.13018,Paper,Paper,0,72,2026,,,,,,OCH3R: Object-Centric Holistic 3D Reconstruction
Paper:2605.13038,Paper:2605.13038,Paper,Paper,0,18,2026,,,,,,CoGE: Sim-to-Real Online Geometric Estimation for Monocular Colonoscopy
Paper:2605.13151,Paper:2605.13151,Paper,Paper,0,37,2026,,,,,,GenCape: Structure-Inductive Generative Modeling for Category-Agnostic Pose Estimation
Paper:2605.13604,Paper:2605.13604,Paper,Paper,0,14,2026,,,,,,Rethinking Graph Convolution for 2D-to-3D Hand Pose Lifting
Paper:2605.14029,Paper:2605.14029,Paper,Paper,0,31,2026,,,,,,Fast and Robust Mesh Simplification for Generated and Real-World 3D Assets
Paper:2605.14315,Paper:2605.14315,Paper,Paper,0,53,2026,,,,,,TurboVGGT: Fast Visual Geometry Reconstruction with Adaptive Alternating Attention
Paper:2605.14525,Paper:2605.14525,Paper,Paper,0,0,2026,,,,,,From Sparse to Dense: Spatio-Temporal Fusion for Multi-View 3D Human Pose Estimation with DenseWarper
Paper:2605.14615,Paper:2605.14615,Paper,Paper,0,65,2026,,,,,,CalibAnyView: Beyond Single-View Camera Calibration in the Wild
Paper:2605.14629,Paper:2605.14629,Paper,Paper,0,24,2026,,,,,,Efficient Dense Matching for Enhanced Gaussian Splatting Using AV1 Motion Vectors
Paper:2605.14920,Paper:2605.14920,Paper,Paper,0,43,2026,,,,,,FU-MPC: Frontier- and Uncertainty-Aware Model Predictive Control for Efficient and Accurate UAV Exploration with Motorized LiDAR
Paper:2605.15074,Paper:2605.15074,Paper,Paper,0,37,2026,,,,,,SOCC-ICP: Semantics-Assisted Odometry based on Occupancy Grids and ICP
Paper:2605.15186,Paper:2605.15186,Paper,Paper,0,51,2026,,,,,,VGGT-Edit: Feed-forward Native 3D Scene Editing with Residual Field Prediction
Paper:2605.15583,Paper:2605.15583,Paper,Paper,0,47,2026,,,,,,Unsupervised 3D Human Pose Estimation via Conditional Multi-view Ancestral Sampling
Paper:2605.15728,Paper:2605.15728,Paper,Paper,0,36,2026,,,,,,DecomPose: Disentangling Cross-Category Optimization Contention for Category-Level 6D Object Pose Estimation
Paper:2605.15828,Paper:2605.15828,Paper,Paper,0,27,2026,,,,,,Not All Tasks Quantize Equally: Fisher-Guided Quantization for Visual Geometry Transformer
Paper:2605.15852,Paper:2605.15852,Paper,Paper,0,37,2026,,,,,,GHOST: Geometry-Hierarchical Online Streaming Token Eviction for Efficient 3D Reconstruction
Paper:2605.16022,Paper:2605.16022,Paper,Paper,0,33,2026,,,,,,EndoGSim: Physics-Aware 4D Dynamic Endoscopic Scene Simulations via MLLM-Guided Gaussian Splatting
Paper:2605.16065,Paper:2605.16065,Paper,Paper,0,21,2026,,,,,,Robust Prior-Guided Segmentation for Editable 3D Gaussian Splatting
Paper:2605.16258,Paper:2605.16258,Paper,Paper,0,84,2026,,,,,,IVGT: Implicit Visual Geometry Transformer for Neural Scene Representation
Paper:2605.16419,Paper:2605.16419,Paper,Paper,0,19,2026,,,,,,Agentic Pipeline for Self-Synchronized Multiview Joint Angle Monitoring in Uncalibrated Environments
Paper:2605.16795,Paper:2605.16795,Paper,Paper,0,71,2026,,,,,,3DPhysVideo: Consistency-Guided Flow SDE for Video Generation via 3D Scene Reconstruction and Physical Simulation
Paper:2605.16807,Paper:2605.16807,Paper,Paper,0,94,2026,,,,,,DecoRec: Decomposed 3D Scene Reconstruction from Single-View Images via Object-Level Diffusion
Paper:2605.16873,Paper:2605.16873,Paper,Paper,0,53,2026,,,,,,HAD: Hallucination-Aware Diffusion Priors for 3D Reconstruction
Paper:2605.16981,Paper:2605.16981,Paper,Paper,0,31,2026,,,,,,Rethinking the State Update Gate for Long-Sequence Recurrent 3D Reconstruction
Paper:2605.17002,Paper:2605.17002,Paper,Paper,,,2026,,,,,,A Single Atlas is All You Need: Decoder-Side Gaussian Splatting for Immersive Video
Paper:2605.17033,Paper:2605.17033,Paper,Paper,0,33,2026,,,,,,Generalizable and Actionable Parts Pose Estimation with Symmetry Annotation-Free Learning Strategy
Paper:2605.17303,Paper:2605.17303,Paper,Paper,0,45,2026,,,,,,LongDPM: Overlap-Aware 4D Reconstruction from Long Monocular Videos
Paper:2605.17478,Paper:2605.17478,Paper,Paper,0,41,2026,,,,,,Mamba-VGGT: Persistent Long-Sequence Video Geometry Grounded Transformer via External Sliding Window Mamba Memory
Paper:2605.17593,Paper:2605.17593,Paper,Paper,0,42,2026,,,,,,Motion-Uncertainty-Aware Next-Best-View Planning for Moving Object Reconstruction
Paper:2605.17742,Paper:2605.17742,Paper,Paper,0,70,2026,,,,,,UST-Hand: An Uncertainty-aware Spatiotemporal Point Cloud Interaction Network for 3D Self-supervised Hand Pose Estimation
Paper:2605.17777,Paper:2605.17777,Paper,Paper,0,19,2026,,,,,,Efficient Sparse-to-Dense Visual Localization via Compact Gaussian Scene Representation and Accelerated Dense Pose Estimation
Paper:2605.17855,Paper:2605.17855,Paper,Paper,0,33,2026,,,,,,Accelerating 3D Gaussian Splatting using Tensor Cores
Paper:2605.17865,Paper:2605.17865,Paper,Paper,0,72,2026,,,,,,Imaging Hidden Objects with Consumer LiDAR via Motion Induced Sampling
Paper:2605.17916,Paper:2605.17916,Paper,Paper,,,2026,,,,,,PanoWorld: A Generative Spatial World Model for Consistent Whole-House Panorama Synthesis
Paper:2605.17942,Paper:2605.17942,Paper,Paper,0,35,2026,,,,,,UAVFF3D: A Geometry-Aware Benchmark for Feed-Forward UAV 3D Reconstruction
Paper:2605.18052,Paper:2605.18052,Paper,Paper,0,0,2026,,,,,,Efficient 3D Content Reconstruction and Generation
Paper:2605.18252,Paper:2605.18252,Paper,Paper,0,45,2026,,,,,,GaussianZoom: Progressive Zoom-in Generative 3D Gaussian Splatting with Geometric and Semantic Guidance
Paper:2605.18263,Paper:2605.18263,Paper,Paper,,,2026,,,,,,RT-Splatting: Joint Reflection-Transmission Modeling with Gaussian Splatting
Paper:2605.18447,Paper:2605.18447,Paper,Paper,0,61,2026,,,,,,NeRF-based Spacecraft Reconstruction from Monocular Imagery Under Illumination Variability and Pose Uncertainty
Paper:2605.18553,Paper:2605.18553,Paper,Paper,0,54,2026,,,,,,StableHand: Quality-Aware Flow Matching for World-Space Dual-Hand Motion Estimation from Egocentric Video
Paper:2605.18735,Paper:2605.18735,Paper,Paper,0,53,2026,,,,,,PIXLRelight: Controllable Relighting via Intrinsic Conditioning
Paper:2605.19304,Paper:2605.19304,Paper,Paper,0,0,2026,,,,,,MMGS: 10$\times$ Compressed 3DGS through Optimal Transport Aggregation based on Multi-view Ranking
Paper:2605.19539,Paper:2605.19539,Paper,Paper,0,55,2026,,,,,,Trust It or Not: Evidential Uncertainty for Feed-Forward 3D Reconstruction with Trust3R
Paper:2605.19556,Paper:2605.19556,Paper,Paper,0,22,2026,,,,,,EpiDiffVO: Geometry-Aware Epipolar Diffusion for Robust Visual Odometry
Paper:2605.19624,Paper:2605.19624,Paper,Paper,0,37,2026,,,,,,Component-Aware Structure-Preserving Style Transfer for Satellite Visual Sim2Real Data Construction
Paper:2605.19649,Paper:2605.19649,Paper,Paper,0,54,2026,,,,,,CAD-Free Learning of Spacecraft Pose Estimators via NeRF-Based Augmentations
Paper:2605.19797,Paper:2605.19797,Paper,Paper,0,82,2026,,,,,,Depth2Pose: A Pose-Based Benchmark for Monocular Depth Estimation without Ground-Truth Depth
Paper:2605.20150,Paper:2605.20150,Paper,Paper,,,2026,,,,,,TideGS: Scalable Training of Over One Billion 3D Gaussian Splatting Primitives via Out-of-Core Optimization
Paper:2605.20290,Paper:2605.20290,Paper,Paper,1,62,2026,,,,,,TelePhysics: Physics-Grounded Multi-Object Scene Generation from a Single Image with Real-Time Interaction
Paper:2605.20388,Paper:2605.20388,Paper,Paper,0,34,2026,,,,,,How You Move Tells What You'll Do: Trajectory-Conditioned Egocentric Prediction
Paper:2605.20392,Paper:2605.20392,Paper,Paper,0,26,2026,,,,,,VBT-MPC: Vision-Based Tactile MPC for Contour Following
Paper:2605.20733,Paper:2605.20733,Paper,Paper,0,44,2026,,,,,,Sketch2MinSurf: Vision-Language Guided Generation of Editable Minimal Surfaces from Hand-Drawn Sketches
Paper:2605.20820,Paper:2605.20820,Paper,Paper,,,2026,,,,,,AIR: Amortized Image Reconstruction Framework for Self-Supervised Feed-Forward 2D Gaussian Splatting
Paper:2605.20827,Paper:2605.20827,Paper,Paper,0,44,2026,,,,,,HyDAR-Pano3D: A Hybrid Disentangled Anatomical Recovery Framework for Panoramic-to-3D Reconstruction
Paper:2605.20872,Paper:2605.20872,Paper,Paper,,,2026,,,,,,CAdam: Context-Adaptive Moment Estimation for 3D Gaussian Densification in Generative Distillation
Paper:2605.20889,Paper:2605.20889,Paper,Paper,0,30,2026,,,,,,Map-Mono-Ego: Map-Grounded Global Human Pose Estimation from Monocular Egocentric Video
Paper:2605.20940,Paper:2605.20940,Paper,Paper,0,76,2026,,,,,,3D Reconstruction and Knowledge Distillation to Improve Multi-View Image Models to Explore Spike Volume Estimation in Wheat
Paper:2605.21032,Paper:2605.21032,Paper,Paper,0,31,2026,,,,,,Towards Physically Consistent 4D Scene Reconstruction for Closed-loop Autonomous Driving Simulation
Paper:2605.21421,Paper:2605.21421,Paper,Paper,0,91,2026,,,,,,"AIGaitor: Privacy-preserving and cloud-free motion analysis for everyone, using edge computing"
Paper:2605.21957,Paper:2605.21957,Paper,Paper,0,42,2026,,,,,,Bounding-Box Trajectories Matter for Video Anomaly Detection
Paper:2605.22020,Paper:2605.22020,Paper,Paper,0,63,2026,,,,,,ForeSplat: Optimization-Aware Foresight for Feed-Forward 3D Gaussian Splatting
Paper:2605.22036,Paper:2605.22036,Paper,Paper,0,49,2026,,,,,,GA-VLN: Geometry-Aware BEV Representation for Efficient Vision-Language Navigation
Paper:2605.22069,Paper:2605.22069,Paper,Paper,0,47,2026,,,,,,TWINGS: Thin Plate Splines Warp-aligned Initialization for Sparse-View Gaussian Splatting
Paper:2605.22190,Paper:2605.22190,Paper,Paper,0,68,2026,,,,,,"No Pose, No Problem in 4D: Feed-Forward Dynamic Gaussians from Unposed Multi-View Videos"
Paper:2605.22231,Paper:2605.22231,Paper,Paper,0,43,2026,,,,,,REACH: Hand Pose Estimation from Room Corners
Paper:2605.22359,Paper:2605.22359,Paper,Paper,0,90,2026,,,,,,GazePrior: Zero-Shot AR/VR Eye Tracking via Learned 3D Gaze Reconstruction
Paper:2605.22420,Paper:2605.22420,Paper,Paper,0,39,2026,,,,,,Diffusion-guided Generalizable Enhancer for Urban Scene Reconstruction
Paper:2605.22467,Paper:2605.22467,Paper,Paper,0,49,2026,,,,,,SADGE: Structure and Appearance Domain Gap Estimation of Synthetic and Real Data
Paper:2605.22819,Paper:2605.22819,Paper,Paper,0,128,2026,,,,,,Cambrian-P: Pose-Grounded Video Understanding
Paper:2605.22997,Paper:2605.22997,Paper,Paper,1,69,2026,,,,,,Scene Reconstruction as Mapping Priors for 3D Detection
Paper:2605.23287,Paper:2605.23287,Paper,Paper,0,57,2026,,,,,,LangFlash: Feed-forward 3D Language Gaussian Splatting from Sparse Unposed Images
Paper:2605.23386,Paper:2605.23386,Paper,Paper,0,17,2026,,,,,,Droneulator: A Portable UAV Simulator for Agricultural Workflows with RotorPy and Godot 4
Paper:2605.23523,Paper:2605.23523,Paper,Paper,0,96,2026,,,,,,ComPose: When to Trust Hands for Object Pose Tracking
Paper:2605.23602,Paper:2605.23602,Paper,Paper,,,2026,,,,,,GlowGS: Generative Semantic Feature Learning for 3D Gaussian Splatting in Nighttime Glow Scenes
Paper:2605.23888,Paper:2605.23888,Paper,Paper,0,65,2026,,,,,,GenRecon: Bridging Generative Priors for Multi-View 3D Scene Reconstruction
Paper:2605.23889,Paper:2605.23889,Paper,Paper,0,58,2026,,,,,,HorizonStream: Long-Horizon Attention for Streaming 3D Reconstruction
Paper:2605.23892,Paper:2605.23892,Paper,Paper,0,115,2026,,,,,,Good Token Hunting: A Hitchhiker's Guide to Token Selection for Visual Geometry Transformers
Paper:2605.24304,Paper:2605.24304,Paper,Paper,0,40,2026,,,,,,ArtSplat: Feed-Forward Articulated 3D Gaussian Splatting from Sparse Multi-State Uncalibrated Views
Paper:2605.24630,Paper:2605.24630,Paper,Paper,0,28,2026,,,,,,DexSIM: Real-time Dexterous Simulation with Unified Causal Video Diffusion
Paper:2605.24642,Paper:2605.24642,Paper,Paper,0,51,2026,,,,,,Understanding the Impact of Geometric Foundation Models on Vision-Language-Action Models
Paper:2605.24776,Paper:2605.24776,Paper,Paper,0,15,2026,,,,,,How Noisy Poses Break Inverse Dynamics: Analysis and Mitigation for Video-Based Joint Torque Estimation
Paper:2605.24959,Paper:2605.24959,Paper,Paper,0,47,2026,,,,,,Three-Step Conditional Diffusion 3D Reconstruction for Light-Field Microscopy
Paper:2605.25216,Paper:2605.25216,Paper,Paper,0,25,2026,,,,,,"InvariantCloud: A Globally Invariant, Uniquely Indexed Point Cloud Framework for Robust 6-DoF Tactile Pose Tracking"
Paper:2605.25345,Paper:2605.25345,Paper,Paper,0,41,2026,,,,,,Depth Peeling for High-Fidelity Gaussian-Enhanced Surfel Rendering
Paper:2605.25553,Paper:2605.25553,Paper,Paper,0,44,2026,,,,,,ComPose: A Unified Completion-Pose Framework for Robust Category-Level Object Pose Estimation
Paper:2605.25598,Paper:2605.25598,Paper,Paper,0,48,2026,,,,,,SurfSurg6D: Geometry Consistent Dense Correspondence for Textureless Surgical Instrument Pose Estimation
Paper:2605.25751,Paper:2605.25751,Paper,Paper,0,50,2026,,,,,,SplitAvatar: One-shot Head Avatar with Autoregressive Gaussian Splitting
Paper:2605.25909,Paper:2605.25909,Paper,Paper,0,24,2026,,,,,,R5DGS: Semantic-Aware 4D Gaussian Splatting with Rigid Body Constraints for Efficient Dynamic Scene Reconstruction
Paper:2605.26103,Paper:2605.26103,Paper,Paper,1,60,2026,,,,,,Global Structure-from-Motion Meets Feedforward Reconstruction
Paper:2605.26113,Paper:2605.26113,Paper,Paper,0,70,2026,,,,,,AnyScene: Towards Highly Controllable Driving Scene Generation at Anywhere and Beyond
Paper:2605.26115,Paper:2605.26115,Paper,Paper,1,80,2026,,,,,,TriSplat: Simulation-Ready Feed-Forward 3D Scene Reconstruction
Paper:2605.26230,Paper:2605.26230,Paper,Paper,0,72,2026,,,,,,Geometry-Aware Representation Denoising for Robust Multi-view 3D Reconstruction
Paper:2605.26368,Paper:2605.26368,Paper,Paper,0,57,2026,,,,,,Unified Panoramic Geometry Estimation via Multi-View Foundation Models
Paper:2605.26447,Paper:2605.26447,Paper,Paper,0,27,2026,,,,,,Underwater360: Reconstructing Underwater Scenes from Panoramic Images with Omnidirectional Gaussian Splatting
Paper:2605.26519,Paper:2605.26519,Paper,Paper,0,81,2026,,,,,,$R^3$: 3D Reconstruction via Relative Regression
Paper:2605.26616,Paper:2605.26616,Paper,Paper,0,45,2026,,,,,,Gaussian-Voxel Duet: A Dual-Scaffolding Hybrid Representation for Fast and Accurate Monocular Surface Reconstruction
Paper:2605.26629,Paper:2605.26629,Paper,Paper,0,16,2026,,,,,,DelowlightSplat: Feed-Forward Gaussian Splatting for Lowlight 3D Scene Reconstruction
Paper:2605.27372,Paper:2605.27372,Paper,Paper,0,53,2026,,,,,,G3T Up! Gravity Aligned Coordinate Frames Simplify Pointmap Processing
Paper:2605.27952,Paper:2605.27952,Paper,Paper,0,43,2026,,,,,,Con-DSO: Learning Short-Horizon Consistency Priors for RGB-D Direct Sparse Odometry
Paper:2605.28125,Paper:2605.28125,Paper,Paper,0,49,2026,,,,,,CLEAR-NeRF: Collinearity and Local-region Enhanced Accurate 3D Reconstruction in Unbounded Scenes
Paper:2605.28172,Paper:2605.28172,Paper,Paper,0,34,2026,,,,,,Provably Guaranteed Polytopic Uncertainty Quantification for SLAM
Paper:2605.28237,Paper:2605.28237,Paper,Paper,,,2026,,,,,,POINav: Benchmarking and Enhancing Final-Meters Arrival in Real-World Vision-Language Navigation
Paper:2605.28257,Paper:2605.28257,Paper,Paper,0,66,2026,,,,,,Category-Level 3D Correspondence in Camera Space via Morphable Object Priors
Paper:2605.28477,Paper:2605.28477,Paper,Paper,0,42,2026,,,,,,SA4Depth: Consistent Pose-Depth Scale Alignment for Self-Supervised Monocular Depth Estimation
Paper:2605.29098,Paper:2605.29098,Paper,Paper,0,58,2026,,,,,,Seeing through boxes: Non-Line-of-Sight 3D Reconstruction from Radar Signals
Paper:2605.29136,Paper:2605.29136,Paper,Paper,0,24,2026,,,,,,Eulerian Gaussian Splatting using Hashed Probability Pyramids
Paper:2605.29298,Paper:2605.29298,Paper,Paper,0,79,2026,,,,,,MonoDuo: Using One Robot Arm to Learn Bimanual Policies
Paper:2605.29879,Paper:2605.29879,Paper,Paper,0,33,2026,,,,,,DGSG-Mind: Dynamic 3D Gaussian Scene Graphs for Long-Term Scene Understanding and Grounding
Paper:2605.29953,Paper:2605.29953,Paper,Paper,0,43,2026,,,,,,Mesh-Aware Epipolar Matching for Multi-View Multi-Person 3D Pose Estimation in Basketball
Paper:2605.29997,Paper:2605.29997,Paper,Paper,0,46,2026,,,,,,FRUC: Feedforward Dynamic Scene Reconstruction from Uncalibrated Collaborative Driving Views
Paper:2605.30065,Paper:2605.30065,Paper,Paper,,,2026,,,,,,Boosting Zero-Shot 3D Style Transfer with 2D Pre-trained Priors
Paper:2605.30215,Paper:2605.30215,Paper,Paper,0,85,2026,,,,,,Déjà View: Looping Transformers for Multi-View 3D Reconstruction
Paper:2605.30239,Paper:2605.30239,Paper,Paper,0,46,2026,,,,,,SAM3D-Phys: Towards Multi-Object Interactive Simulation in Real World
Paper:2605.30268,Paper:2605.30268,Paper,Paper,,,2026,,,,,,PhyGenHOI: Physically-Aware 4D Generation of Dynamic Human-Object Interactions
Paper:2605.30310,Paper:2605.30310,Paper,Paper,0,44,2026,,,,,,City-Mesh3R: Simulation-Ready City-Scale 3D Mesh Reconstruction from Multi-View Images
Paper:2605.30328,Paper:2605.30328,Paper,Paper,0,22,2026,,,,,,Supercharging Thermal Gaussian Splatting with Depth Estimation
Paper:2605.30342,Paper:2605.30342,Paper,Paper,,,2026,,,,,,Uncertainty-driven 3D Gaussian Splatting Active Mapping via Anisotropic Visibility Field
Paper:2605.30488,Paper:2605.30488,Paper,Paper,0,58,2026,,,,,,CoMo3R-SLAM: Collaborative Monocular Dense SLAM with Learned 3D Reconstruction Priors for Outdoor Multi-Agent Systems
Paper:2605.30561,Paper:2605.30561,Paper,Paper,0,56,2026,,,,,,VLM3: Vision Language Models Are Native 3D Learners
Paper:2605.30671,Paper:2605.30671,Paper,Paper,0,16,2026,,,,,,WristCompass: Kinematic Coupling as a Learnable Visual Concept for Ego-Camera Orientation
Paper:2605.30855,Paper:2605.30855,Paper,Paper,,,2026,,,,,,Robust Dreamer: Deviation-Aware Latent Gaussian Memory for Action-Controlled AR Video Generation
Paper:2605.30863,Paper:2605.30863,Paper,Paper,0,49,2026,,,,,,DSD-GS: Dynamic-Static Decomposition of Gaussian Splatting for Efficient and High-Fidelity Dynamic Scene Reconstruction
Paper:2605.31124,Paper:2605.31124,Paper,Paper,0,55,2026,,,,,,QVGGT: Post-Training Quantized Visual Geometry Grounded Transformer
Paper:2605.31217,Paper:2605.31217,Paper,Paper,0,43,2026,,,,,,TALON: Token-Aligned Lightweight Adapters for 6-DoF Spacecraft Pose Estimation
Paper:2605.31376,Paper:2605.31376,Paper,Paper,,,2026,,,,,,LiftNav: Path Planning via Semantic Lifting in TSDF-Guided Gaussian Splatting
Paper:2605.31466,Paper:2605.31466,Paper,Paper,0,99,2026,,,,,,VolFill: Single-View Amodal 3D Scene Reconstruction with Volumetric Flow Matching
Paper:2605.31534,Paper:2605.31534,Paper,Paper,0,20,2026,,,,,,Feature-Optimized Vision for Adaptive 3D Scene Reconstruction
Paper:2605.31535,Paper:2605.31535,Paper,Paper,0,91,2026,,,,,,RayDer: Scalable Self-Supervised Novel View Synthesis from Real-World Video
Paper:2605.31551,Paper:2605.31551,Paper,Paper,0,6,2026,,,,,,SMART: SMPLest-X Mesh Adaptation and RAFT Tracking for Soccer Pose Estimation
Paper:2605.31577,Paper:2605.31577,Paper,Paper,0,69,2026,,,,,,SurGe: Improved Surface Geometry in Point Maps
Paper:2605.31595,Paper:2605.31595,Paper,Paper,0,114,2026,,,,,,Learning Global Motion with Compact Gaussians for Feed-Forward 4D Reconstruction
Paper:2605.31597,Paper:2605.31597,Paper,Paper,0,82,2026,,,,,,SOCO: Benchmarking Semantic Object Correspondence in Vision Foundation Models
Paper:2606.00054,Paper:2606.00054,Paper,Paper,3,82,2026,,,,,,From Human Videos to Robot Manipulation: A Survey on Scalable Vision-Language-Action Learning with Human-Centric Data
Paper:2606.00137,Paper:2606.00137,Paper,Paper,0,252,2026,,,,,,Advances in Neural 3D Mesh Texturing: A Survey
Paper:2606.00307,Paper:2606.00307,Paper,Paper,0,28,2026,,,,,,ScaRF-SLAM: Scale-Consistent Reconstruction with Feed-Forward Models and Classical Visual SLAM
Paper:2606.00397,Paper:2606.00397,Paper,Paper,0,20,2026,,,,,,SoFiE: Soft Finger Exoskeleton for Intelligent Grasping
Paper:2606.00444,Paper:2606.00444,Paper,Paper,0,25,2026,,,,,,Real-Time Physics Simulation with Dynamic Mesh-Gaussian Reconstructions
Paper:2606.00450,Paper:2606.00450,Paper,Paper,,,2026,,,,,,Optimizing 3D Gaussian Splatting via Point Cloud Upsampling
Paper:2606.00452,Paper:2606.00452,Paper,Paper,0,25,2026,,,,,,Beyond Static Gaussians: An Empirical Investigation of Architectural Paradigms for Dynamic 3D Scene Reconstruction
Paper:2606.00576,Paper:2606.00576,Paper,Paper,0,35,2026,,,,,,Dynamic Resilient Spatio-Semantic Memory with Hybrid Localization for Mobile Manipulation
Paper:2606.00803,Paper:2606.00803,Paper,Paper,0,50,2026,,,,,,Generative Diffusion Priors for 3D Mapping of the Dark Universe
Paper:2606.00963,Paper:2606.00963,Paper,Paper,0,70,2026,,,,,,Reasmory: 3D Reconstruction as Explicit Memory for VLMs Spatial Reasoning
Paper:2606.01315,Paper:2606.01315,Paper,Paper,0,83,2026,,,,,,DeblurNVS: Geometric Latent Diffusion for Novel View Synthesis from Sparse Motion-Blurred Images
Paper:2606.01367,Paper:2606.01367,Paper,Paper,0,48,2026,,,,,,ActMVS: Active Scene Reconstruction with Monocular Multi-View Stereo
Paper:2606.01493,Paper:2606.01493,Paper,Paper,,,2026,,,,,,Splatshot: 3D Face Avatar Generation from a Single Unconstrained Photo
Paper:2606.01573,Paper:2606.01573,Paper,Paper,0,54,2026,,,,,,$\text{VG}^2$GT: Voxel-Gaussian Splatting Visual Geometry Grounded Transformer
Paper:2606.01824,Paper:2606.01824,Paper,Paper,0,24,2026,,,,,,"DisFlow: Scene Flow from Distance Field for Object Pose, Velocity Tracking, and Dynamic Object Reconstruction"
Paper:2606.01940,Paper:2606.01940,Paper,Paper,0,31,2026,,,,,,SCAPO: Self-Supervised Category-Level Articulated Pose Estimation from a Single 3D Observation
Paper:2606.01946,Paper:2606.01946,Paper,Paper,0,29,2026,,,,,,Closed-Form Pose Estimation of Endoluminal Medical Devices via Gradiometer-Based Electromagnetic Localization System
Paper:2606.02021,Paper:2606.02021,Paper,Paper,0,18,2026,,,,,,PerBite: A Curated Diagnostic Workflow for Bite-Aware Food Volume Estimation
Paper:2606.02068,Paper:2606.02068,Paper,Paper,0,44,2026,,,,,,Fast and Lightweight Novel View Synthesis with Differentiable Multiplane Image
Paper:2606.02096,Paper:2606.02096,Paper,Paper,0,52,2026,,,,,,WebSpline: Structure-Informed Splines for Real-Time 3D Gaussians from Monocular Videos
Paper:2606.02153,Paper:2606.02153,Paper,Paper,0,54,2026,,,,,,Ultra Diffusion Poser: Diffusion-Based Human Motion Tracking From Sparse Inertial Sensors and Ranging-Based Between-Sensor Distances
Paper:2606.02219,Paper:2606.02219,Paper,Paper,0,49,2026,,,,,,Symmetry-Aware 9D Pose Estimation with Sim(3)-Consistent Feature and Spherical Inception Convolution
Paper:2606.02251,Paper:2606.02251,Paper,Paper,0,36,2026,,,,,,FW-NKF: Frequency-Weighted Neural Kalman Filters
Paper:2606.02301,Paper:2606.02301,Paper,Paper,0,24,2026,,,,,,Quantitative Movement Testing: Measuring Patient Movements from a Single Smartphone Video
Paper:2606.02346,Paper:2606.02346,Paper,Paper,0,52,2026,,,,,,VEDAL: Variational Error-Driven Asynchronous Learning for 3D Gaussian Splatting Pruning
Paper:2606.02436,Paper:2606.02436,Paper,Paper,0,71,2026,,,,,,Geometry-Aware Implicit Memory for Video World Models
Paper:2606.02479,Paper:2606.02479,Paper,Paper,0,49,2026,,,,,,Retrieve What's Missing: Coverage-Maximizing Retrieval for Consistent Long Video Generation
Paper:2606.02639,Paper:2606.02639,Paper,Paper,0,34,2026,,,,,,Sparse-View Lung Nodule Volumetry from Digitally Reconstructed Radiographs via AReT: Anatomy-Regularized TensoRF
Paper:2606.02937,Paper:2606.02937,Paper,Paper,0,67,2026,,,,,,BEAST3D: Animal behavioral analysis and neural encoding from multi-view video via Gaussian splatting
Paper:2606.03120,Paper:2606.03120,Paper,Paper,,,2026,,,,,,KC-3DGS: Kurtosis-Constrained Gaussian Splatting for High-Fidelity View Synthesis
Paper:2606.03287,Paper:2606.03287,Paper,Paper,0,52,2026,,,,,,BA-T: An Iterative Transformer for Two-View Bundle Adjustment
Paper:2606.03479,Paper:2606.03479,Paper,Paper,,,2026,,,,,,PersistGS: Differentiable Physics for Object Permanence in 4D Gaussian Splatting
Paper:2606.03509,Paper:2606.03509,Paper,Paper,0,59,2026,,,,,,EvoMemNav: Efficient Self-Evolving Fine-Grained Memory for Zero-Shot Embodied Navigation
Paper:2606.03682,Paper:2606.03682,Paper,Paper,,,2026,,,,,,"GN0: Toward a Unified Paradigm for Generation, Evaluation, and Policy Learning in Visual-Language Navigation"
Paper:2606.03748,Paper:2606.03748,Paper,Paper,0,90,2026,,,,,,Ultralytics YOLO26: Unified Real-Time End-to-End Vision Models
Paper:2606.03877,Paper:2606.03877,Paper,Paper,0,47,2026,,,,,,MLP Splatting: Object-Centric Neural Fields
Paper:2606.03905,Paper:2606.03905,Paper,Paper,0,31,2026,,,,,,Semantic-weighted ICP for LiDAR Odometry: Class-Aware Residual Reweighting for Robust Scan Registration
Paper:2606.03909,Paper:2606.03909,Paper,Paper,0,63,2026,,,,,,SparseStreet: Sparse Gaussian Splatting for Real-Time Street Scene Simulation
Paper:2606.03931,Paper:2606.03931,Paper,Paper,0,11,2026,,,,,,Multi-Robot Bearing-only Pose Estimation via Angle Rigidity
Paper:2606.03994,Paper:2606.03994,Paper,Paper,0,64,2026,,,,,,SimuScene: Simulation-Ready Compositional 3D Scene Reconstruction from a Single Image
Paper:2606.04226,Paper:2606.04226,Paper,Paper,0,33,2026,,,,,,PerceptTwin: Semantic Scene Reconstruction for Iterative LLM Planning and Verification
Paper:2606.04480,Paper:2606.04480,Paper,Paper,0,39,2026,,,,,,IMPose: Interactive Multi-person Pose Estimation with Dynamic Correction Propagation
Paper:2606.04788,Paper:2606.04788,Paper,Paper,0,42,2026,,,,,,Z-FLoc: Zero-Shot Floorplan Localization via Geometric Primitives
Paper:2606.04992,Paper:2606.04992,Paper,Paper,0,29,2026,,,,,,Multi-Camera AR Guidance System for Surgical Instrument Handling and Assembly: Investigating Workload and Efficiency
Paper:2606.05011,Paper:2606.05011,Paper,Paper,0,23,2026,,,,,,CIPER: A Unified Framework for Cross-view Image-retrieval and Pose-estimation
Paper:2606.05035,Paper:2606.05035,Paper,Paper,0,0,2026,,,,,,Anchor3R: Streaming 3D Reconstruction with Transient Anchors for Long-Horizon Visual Mapping
Paper:2606.05124,Paper:2606.05124,Paper,Paper,,,2026,,,,,,Geometry Gaussians: Decoupling Appearance and Geometry in Gaussian Splatting
Paper:2606.05437,Paper:2606.05437,Paper,Paper,0,68,2026,,,,,,Uncertainty-Aware Adaptive Sensor Fusion for Autonomous Navigation
Paper:2606.05491,Paper:2606.05491,Paper,Paper,0,22,2026,,,,,,Unpaired RGB-Thermal Gaussian-Splatting Using Visual Geometric Transformers
Paper:2606.05650,Paper:2606.05650,Paper,Paper,,,2026,,,,,,GS-NFS: Bandwidth-adaptive Streaming of Dynamic Gaussian Splats and Point Clouds
Paper:2606.05774,Paper:2606.05774,Paper,Paper,0,87,2026,,,,,,LiAuto-GeoX: Efficient Grounded Driving Transformer
Paper:2606.05998,Paper:2606.05998,Paper,Paper,1,11,2026,,,,,,Deep Learning-based 3D Oral Cavity Reconstruction Using 2D Intraoral Images
Paper:2606.06039,Paper:2606.06039,Paper,Paper,0,49,2026,,,,,,Texture-preserving implicit neural representation for Cone beam CT truncated reconstruction
Paper:2606.06685,Paper:2606.06685,Paper,Paper,,,2026,,,,,,RigPAPR: Rig-Based Animation of Static Neural Point Clouds from a Fixed-Viewpoint Video
Paper:2606.06878,Paper:2606.06878,Paper,Paper,0,42,2026,,,,,,A Cross-view Fusion Framework for Robust 6-DoF Grasp Pose Estimation
Paper:2606.06903,Paper:2606.06903,Paper,Paper,0,45,2026,,,,,,Beyond Skeletons: Learning Animation Directly from Driving Videos with Same2X Training Strategy
Paper:2606.07419,Paper:2606.07419,Paper,Paper,0,90,2026,,,,,,DisPOSE: Projected Polystochastic Diffusion for Self-Supervised Multi-View 3D Human Pose Estimation
Paper:2606.07670,Paper:2606.07670,Paper,Paper,0,16,2026,,,,,,Liquid Neural Networks as a Drop-in Continuous-Time Deformation Field for Dynamic 3D Gaussian Splatting
Paper:2606.07891,Paper:2606.07891,Paper,Paper,0,41,2026,,,,,,C3VD-DEFCOL: A Deformable Colonoscopy Dataset with Time-Resolved 3D Ground Truth and Realistic Appearance
Paper:2606.08205,Paper:2606.08205,Paper,Paper,0,44,2026,,,,,,Empowering Feed-Forward Reconstruction Models with Metric Scale via Satellite Images
Paper:2606.08284,Paper:2606.08284,Paper,Paper,0,31,2026,,,,,,G2G: Exploiting Intra-Group Geometry for Inter-Group Pose Estimation
Paper:2606.09139,Paper:2606.09139,Paper,Paper,,,2026,,,,,,A Geometric Framework for Absolute Pose and Velocity Estimation with Event Cameras
Repo:1adrianb/binary-human-pose-estimation,Repo:1adrianb/binary-human-pose-estimation,Repo,Repo,,,,214,68,7,2026-01-28T09:06:52Z,2017-01-09T16:50:03Z,
Repo:3DOM-FBK/deep-image-matching,Repo:3DOM-FBK/deep-image-matching,Repo,Repo,,,,541,76,14,2026-06-06T00:48:48Z,2023-09-14T09:34:41Z,
Repo:93won/lidar_odometry,Repo:93won/lidar_odometry,Repo,Repo,,,,533,80,0,2026-05-27T13:44:12Z,2025-09-26T07:36:39Z,
Repo:AIBluefisher/DAGSfM,Repo:AIBluefisher/DAGSfM,Repo,Repo,,,,420,90,18,2026-05-13T06:30:16Z,2018-12-13T11:43:23Z,
Repo:AIRLab-POLIMI/ros2-aruco-pose-estimation,Repo:AIRLab-POLIMI/ros2-aruco-pose-estimation,Repo,Repo,,,,74,30,4,2026-05-23T15:09:17Z,2024-02-05T11:40:06Z,
Repo:ActiveVisionLab/DFNet,Repo:ActiveVisionLab/DFNet,Repo,Repo,,,,109,13,0,2026-04-01T07:01:47Z,2022-07-07T15:41:31Z,
Repo:ActiveVisionLab/MobileBrick,Repo:ActiveVisionLab/MobileBrick,Repo,Repo,,,,147,5,2,2026-02-24T22:32:25Z,2023-02-13T21:37:13Z,
Repo:ActiveVisionLab/nerfmm,Repo:ActiveVisionLab/nerfmm,Repo,Repo,,,,576,53,5,2026-04-18T15:16:31Z,2021-02-08T09:37:47Z,
Repo:ActiveVisionLab/nope-nerf,Repo:ActiveVisionLab/nope-nerf,Repo,Repo,,,,407,33,24,2026-04-09T08:23:55Z,2022-11-27T13:46:21Z,
Repo:AdaptiveMotorControlLab/FMPose3D,Repo:AdaptiveMotorControlLab/FMPose3D,Repo,Repo,,,,132,19,0,2026-06-08T13:48:56Z,2026-02-02T08:22:12Z,
Repo:AndreiBarsan/DynSLAM,Repo:AndreiBarsan/DynSLAM,Repo,Repo,,,,575,177,18,2026-03-31T14:17:23Z,2017-05-20T15:18:05Z,
Repo:Angtian/NeMo,Repo:Angtian/NeMo,Repo,Repo,,,,89,13,0,2024-10-18T07:12:29Z,2020-12-11T14:26:37Z,
Repo:Anttwo/SuGaR,Repo:Anttwo/SuGaR,Repo,Repo,,,,3404,300,187,2026-06-08T19:52:53Z,2023-11-27T02:49:09Z,
Repo:BatFaceWayne/DeGauss,Repo:BatFaceWayne/DeGauss,Repo,Repo,,,,63,5,1,2026-06-04T12:12:31Z,2025-03-12T08:45:26Z,
Repo:BertaBescos/DynaSLAM,Repo:BertaBescos/DynaSLAM,Repo,Repo,,,,933,207,64,2026-06-05T12:28:26Z,2018-02-26T16:01:37Z,
Repo:BoomStarcuc/3DSfMFaceReconstruction,Repo:BoomStarcuc/3DSfMFaceReconstruction,Repo,Repo,,,,63,10,4,2025-05-14T22:04:14Z,2021-08-24T17:45:19Z,
Repo:BrandonHanx/HeadSculpt,Repo:BrandonHanx/HeadSculpt,Repo,Repo,,,,117,4,2,2026-05-16T05:59:42Z,2023-06-05T16:08:04Z,
Repo:CNJianLiu/6D-CLGrasp,Repo:CNJianLiu/6D-CLGrasp,Repo,Repo,,,,67,6,0,2026-05-30T13:00:43Z,2022-05-31T08:42:56Z,
Repo:CNJianLiu/Diff9D,Repo:CNJianLiu/Diff9D,Repo,Repo,,,,59,2,0,2026-05-30T13:00:45Z,2025-02-04T18:01:52Z,
Repo:CNJianLiu/SinRef-6D,Repo:CNJianLiu/SinRef-6D,Repo,Repo,,,,63,3,0,2026-06-01T04:38:01Z,2025-03-06T14:37:39Z,
Repo:ChanglongJiangGit/A2J-Transformer,Repo:ChanglongJiangGit/A2J-Transformer,Repo,Repo,,,,108,9,22,2026-03-28T07:48:44Z,2023-03-23T14:57:13Z,
Repo:DIYer22/bpycv,Repo:DIYer22/bpycv,Repo,Repo,,,,502,60,5,2026-06-04T18:10:09Z,2019-12-29T12:46:59Z,
Repo:DSaurus/Tensor4D,Repo:DSaurus/Tensor4D,Repo,Repo,,,,230,10,12,2026-06-06T13:42:51Z,2023-03-24T18:15:05Z,
Repo:Danial-Kord/DigiHuman,Repo:Danial-Kord/DigiHuman,Repo,Repo,,,,570,87,11,2026-05-25T05:32:00Z,2022-02-03T16:14:52Z,
Repo:Daniil-Osokin/gccpm-look-into-person-cvpr19.pytorch,Repo:Daniil-Osokin/gccpm-look-into-person-cvpr19.pytorch,Repo,Repo,,,,169,29,3,2026-04-03T07:16:29Z,2019-06-30T09:02:50Z,
Repo:Daniil-Osokin/lightweight-human-pose-estimation.pytorch,Repo:Daniil-Osokin/lightweight-human-pose-estimation.pytorch,Repo,Repo,,,,2239,494,2,2026-06-04T13:10:12Z,2019-03-02T20:57:11Z,
Repo:DeepLabCut/DeepLabCut,Repo:DeepLabCut/DeepLabCut,Repo,Repo,,,,5668,1787,39,2026-06-09T00:50:41Z,2018-03-26T22:29:12Z,
Repo:DenisTome/Lifting-from-the-Deep-release,Repo:DenisTome/Lifting-from-the-Deep-release,Repo,Repo,,,,449,133,5,2026-05-21T01:24:14Z,2017-04-27T14:23:10Z,
Repo:Easonyesheng/A2PM-MESA,Repo:Easonyesheng/A2PM-MESA,Repo,Repo,,,,161,17,0,2026-06-08T02:04:14Z,2024-07-09T07:24:59Z,
Repo:Enigmatisms/NeRF,Repo:Enigmatisms/NeRF,Repo,Repo,,,,73,2,1,2025-08-03T13:14:24Z,2022-03-14T13:01:18Z,
Repo:Ewenwan/MVision,Repo:Ewenwan/MVision,Repo,Repo,,,,8650,2788,19,2026-06-08T01:42:25Z,2017-09-24T06:25:27Z,
Repo:FORTH-ModelBasedTracker/MocapNET,Repo:FORTH-ModelBasedTracker/MocapNET,Repo,Repo,,,,939,143,21,2026-06-05T17:48:50Z,2019-07-05T11:13:29Z,
Repo:FangjinhuaWang/IterMVS,Repo:FangjinhuaWang/IterMVS,Repo,Repo,,,,169,19,2,2026-03-30T13:39:58Z,2021-09-23T15:11:39Z,
Repo:FrozenBurning/Relighting4D,Repo:FrozenBurning/Relighting4D,Repo,Repo,,,,279,19,3,2026-04-11T14:13:11Z,2022-07-10T12:34:58Z,
Repo:GAP-LAB-CUHK-SZ/gaustudio,Repo:GAP-LAB-CUHK-SZ/gaustudio,Repo,Repo,,,,1743,101,34,2026-06-08T19:52:54Z,2023-12-16T16:28:54Z,
Repo:GONGJIA0208/Diffpose,Repo:GONGJIA0208/Diffpose,Repo,Repo,,,,192,11,20,2026-06-06T02:14:37Z,2023-04-28T02:07:06Z,
Repo:GSNCodes/ArUCo-Markers-Pose-Estimation-Generation-Python,Repo:GSNCodes/ArUCo-Markers-Pose-Estimation-Generation-Python,Repo,Repo,,,,321,100,3,2026-06-07T08:11:23Z,2021-01-03T16:46:46Z,
Repo:GSORF/Visual-GPS-SLAM,Repo:GSORF/Visual-GPS-SLAM,Repo,Repo,,,,322,86,3,2026-05-24T13:01:29Z,2017-11-07T17:31:57Z,
Repo:Gaochao-hit/LIO-SAM_based_relocalization,Repo:Gaochao-hit/LIO-SAM_based_relocalization,Repo,Repo,,,,601,107,10,2026-06-01T12:01:28Z,2020-07-26T03:34:23Z,
Repo:Garfield-kh/PoseTriplet,Repo:Garfield-kh/PoseTriplet,Repo,Repo,,,,317,25,3,2026-05-07T10:07:16Z,2022-03-30T04:24:19Z,
Repo:GengDavid/pytorch-cpn,Repo:GengDavid/pytorch-cpn,Repo,Repo,,,,499,97,21,2026-05-28T22:49:09Z,2018-06-21T15:45:20Z,
Repo:GigaFlopsis/image_pose_estimation,Repo:GigaFlopsis/image_pose_estimation,Repo,Repo,,,,52,10,1,2026-05-26T03:36:02Z,2018-12-03T22:04:21Z,
Repo:Gorilla-Lab-SCUT/HelixSurf,Repo:Gorilla-Lab-SCUT/HelixSurf,Repo,Repo,,,,92,5,6,2024-07-23T06:24:28Z,2022-11-14T07:32:36Z,
Repo:GradientSpaces/Rectified-Point-Flow,Repo:GradientSpaces/Rectified-Point-Flow,Repo,Repo,,,,191,15,6,2026-05-20T06:34:55Z,2025-06-02T17:18:15Z,
Repo:HKUST-Aerial-Robotics/A-LOAM,Repo:HKUST-Aerial-Robotics/A-LOAM,Repo,Repo,,,,2414,830,52,2026-06-09T01:45:29Z,2019-03-06T15:31:46Z,
Repo:HannesStark/SMPL-NeRF,Repo:HannesStark/SMPL-NeRF,Repo,Repo,,,,59,6,1,2025-10-19T08:54:14Z,2020-03-31T06:39:25Z,
Repo:HengyiWang/Co-SLAM,Repo:HengyiWang/Co-SLAM,Repo,Repo,,,,475,46,23,2026-05-30T02:49:08Z,2023-04-28T08:58:55Z,
Repo:Horacehxw/Dynamic_ORB_SLAM2,Repo:Horacehxw/Dynamic_ORB_SLAM2,Repo,Repo,,,,128,39,3,2026-05-13T17:12:09Z,2019-04-04T02:04:57Z,
Repo:HowieMa/NSRMhand,Repo:HowieMa/NSRMhand,Repo,Repo,,,,103,16,9,2025-09-10T07:58:08Z,2020-01-09T05:12:48Z,
Repo:Hzzone/pytorch-openpose,Repo:Hzzone/pytorch-openpose,Repo,Repo,,,,2315,418,74,2026-06-02T05:32:08Z,2018-11-12T08:11:22Z,
Repo:IDEA-Research/DWPose,Repo:IDEA-Research/DWPose,Repo,Repo,,,,2749,169,41,2026-06-09T02:39:15Z,2023-07-26T09:12:37Z,
Repo:IDEA-Research/detrex,Repo:IDEA-Research/detrex,Repo,Repo,,,,2295,245,83,2026-06-05T07:40:45Z,2022-08-01T07:48:17Z,
Repo:ItsWajdy/modeler,Repo:ItsWajdy/modeler,Repo,Repo,,,,51,17,1,2025-12-09T02:05:37Z,2018-12-19T05:07:25Z,
Repo:JIA-Lab-research/Ref-NPR,Repo:JIA-Lab-research/Ref-NPR,Repo,Repo,,,,126,10,4,2026-02-28T17:21:29Z,2023-03-24T08:04:35Z,
Repo:JOP-Lee/READ,Repo:JOP-Lee/READ,Repo,Repo,,,,449,57,29,2026-05-27T06:33:08Z,2022-05-10T06:44:58Z,
Repo:JeffLIrion/python-graphslam,Repo:JeffLIrion/python-graphslam,Repo,Repo,,,,238,31,1,2026-03-30T01:33:01Z,2020-02-09T01:39:40Z,
Repo:JiawangBian/GMS-Feature-Matcher,Repo:JiawangBian/GMS-Feature-Matcher,Repo,Repo,,,,1114,361,10,2026-06-06T05:30:28Z,2016-10-26T08:37:06Z,
Repo:JingwenWang95/DSP-SLAM,Repo:JingwenWang95/DSP-SLAM,Repo,Repo,,,,554,93,13,2026-05-15T17:09:44Z,2021-10-25T18:47:26Z,
Repo:JohannaXie/GauSS-MI,Repo:JohannaXie/GauSS-MI,Repo,Repo,,,,91,4,3,2026-05-28T12:50:55Z,2025-04-25T06:27:25Z,
Repo:JokerJohn/opensource_slam_noted,Repo:JokerJohn/opensource_slam_noted,Repo,Repo,,,,149,38,0,2026-04-23T07:38:58Z,2020-08-17T13:53:16Z,
Repo:JulianKnodt/nerf_atlas,Repo:JulianKnodt/nerf_atlas,Repo,Repo,,,,119,17,4,2025-10-03T11:36:35Z,2021-05-04T06:28:35Z,
Repo:Jumpat/SegmentAnythingin3D,Repo:Jumpat/SegmentAnythingin3D,Repo,Repo,,,,1020,65,35,2026-06-08T08:49:04Z,2023-04-24T08:24:39Z,
Repo:JunkyByte/deepcharuco,Repo:JunkyByte/deepcharuco,Repo,Repo,,,,63,11,0,2026-05-27T21:21:01Z,2023-02-25T17:08:45Z,
Repo:JunkyByte/easy_ViTPose,Repo:JunkyByte/easy_ViTPose,Repo,Repo,,,,246,38,2,2026-04-28T07:14:43Z,2023-05-04T00:17:42Z,
Repo:KTH-RPL/neural_graph_mapping,Repo:KTH-RPL/neural_graph_mapping,Repo,Repo,,,,152,11,3,2026-02-22T06:07:56Z,2024-03-20T10:43:55Z,
Repo:KeKsBoTer/c3dgs,Repo:KeKsBoTer/c3dgs,Repo,Repo,,,,395,41,11,2026-06-06T13:58:43Z,2023-12-21T15:30:55Z,
Repo:KeKsBoTer/web-splat,Repo:KeKsBoTer/web-splat,Repo,Repo,,,,277,31,14,2026-06-06T05:56:48Z,2023-09-21T21:17:26Z,
Repo:Khrylx/EgoPose,Repo:Khrylx/EgoPose,Repo,Repo,,,,93,23,1,2026-06-08T05:54:22Z,2019-07-30T18:28:32Z,
Repo:KinglittleQ/SuperPoint_SLAM,Repo:KinglittleQ/SuperPoint_SLAM,Repo,Repo,,,,669,143,14,2026-06-06T19:52:39Z,2019-07-07T06:47:48Z,
Repo:KumarRobotics/SLIDE_SLAM,Repo:KumarRobotics/SLIDE_SLAM,Repo,Repo,,,,251,25,1,2026-06-05T10:46:59Z,2024-06-18T14:34:13Z,
Repo:Kunhao-Liu/3D-OVS,Repo:Kunhao-Liu/3D-OVS,Repo,Repo,,,,128,6,2,2026-05-07T06:40:10Z,2023-05-23T13:39:21Z,
Repo:Kunhao-Liu/StyleRF,Repo:Kunhao-Liu/StyleRF,Repo,Repo,,,,161,13,16,2025-09-10T08:24:36Z,2023-03-15T09:29:03Z,
Repo:KylinC/mPose3D,Repo:KylinC/mPose3D,Repo,Repo,,,,119,13,1,2026-05-16T10:34:17Z,2021-05-19T12:02:39Z,
Repo:KyungMinJin/HANet,Repo:KyungMinJin/HANet,Repo,Repo,,,,54,4,4,2025-07-10T07:06:08Z,2022-10-12T04:32:22Z,
Repo:Lakonik/SSDNeRF,Repo:Lakonik/SSDNeRF,Repo,Repo,,,,447,25,21,2026-04-15T09:06:50Z,2023-03-22T08:32:53Z,
Repo:LetianHuang/op43dgs,Repo:LetianHuang/op43dgs,Repo,Repo,,,,209,19,4,2026-05-27T06:33:00Z,2024-07-04T15:45:32Z,
Repo:LiangliangNan/MVStudio,Repo:LiangliangNan/MVStudio,Repo,Repo,,,,277,67,0,2026-05-15T05:02:31Z,2018-03-26T09:50:24Z,
Repo:LingDong-/PoseOSC,Repo:LingDong-/PoseOSC,Repo,Repo,,,,80,17,15,2026-06-06T19:30:08Z,2019-09-13T01:32:27Z,
Repo:Linyou/taichi-ngp-renderer,Repo:Linyou/taichi-ngp-renderer,Repo,Repo,,,,373,18,5,2026-05-11T14:02:52Z,2022-10-19T21:06:25Z,
Repo:LiuLimingCode/HFNet_SLAM,Repo:LiuLimingCode/HFNet_SLAM,Repo,Repo,,,,137,20,11,2026-06-01T10:03:38Z,2022-05-25T08:34:07Z,
Repo:MISTLab/DOOR-SLAM,Repo:MISTLab/DOOR-SLAM,Repo,Repo,,,,249,35,0,2026-06-03T07:17:41Z,2019-08-27T19:05:40Z,
Repo:MISTLab/Swarm-SLAM,Repo:MISTLab/Swarm-SLAM,Repo,Repo,,,,650,73,2,2026-06-04T02:38:42Z,2023-01-11T23:20:19Z,
Repo:MIT-SPARK/Kimera-VIO,Repo:MIT-SPARK/Kimera-VIO,Repo,Repo,,,,1872,471,54,2026-06-07T05:38:09Z,2019-09-17T14:20:56Z,
Repo:MIT-SPARK/VGGT-SLAM,Repo:MIT-SPARK/VGGT-SLAM,Repo,Repo,,,,967,107,9,2026-06-09T00:23:55Z,2025-06-02T17:59:13Z,
Repo:MVIG-SJTU/AlphaPose,Repo:MVIG-SJTU/AlphaPose,Repo,Repo,,,,8570,2029,305,2026-06-07T07:38:05Z,2018-01-17T02:33:17Z,
Repo:MVIG-SJTU/RMPE,Repo:MVIG-SJTU/RMPE,Repo,Repo,,,,262,83,15,2026-05-08T17:23:36Z,2016-12-07T02:56:39Z,
Repo:Madaoer/S3IM-Neural-Fields,Repo:Madaoer/S3IM-Neural-Fields,Repo,Repo,,,,241,8,1,2026-02-24T01:22:27Z,2023-08-11T02:49:39Z,
Repo:MasterHow/EventPointPose,Repo:MasterHow/EventPointPose,Repo,Repo,,,,65,6,2,2026-04-20T07:06:27Z,2022-06-09T13:56:20Z,
Repo:MaverickPeter/MR_SLAM,Repo:MaverickPeter/MR_SLAM,Repo,Repo,,,,360,29,8,2026-06-05T03:43:01Z,2022-07-31T08:27:10Z,
Repo:MegviiRobot/CamLaserCalibraTool,Repo:MegviiRobot/CamLaserCalibraTool,Repo,Repo,,,,713,205,19,2026-05-29T09:26:07Z,2018-12-14T07:57:12Z,
Repo:MichaelGrupp/evo,Repo:MichaelGrupp/evo,Repo,Repo,,,,4249,791,9,2026-06-08T02:57:33Z,2017-09-13T19:40:00Z,
Repo:MiraPurkrabek/BBoxMaskPose,Repo:MiraPurkrabek/BBoxMaskPose,Repo,Repo,,,,229,18,0,2026-06-03T23:54:38Z,2024-11-23T13:02:53Z,
Repo:MiraPurkrabek/ProbPose_code,Repo:MiraPurkrabek/ProbPose_code,Repo,Repo,,,,56,4,1,2026-06-01T01:54:12Z,2024-11-26T08:16:21Z,
Repo:MiraPurkrabek/RePoGen,Repo:MiraPurkrabek/RePoGen,Repo,Repo,,,,54,6,1,2026-04-29T08:37:16Z,2023-07-12T14:57:54Z,
Repo:MobileRoboticsSkoltech/RecSync-android,Repo:MobileRoboticsSkoltech/RecSync-android,Repo,Repo,,,,69,20,7,2026-04-17T15:14:31Z,2021-04-13T21:57:21Z,
Repo:MouseLand/facemap,Repo:MouseLand/facemap,Repo,Repo,,,,195,77,16,2026-06-08T05:43:22Z,2016-09-21T14:21:25Z,
Repo:MrTornado24/IDE-3D,Repo:MrTornado24/IDE-3D,Repo,Repo,,,,482,43,14,2026-02-18T11:27:47Z,2022-09-08T17:24:00Z,
Repo:MrTornado24/Next3D,Repo:MrTornado24/Next3D,Repo,Repo,,,,501,30,25,2026-05-27T12:43:35Z,2022-11-21T17:56:20Z,
Repo:NVIDIA-AI-IOT/trt_pose_hand,Repo:NVIDIA-AI-IOT/trt_pose_hand,Repo,Repo,,,,232,52,20,2026-04-02T08:01:13Z,2020-12-09T00:38:29Z,
Repo:NVIDIA-ISAAC-ROS/isaac_ros_pose_estimation,Repo:NVIDIA-ISAAC-ROS/isaac_ros_pose_estimation,Repo,Repo,,,,456,50,43,2026-06-05T08:20:19Z,2021-11-04T20:58:24Z,
Repo:NVIDIA-ISAAC-ROS/isaac_ros_visual_slam,Repo:NVIDIA-ISAAC-ROS/isaac_ros_visual_slam,Repo,Repo,,,,1382,195,73,2026-06-08T20:08:35Z,2021-10-13T23:07:14Z,
Repo:NVIDIAGameWorks/kaolin-wisp,Repo:NVIDIAGameWorks/kaolin-wisp,Repo,Repo,,,,1497,140,40,2026-05-28T10:10:34Z,2022-07-26T13:03:29Z,
Repo:NVlabs/EmerNeRF,Repo:NVlabs/EmerNeRF,Repo,Repo,,,,638,47,23,2026-06-02T12:46:44Z,2023-10-11T20:56:27Z,
Repo:NVlabs/instant-ngp,Repo:NVlabs/instant-ngp,Repo,Repo,,,,17426,2064,503,2026-06-08T19:52:41Z,2022-01-05T17:11:30Z,
Repo:NVlabs/intrinsic3d,Repo:NVlabs/intrinsic3d,Repo,Repo,,,,456,80,1,2026-02-22T07:20:26Z,2019-01-03T23:22:14Z,
Repo:NVlabs/tiny-cuda-nn,Repo:NVlabs/tiny-cuda-nn,Repo,Repo,,,,4496,572,246,2026-06-08T10:29:28Z,2021-04-16T17:53:10Z,
Repo:Naman-ntc/3D-HourGlass-Network,Repo:Naman-ntc/3D-HourGlass-Network,Repo,Repo,,,,56,10,0,2024-08-19T00:33:58Z,2018-03-29T14:38:50Z,
Repo:Naman-ntc/Pytorch-Human-Pose-Estimation,Repo:Naman-ntc/Pytorch-Human-Pose-Estimation,Repo,Repo,,,,486,71,3,2026-05-03T03:38:31Z,2018-10-28T18:24:50Z,
Repo:NeLy-EPFL/DeepFly3D,Repo:NeLy-EPFL/DeepFly3D,Repo,Repo,,,,99,17,4,2026-05-11T15:41:02Z,2019-05-12T17:50:47Z,
Repo:Nicholasli1995/EgoNet,Repo:Nicholasli1995/EgoNet,Repo,Repo,,,,186,21,9,2026-05-31T12:53:59Z,2021-03-04T04:47:54Z,
Repo:Nicholasli1995/EvoSkeleton,Repo:Nicholasli1995/EvoSkeleton,Repo,Repo,,,,342,45,8,2026-05-12T04:51:11Z,2020-02-28T06:37:14Z,
Repo:NickSwardh/YoloDotNet,Repo:NickSwardh/YoloDotNet,Repo,Repo,,,,778,142,29,2026-06-08T17:33:21Z,2023-10-06T17:03:23Z,
Repo:OMEGAMAX10/YOLOv8-Object-Detection-Tracking-Image-Segmentation-Pose-Estimation,Repo:OMEGAMAX10/YOLOv8-Object-Detection-Tracking-Image-Segmentation-Pose-Estimation,Repo,Repo,,,,79,13,1,2026-03-09T13:55:07Z,2023-01-14T19:47:13Z,
Repo:One-2-3-45/One-2-3-45,Repo:One-2-3-45/One-2-3-45,Repo,Repo,,,,1719,104,19,2026-05-29T13:36:20Z,2023-06-28T22:38:29Z,
Repo:OpenDroneMap/NodeMICMAC,Repo:OpenDroneMap/NodeMICMAC,Repo,Repo,,,,96,19,9,2026-03-07T20:51:32Z,2019-04-26T19:59:21Z,
Repo:PINTO0309/MobileNetV2-PoseEstimation,Repo:PINTO0309/MobileNetV2-PoseEstimation,Repo,Repo,,,,104,18,0,2025-09-03T09:06:40Z,2019-04-29T12:18:07Z,
Repo:PJLab-ADG/Livox-Mapping,Repo:PJLab-ADG/Livox-Mapping,Repo,Repo,,,,563,119,1,2026-05-25T22:09:25Z,2021-12-25T11:41:08Z,
Repo:PJunhyuk/people-counting-pose,Repo:PJunhyuk/people-counting-pose,Repo,Repo,,,,178,44,3,2026-03-05T22:29:13Z,2017-10-03T16:56:33Z,
Repo:POSTECH-CVLab/SCNeRF,Repo:POSTECH-CVLab/SCNeRF,Repo,Repo,,,,472,42,4,2026-06-06T03:22:41Z,2021-08-06T05:54:31Z,
Repo:PRBonn/OverlapNet,Repo:PRBonn/OverlapNet,Repo,Repo,,,,730,117,8,2026-06-01T10:08:13Z,2020-05-12T11:37:42Z,
Repo:PRBonn/PIN_SLAM,Repo:PRBonn/PIN_SLAM,Repo,Repo,,,,601,79,3,2026-06-08T03:25:07Z,2024-01-05T12:45:37Z,
Repo:PRBonn/kiss-slam,Repo:PRBonn/kiss-slam,Repo,Repo,,,,517,62,2,2026-06-06T16:49:54Z,2025-03-17T08:48:29Z,
Repo:PRBonn/semantic_suma,Repo:PRBonn/semantic_suma,Repo,Repo,,,,1008,209,5,2026-06-08T09:03:06Z,2019-07-26T17:30:02Z,
Repo:PeterFWS/Structure-PLP-SLAM,Repo:PeterFWS/Structure-PLP-SLAM,Repo,Repo,,,,467,68,23,2026-05-30T12:44:17Z,2022-07-12T14:15:20Z,
Repo:PeterouZh/CIPS-3D,Repo:PeterouZh/CIPS-3D,Repo,Repo,,,,610,60,11,2026-04-04T23:33:32Z,2021-10-19T06:14:07Z,
Repo:Pix4D/pyopf,Repo:Pix4D/pyopf,Repo,Repo,,,,51,7,2,2026-05-11T13:29:53Z,2023-05-23T08:55:40Z,
Repo:PolyCam/polyform,Repo:PolyCam/polyform,Repo,Repo,,,,223,21,9,2026-06-07T06:30:37Z,2022-10-29T22:33:53Z,
Repo:Project-MANAS/slam_gmapping,Repo:Project-MANAS/slam_gmapping,Repo,Repo,,,,184,50,16,2026-05-19T05:21:26Z,2019-02-05T19:19:18Z,
Repo:QitaoZhao/PoseFormerV2,Repo:QitaoZhao/PoseFormerV2,Repo,Repo,,,,382,42,0,2026-06-03T11:21:36Z,2023-03-19T06:01:04Z,
Repo:RaduAlexandru/permuto_sdf,Repo:RaduAlexandru/permuto_sdf,Repo,Repo,,,,447,30,23,2026-03-02T15:21:02Z,2023-02-22T21:29:49Z,
Repo:RainerKuemmerle/g2o,Repo:RainerKuemmerle/g2o,Repo,Repo,,,,3436,1151,7,2026-06-05T09:11:06Z,2012-01-12T10:18:45Z,
Repo:ReshotAI/gaussian-painters,Repo:ReshotAI/gaussian-painters,Repo,Repo,,,,400,20,0,2026-05-12T19:35:45Z,2023-09-02T16:19:15Z,
Repo:RizwanMunawar/yolov7-pose-estimation,Repo:RizwanMunawar/yolov7-pose-estimation,Repo,Repo,,,,377,88,11,2026-06-05T13:37:04Z,2022-08-16T05:29:26Z,
Repo:Ruyi-Zha/naf_cbct,Repo:Ruyi-Zha/naf_cbct,Repo,Repo,,,,180,31,8,2026-05-26T06:17:03Z,2022-06-27T21:20:12Z,
Repo:SBCV/Blender-Addon-Photogrammetry-Importer,Repo:SBCV/Blender-Addon-Photogrammetry-Importer,Repo,Repo,,,,1326,113,11,2026-06-08T19:52:11Z,2017-08-05T16:35:11Z,
Repo:Schindler-EPFL-Lab/thermo-nerf,Repo:Schindler-EPFL-Lab/thermo-nerf,Repo,Repo,,,,54,8,1,2026-05-19T21:43:43Z,2024-03-14T20:40:37Z,
Repo:ShuweiShao/AF-SfMLearner,Repo:ShuweiShao/AF-SfMLearner,Repo,Repo,,,,138,19,14,2026-05-10T09:48:20Z,2021-10-07T13:40:06Z,
Repo:Sierkinhane/AtrousPose,Repo:Sierkinhane/AtrousPose,Repo,Repo,,,,61,11,2,2024-04-30T03:23:45Z,2019-04-29T05:47:30Z,
Repo:SilenceOverflow/VI_ORB_SLAM2,Repo:SilenceOverflow/VI_ORB_SLAM2,Repo,Repo,,,,193,71,6,2026-04-07T12:35:27Z,2018-05-07T00:27:25Z,
Repo:SpectacularAI/HybVIO,Repo:SpectacularAI/HybVIO,Repo,Repo,,,,541,104,4,2026-05-28T04:28:08Z,2021-11-24T15:50:42Z,
Repo:THU-SI/Semantic-Ray,Repo:THU-SI/Semantic-Ray,Repo,Repo,,,,81,3,3,2026-06-04T06:58:49Z,2023-03-20T06:38:08Z,
Repo:TUMFTM/ORB_SLAM3_RGBL,Repo:TUMFTM/ORB_SLAM3_RGBL,Repo,Repo,,,,311,43,1,2026-05-20T10:06:26Z,2022-10-25T08:51:51Z,
Repo:TangZJ/able-nerf,Repo:TangZJ/able-nerf,Repo,Repo,,,,50,4,2,2025-12-25T21:07:33Z,2023-03-22T07:05:46Z,
Repo:TencentARC/ArcNerf,Repo:TencentARC/ArcNerf,Repo,Repo,,,,108,7,1,2026-05-13T18:06:49Z,2022-12-13T07:56:54Z,
Repo:Tinker-Twins/AprilTag,Repo:Tinker-Twins/AprilTag,Repo,Repo,,,,123,35,0,2026-05-04T02:46:46Z,2021-03-09T01:03:42Z,
Repo:ToniRV/NeRF-SLAM,Repo:ToniRV/NeRF-SLAM,Repo,Repo,,,,1265,154,62,2026-05-29T11:42:03Z,2022-11-05T23:55:01Z,
Repo:UT-Austin-RPL/FORGE,Repo:UT-Austin-RPL/FORGE,Repo,Repo,,,,93,9,2,2025-11-24T14:37:30Z,2022-12-02T22:40:50Z,
Repo:VISION-SJTU/Lightning-NeRF,Repo:VISION-SJTU/Lightning-NeRF,Repo,Repo,,,,121,10,4,2026-04-22T17:37:54Z,2024-02-28T17:51:49Z,
Repo:VITA-Group/GNT-MOVE,Repo:VITA-Group/GNT-MOVE,Repo,Repo,,,,50,5,3,2026-03-11T06:10:20Z,2023-08-24T14:40:34Z,
Repo:VITA-Group/INS,Repo:VITA-Group/INS,Repo,Repo,,,,110,7,1,2025-11-01T11:34:02Z,2022-04-04T05:12:57Z,
Repo:VITA-Group/NeRF-SOS,Repo:VITA-Group/NeRF-SOS,Repo,Repo,,,,133,14,2,2025-07-23T13:44:42Z,2022-09-20T21:00:12Z,
Repo:VITA-Group/NeuralLift-360,Repo:VITA-Group/NeuralLift-360,Repo,Repo,,,,317,22,5,2026-05-29T13:35:59Z,2022-11-28T18:45:52Z,
Repo:ViTAE-Transformer/ViTPose,Repo:ViTAE-Transformer/ViTPose,Repo,Repo,,,,2083,256,109,2026-06-05T06:50:01Z,2022-04-27T01:09:19Z,
Repo:Vincentqyw/ORB-SLAM2-CHINESE,Repo:Vincentqyw/ORB-SLAM2-CHINESE,Repo,Repo,,,,73,21,0,2026-04-29T16:43:23Z,2018-12-02T08:22:07Z,
Repo:VladimirYugay/Gaussian-SLAM,Repo:VladimirYugay/Gaussian-SLAM,Repo,Repo,,,,1162,88,1,2026-06-08T19:52:53Z,2023-11-28T09:56:37Z,
Repo:VladimirYugay/MAGiC-SLAM,Repo:VladimirYugay/MAGiC-SLAM,Repo,Repo,,,,334,17,1,2026-05-12T15:58:08Z,2024-11-25T08:36:16Z,
Repo:WU-CVGL/BAD-NeRF,Repo:WU-CVGL/BAD-NeRF,Repo,Repo,,,,201,15,0,2026-05-11T13:50:28Z,2023-03-21T16:23:53Z,
Repo:WangFeng18/3d-gaussian-splatting,Repo:WangFeng18/3d-gaussian-splatting,Repo,Repo,,,,368,24,6,2026-05-10T10:39:41Z,2023-06-14T14:44:26Z,
Repo:WebAR-rocks/WebAR.rocks.object,Repo:WebAR-rocks/WebAR.rocks.object,Repo,Repo,,,,94,22,3,2026-05-20T08:38:09Z,2020-03-15T23:35:38Z,
Repo:WebAR-rocks/WebAR.rocks.train,Repo:WebAR-rocks/WebAR.rocks.train,Repo,Repo,,,,99,9,0,2026-05-25T11:54:59Z,2025-01-11T20:22:53Z,
Repo:Wuuu3511/GoMVS,Repo:Wuuu3511/GoMVS,Repo,Repo,,,,153,7,18,2026-04-25T01:23:44Z,2024-04-11T09:16:50Z,
Repo:XRIM-Lab/GS-CPR,Repo:XRIM-Lab/GS-CPR,Repo,Repo,,,,147,10,2,2026-06-08T08:51:31Z,2025-02-10T16:00:53Z,
Repo:Xharlie/pointnerf,Repo:Xharlie/pointnerf,Repo,Repo,,,,1149,128,72,2026-05-11T14:01:15Z,2022-02-11T22:19:49Z,
Repo:Xiaohao-Xu/MAC-Ego3D,Repo:Xiaohao-Xu/MAC-Ego3D,Repo,Repo,,,,75,3,0,2026-05-25T12:00:55Z,2024-12-12T20:38:52Z,
Repo:XinArkh/VNect,Repo:XinArkh/VNect,Repo,Repo,,,,250,42,1,2026-03-21T13:42:21Z,2018-12-26T15:14:16Z,
Repo:XunshanMan/MVGFormer,Repo:XunshanMan/MVGFormer,Repo,Repo,,,,75,6,8,2026-06-01T07:15:36Z,2023-11-18T02:07:59Z,
Repo:YWL0720/FAST-LIO-COLOR-MAPPING,Repo:YWL0720/FAST-LIO-COLOR-MAPPING,Repo,Repo,,,,162,16,5,2026-06-01T10:01:46Z,2023-11-05T14:19:53Z,
Repo:YWL0720/YOLO_ORB_SLAM3,Repo:YWL0720/YOLO_ORB_SLAM3,Repo,Repo,,,,346,42,28,2026-06-04T18:19:09Z,2022-04-01T12:55:07Z,
Repo:YWL0720/YOLO_ORB_SLAM3_with_pointcloud_map,Repo:YWL0720/YOLO_ORB_SLAM3_with_pointcloud_map,Repo,Repo,,,,199,19,18,2026-05-17T21:16:13Z,2022-07-02T15:50:51Z,
Repo:YifYang993/CR-NeRF-PyTorch,Repo:YifYang993/CR-NeRF-PyTorch,Repo,Repo,,,,60,2,2,2026-04-21T12:50:46Z,2023-07-16T02:52:44Z,
Repo:YilingQiao/DMRF,Repo:YilingQiao/DMRF,Repo,Repo,,,,179,8,2,2026-06-05T08:18:56Z,2023-08-16T00:38:02Z,
Repo:Yixin-F/better_fastlio2,Repo:Yixin-F/better_fastlio2,Repo,Repo,,,,722,89,17,2026-06-08T02:00:34Z,2023-11-24T07:45:53Z,
Repo:YoujiaZhang/Ref-GS,Repo:YoujiaZhang/Ref-GS,Repo,Repo,,,,100,10,5,2026-05-19T12:01:31Z,2025-03-12T04:56:56Z,
Repo:YoungXIAO13/PoseFromShape,Repo:YoungXIAO13/PoseFromShape,Repo,Repo,,,,169,34,2,2025-08-06T13:14:04Z,2019-07-10T08:20:02Z,
Repo:ZJU-Robotics-Lab/GEM,Repo:ZJU-Robotics-Lab/GEM,Repo,Repo,,,,280,32,14,2026-05-27T06:36:12Z,2020-12-08T08:32:30Z,
Repo:ZheC/Realtime_Multi-Person_Pose_Estimation,Repo:ZheC/Realtime_Multi-Person_Pose_Estimation,Repo,Repo,,,,5124,1355,107,2026-06-06T22:19:03Z,2016-12-12T17:40:12Z,
Repo:ZhengyiLuo/EmbodiedPose,Repo:ZhengyiLuo/EmbodiedPose,Repo,Repo,,,,84,5,1,2026-01-19T00:21:04Z,2022-10-08T19:47:46Z,
Repo:Zielon/INSTA,Repo:Zielon/INSTA,Repo,Repo,,,,516,45,4,2026-04-29T09:08:58Z,2023-03-17T11:02:44Z,
Repo:ZiyiZhang27/Dite-HRNet,Repo:ZiyiZhang27/Dite-HRNet,Repo,Repo,,,,78,5,6,2026-02-23T14:02:57Z,2022-04-22T04:52:34Z,
Repo:ajhamdi/ges-splatting,Repo:ajhamdi/ges-splatting,Repo,Repo,,,,239,8,3,2026-05-21T06:49:15Z,2024-02-14T12:34:34Z,
Repo:ajhamdi/sparf_pytorch,Repo:ajhamdi/sparf_pytorch,Repo,Repo,,,,67,5,0,2026-01-23T14:29:28Z,2022-12-18T11:57:35Z,
Repo:ajzhai/NeRF2Physics,Repo:ajzhai/NeRF2Physics,Repo,Repo,,,,93,4,4,2026-06-05T11:24:10Z,2024-03-30T21:29:00Z,
Repo:akanimax/thr3ed_atom,Repo:akanimax/thr3ed_atom,Repo,Repo,,,,115,9,1,2026-05-17T00:16:40Z,2022-05-04T19:02:09Z,
Repo:akashsengupta1997/HierarchicalProbabilistic3DHuman,Repo:akashsengupta1997/HierarchicalProbabilistic3DHuman,Repo,Repo,,,,204,12,5,2025-10-06T17:34:47Z,2021-10-02T23:27:19Z,
Repo:akashsengupta1997/STRAPS-3DHumanShapePose,Repo:akashsengupta1997/STRAPS-3DHumanShapePose,Repo,Repo,,,,181,19,7,2026-04-29T05:36:35Z,2020-05-18T12:01:09Z,
Repo:alleboudy/detectozord,Repo:alleboudy/detectozord,Repo,Repo,,,,66,18,0,2025-08-07T03:07:10Z,2017-08-04T10:45:04Z,
Repo:amathislab/BUCTD,Repo:amathislab/BUCTD,Repo,Repo,,,,102,14,0,2026-05-29T17:30:31Z,2023-06-15T07:54:18Z,
Repo:amathislab/HOISDF,Repo:amathislab/HOISDF,Repo,Repo,,,,84,3,6,2026-05-24T11:37:24Z,2024-02-26T10:16:48Z,
Repo:amov-lab/Prometheus,Repo:amov-lab/Prometheus,Repo,Repo,,,,3163,456,39,2026-06-09T01:48:33Z,2019-12-03T06:28:07Z,
Repo:andyzeng/apc-vision-toolbox,Repo:andyzeng/apc-vision-toolbox,Repo,Repo,,,,309,140,1,2026-05-15T06:35:05Z,2016-08-03T22:06:20Z,
Repo:antabangun/DualRefine,Repo:antabangun/DualRefine,Repo,Repo,,,,57,5,1,2026-04-17T03:22:07Z,2023-03-20T14:59:48Z,
Repo:apchenstu/mvsnerf,Repo:apchenstu/mvsnerf,Repo,Repo,,,,697,83,65,2026-05-11T14:01:12Z,2021-03-26T13:53:54Z,
Repo:apple/ml-facelit,Repo:apple/ml-facelit,Repo,Repo,,,,484,42,0,2026-05-18T14:44:54Z,2023-04-03T22:47:29Z,
Repo:appliedAI-Initiative-old/orb_slam_2_ros,Repo:appliedAI-Initiative-old/orb_slam_2_ros,Repo,Repo,,,,663,293,57,2026-05-27T06:29:27Z,2018-08-03T09:28:09Z,
Repo:ardaduz/deep-video-mvs,Repo:ardaduz/deep-video-mvs,Repo,Repo,,,,232,29,2,2026-04-27T09:44:07Z,2020-09-29T22:52:27Z,
Repo:ashawkey/CCNeRF,Repo:ashawkey/CCNeRF,Repo,Repo,,,,130,9,4,2026-05-08T06:43:34Z,2022-05-29T09:44:21Z,
Repo:ashawkey/nerf2mesh,Repo:ashawkey/nerf2mesh,Repo,Repo,,,,964,89,79,2026-06-04T21:24:05Z,2023-03-03T11:08:04Z,
Repo:ashawkey/stable-dreamfusion,Repo:ashawkey/stable-dreamfusion,Repo,Repo,,,,8838,772,197,2026-06-07T14:06:47Z,2022-10-06T06:18:39Z,
Repo:ashawkey/torch-ngp,Repo:ashawkey/torch-ngp,Repo,Repo,,,,2212,287,86,2026-06-03T07:23:35Z,2022-01-21T10:26:50Z,
Repo:astra-vision/SceneRF,Repo:astra-vision/SceneRF,Repo,Repo,,,,379,33,1,2026-06-04T09:34:50Z,2022-12-02T14:39:49Z,
Repo:autonomousvision/factor-fields,Repo:autonomousvision/factor-fields,Repo,Repo,,,,213,11,6,2026-03-18T09:28:12Z,2023-04-27T14:47:53Z,
Repo:autonomousvision/giraffe,Repo:autonomousvision/giraffe,Repo,Repo,,,,1239,155,9,2026-04-18T15:18:18Z,2021-03-26T12:26:16Z,
Repo:autonomousvision/mip-splatting,Repo:autonomousvision/mip-splatting,Repo,Repo,,,,1447,116,33,2026-06-08T08:00:46Z,2023-11-27T16:49:03Z,
Repo:autonomousvision/sdfstudio,Repo:autonomousvision/sdfstudio,Repo,Repo,,,,2111,196,166,2026-06-07T08:39:16Z,2022-12-15T17:20:07Z,
Repo:avinashsen707/AUBOi5-D435-ROS-DOPE,Repo:avinashsen707/AUBOi5-D435-ROS-DOPE,Repo,Repo,,,,121,16,5,2026-06-04T10:42:34Z,2020-03-19T06:26:51Z,
Repo:ayaanzhaque/instruct-nerf2nerf,Repo:ayaanzhaque/instruct-nerf2nerf,Repo,Repo,,,,853,80,11,2026-06-08T19:52:48Z,2023-04-04T17:51:54Z,
Repo:bardiadoosti/HOPE,Repo:bardiadoosti/HOPE,Repo,Repo,,,,274,56,17,2026-03-30T03:12:00Z,2019-09-17T15:58:55Z,
Repo:bearpaw/pytorch-pose,Repo:bearpaw/pytorch-pose,Repo,Repo,,,,1121,253,32,2026-05-23T08:47:46Z,2017-05-02T11:53:52Z,
Repo:bmild/nerf,Repo:bmild/nerf,Repo,Repo,,,,10899,1436,121,2026-06-09T00:04:22Z,2020-03-19T01:24:18Z,
Repo:bxh1/VIDO-SLAM,Repo:bxh1/VIDO-SLAM,Repo,Repo,,,,198,33,5,2026-05-15T17:09:04Z,2020-11-11T14:01:25Z,
Repo:by-sabbir/HeadPoseEstimation,Repo:by-sabbir/HeadPoseEstimation,Repo,Repo,,,,112,20,4,2026-03-03T07:59:57Z,2020-06-20T11:49:22Z,
Repo:caiyuanhao1998/HDR-GS,Repo:caiyuanhao1998/HDR-GS,Repo,Repo,,,,390,14,0,2026-05-25T01:07:53Z,2024-05-24T00:51:12Z,
Repo:caiyuanhao1998/SAX-NeRF,Repo:caiyuanhao1998/SAX-NeRF,Repo,Repo,,,,797,42,1,2026-06-04T05:45:51Z,2023-11-17T16:48:27Z,
Repo:cartographer-project/cartographer,Repo:cartographer-project/cartographer,Repo,Repo,,,,7872,2330,242,2026-06-09T00:59:22Z,2016-08-02T06:55:43Z,
Repo:changh95/slam_lecture_codes,Repo:changh95/slam_lecture_codes,Repo,Repo,,,,395,60,0,2026-06-03T09:58:31Z,2023-08-28T06:43:27Z,
Repo:chanho-code/ORB-SLAM3forWindows,Repo:chanho-code/ORB-SLAM3forWindows,Repo,Repo,,,,95,37,4,2026-05-10T08:33:28Z,2020-07-28T06:38:57Z,
Repo:cherubicXN/neat,Repo:cherubicXN/neat,Repo,Repo,,,,75,6,4,2026-04-21T08:07:45Z,2023-02-07T01:24:47Z,
Repo:chinhsuanwu/dreamfusionacc,Repo:chinhsuanwu/dreamfusionacc,Repo,Repo,,,,188,12,6,2026-06-01T10:14:21Z,2023-04-02T16:07:42Z,
Repo:chungyiweng/humannerf,Repo:chungyiweng/humannerf,Repo,Repo,,,,816,86,43,2026-06-04T07:10:15Z,2022-06-08T19:15:35Z,
Repo:city-super/BungeeNeRF,Repo:city-super/BungeeNeRF,Repo,Repo,,,,588,63,9,2026-05-14T02:57:25Z,2022-07-12T01:33:15Z,
Repo:cuiziteng/Aleth-NeRF,Repo:cuiziteng/Aleth-NeRF,Repo,Repo,,,,109,8,1,2026-06-01T10:50:13Z,2023-03-11T04:12:31Z,
Repo:cure-lab/DeciWatch,Repo:cure-lab/DeciWatch,Repo,Repo,,,,190,15,2,2026-03-23T13:34:59Z,2022-04-25T16:18:01Z,
Repo:cvg/EMAP,Repo:cvg/EMAP,Repo,Repo,,,,203,8,0,2026-06-06T14:36:36Z,2024-05-29T02:51:27Z,
Repo:cvg/nerf-on-the-go,Repo:cvg/nerf-on-the-go,Repo,Repo,,,,196,11,2,2026-06-08T19:52:57Z,2024-05-29T02:45:57Z,
Repo:cvg/nice-slam,Repo:cvg/nice-slam,Repo,Repo,,,,1586,211,9,2026-06-04T08:12:48Z,2022-03-28T08:13:41Z,
Repo:cwchenwang/NeRF-SR,Repo:cwchenwang/NeRF-SR,Repo,Repo,,,,150,13,3,2026-03-07T12:15:19Z,2022-06-30T10:06:49Z,
Repo:cwlroda/falldetection_openpifpaf,Repo:cwlroda/falldetection_openpifpaf,Repo,Repo,,,,421,107,46,2026-06-05T07:48:04Z,2020-08-18T02:58:56Z,
Repo:davexpro/pytorch-pose-estimation,Repo:davexpro/pytorch-pose-estimation,Repo,Repo,,,,159,23,2,2026-01-19T18:08:59Z,2017-12-26T04:34:46Z,
Repo:dendenxu/diff-gaussian-rasterization,Repo:dendenxu/diff-gaussian-rasterization,Repo,Repo,,,,132,5,2,2026-05-07T15:13:42Z,2024-01-09T02:48:55Z,
Repo:dendenxu/fast-gaussian-rasterization,Repo:dendenxu/fast-gaussian-rasterization,Repo,Repo,,,,1182,65,9,2026-06-09T02:52:10Z,2024-04-09T04:29:40Z,
Repo:dgrzech/sobfu,Repo:dgrzech/sobfu,Repo,Repo,,,,164,22,11,2026-04-13T20:10:09Z,2019-01-10T12:36:46Z,
Repo:donydchen/matchnerf,Repo:donydchen/matchnerf,Repo,Repo,,,,180,5,1,2026-04-17T15:58:26Z,2023-04-24T16:41:39Z,
Repo:donydchen/sem2nerf,Repo:donydchen/sem2nerf,Repo,Repo,,,,126,8,1,2025-11-19T11:26:31Z,2022-03-21T14:18:07Z,
Repo:dragonlong/articulated-pose,Repo:dragonlong/articulated-pose,Repo,Repo,,,,122,16,29,2026-03-09T09:45:47Z,2019-12-10T04:58:03Z,
Repo:dunbar12138/DSNeRF,Repo:dunbar12138/DSNeRF,Repo,Repo,,,,784,132,72,2026-06-08T19:52:37Z,2021-02-20T14:27:16Z,
Repo:edvardHua/PoseEstimationForMobile,Repo:edvardHua/PoseEstimationForMobile,Repo,Repo,,,,1021,268,90,2026-05-24T07:27:26Z,2018-04-12T07:03:37Z,
Repo:ekarad1um/Photogrammetry,Repo:ekarad1um/Photogrammetry,Repo,Repo,,,,62,8,0,2026-06-01T05:21:06Z,2022-11-24T16:14:09Z,
Repo:eldar/pose-tensorflow,Repo:eldar/pose-tensorflow,Repo,Repo,,,,1143,379,65,2026-04-04T14:26:02Z,2017-03-09T19:52:15Z,
Repo:engcang/SLAM-application,Repo:engcang/SLAM-application,Repo,Repo,,,,1171,154,2,2026-06-08T09:21:47Z,2021-05-05T21:19:16Z,
Repo:ethz-asl/maplab,Repo:ethz-asl/maplab,Repo,Repo,,,,2843,747,124,2026-06-08T03:10:02Z,2017-11-27T21:58:23Z,
Repo:fabiotosi92/NeRF-Supervised-Deep-Stereo,Repo:fabiotosi92/NeRF-Supervised-Deep-Stereo,Repo,Repo,,,,360,19,6,2026-03-30T06:58:58Z,2023-02-10T14:37:35Z,
Repo:facebookresearch/iSDF,Repo:facebookresearch/iSDF,Repo,Repo,,,,450,56,6,2026-04-21T02:46:59Z,2022-04-04T15:15:51Z,
Repo:fanegg/UV-Volumes,Repo:fanegg/UV-Volumes,Repo,Repo,,,,144,9,7,2026-02-14T17:11:52Z,2022-03-27T23:54:54Z,
Repo:fazildgr8/realsense_explorer_bot,Repo:fazildgr8/realsense_explorer_bot,Repo,Repo,,,,119,21,0,2026-05-02T01:36:55Z,2021-11-05T18:26:46Z,
Repo:fdp0525/G2LTex,Repo:fdp0525/G2LTex,Repo,Repo,,,,153,30,23,2026-06-02T14:07:19Z,2018-08-20T01:49:37Z,
Repo:feixue94/imp-release,Repo:feixue94/imp-release,Repo,Repo,,,,160,12,8,2026-04-16T08:56:44Z,2023-03-21T21:36:13Z,
Repo:filchy/slam-python,Repo:filchy/slam-python,Repo,Repo,,,,154,43,0,2026-03-11T14:30:14Z,2020-01-03T16:54:10Z,
Repo:floatlazer/semantic_slam,Repo:floatlazer/semantic_slam,Repo,Repo,,,,717,175,44,2026-05-27T01:34:46Z,2018-05-24T10:06:32Z,
Repo:flysoaryun/LF-VIO,Repo:flysoaryun/LF-VIO,Repo,Repo,,,,137,18,1,2026-05-29T06:47:29Z,2022-02-21T11:15:38Z,
Repo:fnzhan/Neural-Gauge-Fields,Repo:fnzhan/Neural-Gauge-Fields,Repo,Repo,,,,128,22,0,2025-12-09T07:14:33Z,2023-03-03T00:34:24Z,
Repo:gaoxiang12/slambook,Repo:gaoxiang12/slambook,Repo,Repo,,,,7429,3319,204,2026-06-08T01:51:39Z,2016-06-27T06:19:11Z,
Repo:garyzhao/SemGCN,Repo:garyzhao/SemGCN,Repo,Repo,,,,475,81,37,2026-04-21T02:01:07Z,2019-06-19T05:45:57Z,
Repo:gisbi-kim/PyICP-SLAM,Repo:gisbi-kim/PyICP-SLAM,Repo,Repo,,,,574,87,5,2026-05-12T11:13:15Z,2019-10-06T13:21:30Z,
Repo:gisbi-kim/navtech-radar-slam,Repo:gisbi-kim/navtech-radar-slam,Repo,Repo,,,,261,46,5,2026-05-04T15:04:23Z,2021-05-31T01:33:31Z,
Repo:google-research/multinerf,Repo:google-research/multinerf,Repo,Repo,,,,3808,356,105,2026-06-05T15:36:51Z,2022-07-22T22:47:15Z,
Repo:google-research/sparf,Repo:google-research/sparf,Repo,Repo,,,,301,16,7,2026-06-08T19:43:34Z,2023-04-26T13:03:51Z,
Repo:google-research/visu3d,Repo:google-research/visu3d,Repo,Repo,,,,166,13,7,2026-05-12T07:24:02Z,2022-03-18T10:49:28Z,
Repo:google/hypernerf,Repo:google/hypernerf,Repo,Repo,,,,961,105,36,2026-05-24T01:50:33Z,2021-09-09T05:40:25Z,
Repo:google/nerfactor,Repo:google/nerfactor,Repo,Repo,,,,450,55,6,2026-05-10T13:55:38Z,2021-02-04T17:41:36Z,
Repo:google/nerfies,Repo:google/nerfies,Repo,Repo,,,,1958,275,42,2026-06-02T08:03:40Z,2021-01-21T21:27:51Z,
Repo:gradslam/gradslam,Repo:gradslam/gradslam,Repo,Repo,,,,1419,168,18,2026-05-27T13:21:14Z,2020-11-06T03:09:31Z,
Repo:gtrll/gpslam,Repo:gtrll/gpslam,Repo,Repo,,,,155,54,2,2026-03-04T12:47:38Z,2017-08-30T02:15:38Z,
Repo:guoriyue/3dgs-warp-scratch,Repo:guoriyue/3dgs-warp-scratch,Repo,Repo,,,,275,21,0,2026-06-08T03:21:49Z,2024-06-10T16:12:21Z,
Repo:hellojialee/Improved-Body-Parts,Repo:hellojialee/Improved-Body-Parts,Repo,Repo,,,,263,40,0,2026-01-28T09:40:18Z,2019-01-26T02:58:34Z,
Repo:hku-mars/FAST-LIVO,Repo:hku-mars/FAST-LIVO,Repo,Repo,,,,1601,265,48,2026-06-06T02:08:03Z,2022-03-03T14:42:33Z,
Repo:hku-mars/FAST-LIVO2,Repo:hku-mars/FAST-LIVO2,Repo,Repo,,,,4162,749,318,2026-06-08T14:16:06Z,2024-04-22T12:49:47Z,
Repo:hku-mars/LiDAR_IMU_Init,Repo:hku-mars/LiDAR_IMU_Init,Repo,Repo,,,,1416,238,50,2026-06-08T16:20:21Z,2022-02-23T04:22:32Z,
Repo:hongfz16/AvatarCLIP,Repo:hongfz16/AvatarCLIP,Repo,Repo,,,,1102,99,19,2026-06-04T09:31:02Z,2022-05-03T08:23:30Z,
Repo:huangjh-pub/di-fusion,Repo:huangjh-pub/di-fusion,Repo,Repo,,,,124,13,4,2026-03-20T09:22:27Z,2021-03-26T14:45:29Z,
Repo:hugoycj/Instant-angelo,Repo:hugoycj/Instant-angelo,Repo,Repo,,,,462,33,25,2026-05-17T09:11:16Z,2023-10-22T02:53:17Z,
Repo:hustvl/GaussianDreamer,Repo:hustvl/GaussianDreamer,Repo,Repo,,,,827,49,18,2026-06-06T09:57:54Z,2023-10-12T12:52:24Z,
Repo:hustvl/TiNeuVox,Repo:hustvl/TiNeuVox,Repo,Repo,,,,351,27,6,2026-04-20T08:08:33Z,2022-05-26T09:37:24Z,
Repo:hwjiang1510/LEAP,Repo:hwjiang1510/LEAP,Repo,Repo,,,,191,6,4,2026-06-05T12:28:24Z,2023-06-03T19:47:30Z,
Repo:hyye/lio-mapping,Repo:hyye/lio-mapping,Repo,Repo,,,,1011,322,35,2026-06-04T00:40:46Z,2018-09-17T04:17:07Z,
Repo:i2Nav-WHU/IC-GVINS,Repo:i2Nav-WHU/IC-GVINS,Repo,Repo,,,,676,148,5,2026-06-08T02:54:42Z,2022-03-21T13:41:25Z,
Repo:i2Nav-WHU/OB_GINS,Repo:i2Nav-WHU/OB_GINS,Repo,Repo,,,,635,184,3,2026-06-03T05:09:56Z,2022-01-13T13:42:24Z,
Repo:iamNCJ/NRHints,Repo:iamNCJ/NRHints,Repo,Repo,,,,177,12,4,2026-05-08T19:56:09Z,2023-06-26T07:28:34Z,
Repo:ibaiGorordo/ONNX-CenterSnap-6D-Pose-and-Shape-Estimation,Repo:ibaiGorordo/ONNX-CenterSnap-6D-Pose-and-Shape-Estimation,Repo,Repo,,,,75,9,2,2026-04-06T09:42:30Z,2022-03-19T14:11:42Z,
Repo:ibaiGorordo/ONNX-Mobile-Human-Pose-3D,Repo:ibaiGorordo/ONNX-Mobile-Human-Pose-3D,Repo,Repo,,,,131,15,2,2026-05-22T07:27:30Z,2021-09-26T13:02:01Z,
Repo:imkaywu/open3DCV,Repo:imkaywu/open3DCV,Repo,Repo,,,,76,19,1,2026-05-26T14:35:51Z,2017-06-01T04:09:55Z,
Repo:imsoo/fight_detection,Repo:imsoo/fight_detection,Repo,Repo,,,,230,43,14,2026-05-31T15:43:36Z,2019-12-18T17:13:45Z,
Repo:isarandi/metrabs,Repo:isarandi/metrabs,Repo,Repo,,,,583,83,15,2026-05-13T07:27:33Z,2020-08-22T18:48:44Z,
Repo:isarandi/metro-pose3d,Repo:isarandi/metro-pose3d,Repo,Repo,,,,56,8,0,2026-05-14T14:34:54Z,2020-03-02T23:04:40Z,
Repo:iteal/wormpose,Repo:iteal/wormpose,Repo,Repo,,,,56,19,1,2026-05-17T13:41:57Z,2020-03-12T00:11:41Z,
Repo:j3soon/omni-nerf-extension,Repo:j3soon/omni-nerf-extension,Repo,Repo,,,,51,3,0,2026-04-06T03:53:34Z,2023-10-29T07:47:45Z,
Repo:jgraving/DeepPoseKit,Repo:jgraving/DeepPoseKit,Repo,Repo,,,,406,88,22,2026-05-11T15:04:13Z,2019-05-05T09:48:51Z,
Repo:jimmyyhwu/pose-interpreter-networks,Repo:jimmyyhwu/pose-interpreter-networks,Repo,Repo,,,,126,28,0,2026-04-13T09:41:23Z,2018-07-04T23:29:21Z,
Repo:jingh-ai/ultralytics-YOLO-DeepSort-ByteTrack-PyQt-GUI,Repo:jingh-ai/ultralytics-YOLO-DeepSort-ByteTrack-PyQt-GUI,Repo,Repo,,,,449,73,11,2026-06-03T06:32:04Z,2023-04-11T21:42:09Z,
Repo:jkulhanek/tetra-nerf,Repo:jkulhanek/tetra-nerf,Repo,Repo,,,,294,16,5,2026-04-20T06:10:39Z,2023-03-10T12:30:18Z,
Repo:julienkay/MobileNeRF-Unity-Viewer,Repo:julienkay/MobileNeRF-Unity-Viewer,Repo,Repo,,,,407,44,1,2026-04-29T16:13:24Z,2022-08-06T20:05:04Z,
Repo:junshutang/Make-It-3D,Repo:junshutang/Make-It-3D,Repo,Repo,,,,1887,137,0,2026-05-21T01:17:11Z,2023-03-23T19:37:24Z,
Repo:jytime/Deep-SfM-Revisited,Repo:jytime/Deep-SfM-Revisited,Repo,Repo,,,,188,13,7,2026-04-17T03:34:12Z,2021-06-17T09:07:18Z,
Repo:koide3/hdl_graph_slam,Repo:koide3/hdl_graph_slam,Repo,Repo,,,,2287,746,126,2026-06-08T10:05:25Z,2018-01-01T07:35:43Z,
Repo:koide3/interactive_slam,Repo:koide3/interactive_slam,Repo,Repo,,,,958,266,34,2026-06-02T13:17:13Z,2019-10-08T12:41:44Z,
Repo:koide3/slam_docker_collection,Repo:koide3/slam_docker_collection,Repo,Repo,,,,240,41,3,2026-05-18T10:20:40Z,2020-10-07T06:28:00Z,
Repo:kwea123/nerf_Unity,Repo:kwea123/nerf_Unity,Repo,Repo,,,,221,21,2,2026-05-19T13:21:52Z,2020-05-22T10:28:32Z,
Repo:kwea123/nerf_pl,Repo:kwea123/nerf_pl,Repo,Repo,,,,2802,461,82,2026-06-08T19:52:32Z,2020-04-12T14:12:06Z,
Repo:kwea123/ngp_pl,Repo:kwea123/ngp_pl,Repo,Repo,,,,1289,150,39,2026-06-08T19:52:42Z,2022-06-30T05:53:43Z,
Repo:kwea123/nsff_pl,Repo:kwea123/nsff_pl,Repo,Repo,,,,224,27,7,2026-06-08T19:52:38Z,2021-06-07T08:01:17Z,
Repo:laanlabs/CarPoseDemo,Repo:laanlabs/CarPoseDemo,Repo,Repo,,,,64,14,1,2025-07-08T12:45:45Z,2019-03-27T15:59:46Z,
Repo:laanlabs/metal-splats,Repo:laanlabs/metal-splats,Repo,Repo,,,,362,30,8,2026-05-10T10:52:17Z,2023-09-18T19:13:02Z,
Repo:last-one/Pytorch_Realtime_Multi-Person_Pose_Estimation,Repo:last-one/Pytorch_Realtime_Multi-Person_Pose_Estimation,Repo,Repo,,,,218,67,30,2026-01-14T06:51:17Z,2017-10-26T11:00:53Z,
Repo:leggedrobotics/open3d_slam,Repo:leggedrobotics/open3d_slam,Repo,Repo,,,,613,60,12,2026-05-30T15:04:35Z,2022-01-19T17:42:25Z,
Repo:leggedrobotics/radiance_field_ros,Repo:leggedrobotics/radiance_field_ros,Repo,Repo,,,,58,6,1,2026-04-29T06:48:16Z,2024-07-19T10:06:14Z,
Repo:lessthanoptimal/BoofCV,Repo:lessthanoptimal/BoofCV,Repo,Repo,,,,1181,270,60,2026-06-08T19:51:37Z,2011-04-19T14:51:10Z,
Repo:likojack/bnv_fusion,Repo:likojack/bnv_fusion,Repo,Repo,,,,138,19,4,2026-03-29T05:24:28Z,2022-03-28T15:23:02Z,
Repo:lipku/LiveTalking,Repo:lipku/LiveTalking,Repo,Repo,,,,7906,1269,405,2026-06-09T01:14:04Z,2023-12-19T01:32:46Z,
Repo:liuguitao/AVP-SLAM-PLUS,Repo:liuguitao/AVP-SLAM-PLUS,Repo,Repo,,,,674,201,4,2026-06-06T04:42:09Z,2022-01-01T06:59:57Z,
Repo:liuyuan-pal/Gen6D,Repo:liuyuan-pal/Gen6D,Repo,Repo,,,,721,81,114,2026-05-29T19:17:52Z,2022-04-20T13:26:11Z,
Repo:liuyuan-pal/NeuRay,Repo:liuyuan-pal/NeuRay,Repo,Repo,,,,418,33,19,2026-05-11T14:02:39Z,2021-07-17T07:05:16Z,
Repo:lixiny/ArtiBoost,Repo:lixiny/ArtiBoost,Repo,Repo,,,,131,9,2,2026-02-28T08:31:29Z,2021-09-03T04:40:10Z,
Repo:lsyads/fisheye-ORB-SLAM,Repo:lsyads/fisheye-ORB-SLAM,Repo,Repo,,,,160,47,4,2026-05-31T02:52:31Z,2019-07-09T01:58:00Z,
Repo:lucidrains/pi-GAN-pytorch,Repo:lucidrains/pi-GAN-pytorch,Repo,Repo,,,,125,15,4,2026-04-19T10:36:47Z,2020-12-04T17:56:38Z,
Repo:luigifreda/slamplay,Repo:luigifreda/slamplay,Repo,Repo,,,,443,44,0,2026-05-28T18:21:02Z,2023-09-16T21:54:32Z,
Repo:maceq687/FullBodyPoseEstimation,Repo:maceq687/FullBodyPoseEstimation,Repo,Repo,,,,92,9,0,2026-04-10T00:21:21Z,2022-03-20T20:42:31Z,
Repo:manycore-research/PlankAssembly,Repo:manycore-research/PlankAssembly,Repo,Repo,,,,102,13,1,2026-03-24T06:16:39Z,2023-07-31T08:01:36Z,
Repo:maximeraafat/BlenderNeRF,Repo:maximeraafat/BlenderNeRF,Repo,Repo,,,,1004,75,11,2026-06-03T04:25:59Z,2022-07-11T21:09:11Z,
Repo:med-air/EndoNeRF,Repo:med-air/EndoNeRF,Repo,Repo,,,,259,25,21,2026-06-04T01:39:34Z,2022-06-15T12:20:11Z,
Repo:megvii-research/cv-master-ex,Repo:megvii-research/cv-master-ex,Repo,Repo,,,,80,8,1,2025-08-22T08:08:47Z,2022-05-28T03:47:44Z,
Repo:melonwan/denseReg,Repo:melonwan/denseReg,Repo,Repo,,,,180,33,21,2025-09-18T19:22:32Z,2017-11-22T16:42:51Z,
Repo:meyerls/FruitNeRF,Repo:meyerls/FruitNeRF,Repo,Repo,,,,328,43,15,2026-05-22T19:56:58Z,2024-03-25T11:19:39Z,
Repo:michalfaber/keras_Realtime_Multi-Person_Pose_Estimation,Repo:michalfaber/keras_Realtime_Multi-Person_Pose_Estimation,Repo,Repo,,,,783,365,106,2026-06-07T16:43:51Z,2017-09-08T10:56:00Z,
Repo:michalfaber/tensorflow_Realtime_Multi-Person_Pose_Estimation,Repo:michalfaber/tensorflow_Realtime_Multi-Person_Pose_Estimation,Repo,Repo,,,,220,61,24,2026-05-11T14:00:05Z,2019-09-10T11:00:01Z,
Repo:micmelesse/3D-reconstruction-with-Neural-Networks,Repo:micmelesse/3D-reconstruction-with-Neural-Networks,Repo,Repo,,,,85,30,1,2026-05-24T21:24:32Z,2017-09-15T15:35:47Z,
Repo:mit-han-lab/litepose,Repo:mit-han-lab/litepose,Repo,Repo,,,,327,41,21,2026-06-04T02:59:18Z,2022-03-28T17:08:54Z,
Repo:mkocabas/EpipolarPose,Repo:mkocabas/EpipolarPose,Repo,Repo,,,,610,94,20,2026-03-17T15:07:59Z,2019-03-01T11:45:18Z,
Repo:mkocabas/pose-residual-network,Repo:mkocabas/pose-residual-network,Repo,Repo,,,,347,90,12,2026-05-23T14:00:29Z,2018-07-11T08:12:02Z,
Repo:mks0601/3DMPPE_POSENET_RELEASE,Repo:mks0601/3DMPPE_POSENET_RELEASE,Repo,Repo,,,,865,147,41,2026-05-19T13:15:40Z,2019-07-22T17:26:12Z,
Repo:mks0601/3DMPPE_ROOTNET_RELEASE,Repo:mks0601/3DMPPE_ROOTNET_RELEASE,Repo,Repo,,,,492,66,22,2026-04-03T07:19:56Z,2019-07-22T17:33:23Z,
Repo:mks0601/TF-SimpleHumanPose,Repo:mks0601/TF-SimpleHumanPose,Repo,Repo,,,,340,89,15,2026-03-11T08:59:46Z,2019-01-04T16:49:08Z,
Repo:mks0601/V2V-PoseNet_RELEASE,Repo:mks0601/V2V-PoseNet_RELEASE,Repo,Repo,,,,392,69,5,2026-05-11T14:43:59Z,2018-03-08T03:12:14Z,
Repo:mli0603/BlenderNeuralangelo,Repo:mli0603/BlenderNeuralangelo,Repo,Repo,,,,324,24,2,2026-05-20T10:31:04Z,2023-02-12T21:11:26Z,
Repo:mp3guy/ElasticFusion,Repo:mp3guy/ElasticFusion,Repo,Repo,,,,1916,593,4,2026-06-04T08:13:33Z,2015-10-22T13:54:58Z,
Repo:mp3guy/Kintinuous,Repo:mp3guy/Kintinuous,Repo,Repo,,,,952,286,43,2026-03-29T10:27:38Z,2015-10-22T13:51:58Z,
Repo:mpkuse/cerebro,Repo:mpkuse/cerebro,Repo,Repo,,,,181,46,7,2026-05-24T09:37:16Z,2018-10-29T02:18:55Z,
Repo:mrpt-ros-pkg/mrpt_slam,Repo:mrpt-ros-pkg/mrpt_slam,Repo,Repo,,,,124,50,9,2026-05-04T06:33:04Z,2013-09-25T17:14:52Z,
Repo:munshisanowarraihan/nerf-meta,Repo:munshisanowarraihan/nerf-meta,Repo,Repo,,,,98,14,2,2024-12-12T14:31:11Z,2021-05-10T17:10:06Z,
Repo:muskie82/MonoGS,Repo:muskie82/MonoGS,Repo,Repo,,,,2102,223,102,2026-06-08T19:52:56Z,2024-03-03T17:46:19Z,
Repo:muziyongshixin/ORB-SLAM2-based-AR-on-Android,Repo:muziyongshixin/ORB-SLAM2-based-AR-on-Android,Repo,Repo,,,,243,87,14,2026-05-11T20:23:54Z,2018-03-28T06:59:10Z,
Repo:nerfbaselines/nerfbaselines,Repo:nerfbaselines/nerfbaselines,Repo,Repo,,,,354,18,11,2026-06-02T22:11:49Z,2023-11-07T20:22:35Z,
Repo:nerfstudio-project/nerfacc,Repo:nerfstudio-project/nerfacc,Repo,Repo,,,,1457,120,72,2026-06-03T05:23:11Z,2022-09-08T07:46:31Z,
Repo:nerfstudio-project/nerfstudio,Repo:nerfstudio-project/nerfstudio,Repo,Repo,,,,11667,1639,941,2026-06-08T19:52:42Z,2022-05-31T18:17:37Z,
Repo:nerminsamet/HPRNet,Repo:nerminsamet/HPRNet,Repo,Repo,,,,73,9,4,2025-11-20T02:15:19Z,2021-05-20T09:52:47Z,
Repo:nianticlabs/acezero,Repo:nianticlabs/acezero,Repo,Repo,,,,806,55,1,2026-06-08T19:52:57Z,2024-04-19T11:33:53Z,
Repo:nianticlabs/diffusionerf,Repo:nianticlabs/diffusionerf,Repo,Repo,,,,308,17,11,2026-04-10T04:53:15Z,2023-02-23T16:28:19Z,
Repo:nianticlabs/doubletake,Repo:nianticlabs/doubletake,Repo,Repo,,,,191,13,3,2026-03-08T09:55:51Z,2024-08-22T16:39:44Z,
Repo:nianticlabs/simplerecon,Repo:nianticlabs/simplerecon,Repo,Repo,,,,1427,131,11,2026-06-08T00:09:43Z,2022-07-12T09:12:15Z,
Repo:niessner/VoxelHashing,Repo:niessner/VoxelHashing,Repo,Repo,,,,706,202,12,2026-04-25T10:07:05Z,2014-06-08T23:29:27Z,
Repo:nihui/ncnn-android-yolo11,Repo:nihui/ncnn-android-yolo11,Repo,Repo,,,,141,21,15,2026-06-06T16:34:44Z,2025-05-06T12:03:13Z,
Repo:nihui/ncnn-android-yolov8,Repo:nihui/ncnn-android-yolov8,Repo,Repo,,,,206,39,19,2026-06-07T10:11:58Z,2024-12-31T11:30:18Z,
Repo:ningwang1028/lidar_slam_3d,Repo:ningwang1028/lidar_slam_3d,Repo,Repo,,,,132,53,3,2026-04-27T06:53:21Z,2018-10-16T08:14:37Z,
Repo:nishagandhi/OpenPose_PythonOpenCV,Repo:nishagandhi/OpenPose_PythonOpenCV,Repo,Repo,,,,53,33,1,2025-12-27T06:38:48Z,2018-08-24T19:50:19Z,
Repo:njanirudh/Aruco_Tracker,Repo:njanirudh/Aruco_Tracker,Repo,Repo,,,,202,77,3,2026-02-22T07:41:44Z,2017-12-26T06:57:09Z,
Repo:nmoehrle/mvs-texturing,Repo:nmoehrle/mvs-texturing,Repo,Repo,,,,1076,369,72,2026-06-02T06:22:31Z,2014-12-02T22:08:53Z,
Repo:nstathou/hello-slam,Repo:nstathou/hello-slam,Repo,Repo,,,,259,31,0,2026-06-02T11:19:07Z,2025-09-22T18:52:14Z,
Repo:nv-nguyen/gigapose,Repo:nv-nguyen/gigapose,Repo,Repo,,,,282,36,19,2026-06-02T08:25:28Z,2023-11-24T10:03:34Z,
Repo:nv-nguyen/template-pose,Repo:nv-nguyen/template-pose,Repo,Repo,,,,189,15,11,2026-03-04T13:24:23Z,2022-03-30T09:10:17Z,
Repo:nv-tlabs/Difix3D,Repo:nv-tlabs/Difix3D,Repo,Repo,,,,1191,103,41,2026-06-08T15:26:24Z,2025-04-26T00:58:38Z,
Repo:nv-tlabs/vipe,Repo:nv-tlabs/vipe,Repo,Repo,,,,1971,159,16,2026-06-08T22:37:40Z,2025-08-11T00:19:56Z,
Repo:oarriaga/paz,Repo:oarriaga/paz,Repo,Repo,,,,706,111,38,2026-06-03T10:00:56Z,2019-10-02T07:05:59Z,
Repo:onpix/LLNeRF,Repo:onpix/LLNeRF,Repo,Repo,,,,98,9,0,2025-12-14T08:15:12Z,2023-07-16T06:47:36Z,
Repo:open-mmlab/mmpose,Repo:open-mmlab/mmpose,Repo,Repo,,,,7655,1493,329,2026-06-09T03:26:30Z,2020-07-08T06:02:55Z,
Repo:openMVG/openMVG,Repo:openMVG/openMVG,Repo,Repo,,,,6427,1717,312,2026-06-09T03:03:55Z,2013-02-08T16:01:08Z,
Repo:openxrlab/xrslam,Repo:openxrlab/xrslam,Repo,Repo,,,,573,68,13,2026-06-02T07:34:01Z,2022-09-01T07:57:28Z,
Repo:ov2slam/ov2slam,Repo:ov2slam/ov2slam,Repo,Repo,,,,675,146,20,2026-05-28T03:07:37Z,2020-10-15T16:00:18Z,
Repo:pamela-project/slambench,Repo:pamela-project/slambench,Repo,Repo,,,,341,85,26,2026-05-12T06:37:53Z,2018-02-10T11:34:38Z,
Repo:paninski-lab/lightning-pose,Repo:paninski-lab/lightning-pose,Repo,Repo,,,,305,53,10,2026-06-06T03:58:36Z,2021-05-06T16:02:11Z,
Repo:panxkun/eggfusion,Repo:panxkun/eggfusion,Repo,Repo,,,,91,10,1,2026-05-30T13:41:46Z,2025-11-28T16:00:44Z,
Repo:paulpanwang/POPE,Repo:paulpanwang/POPE,Repo,Repo,,,,170,12,12,2026-05-11T14:02:56Z,2023-05-24T19:50:12Z,
Repo:perfanalytics/pose2sim,Repo:perfanalytics/pose2sim,Repo,Repo,,,,643,103,10,2026-06-08T15:05:58Z,2022-06-09T12:26:14Z,
Repo:ponimatkin/focalpose,Repo:ponimatkin/focalpose,Repo,Repo,,,,84,12,3,2026-06-03T10:46:45Z,2022-04-11T12:24:20Z,
Repo:qixuxiang/orb-slam2_with_semantic_label,Repo:qixuxiang/orb-slam2_with_semantic_label,Repo,Repo,,,,281,86,19,2026-04-08T04:36:38Z,2018-05-27T05:08:31Z,
Repo:qq456cvb/CPPF,Repo:qq456cvb/CPPF,Repo,Repo,,,,57,9,1,2026-05-11T14:02:45Z,2022-03-06T10:04:11Z,
Repo:quan-meng/gnerf,Repo:quan-meng/gnerf,Repo,Repo,,,,227,26,11,2026-03-26T23:02:53Z,2021-07-25T03:36:50Z,
Repo:quanhua92/human-pose-estimation-opencv,Repo:quanhua92/human-pose-estimation-opencv,Repo,Repo,,,,384,155,10,2026-05-03T03:37:13Z,2018-06-15T10:16:26Z,
Repo:qubvel/rt-pose,Repo:qubvel/rt-pose,Repo,Repo,,,,70,9,2,2026-06-07T15:19:33Z,2025-01-23T15:37:26Z,
Repo:quickpose/quickpose-ios-sdk,Repo:quickpose/quickpose-ios-sdk,Repo,Repo,,,,318,19,7,2026-06-04T18:01:36Z,2023-01-11T09:43:25Z,
Repo:r00tman/NeRF-OSR,Repo:r00tman/NeRF-OSR,Repo,Repo,,,,248,18,9,2026-04-19T11:31:30Z,2022-07-15T22:43:31Z,
Repo:radekd91/emoca,Repo:radekd91/emoca,Repo,Repo,,,,843,104,63,2026-06-04T04:12:13Z,2022-03-10T11:52:33Z,
Repo:randerka/cNeRF,Repo:randerka/cNeRF,Repo,Repo,,,,54,6,2,2026-02-22T06:26:33Z,2023-04-01T20:16:46Z,
Repo:realsenseai/hand_tracking_samples,Repo:realsenseai/hand_tracking_samples,Repo,Repo,,,,224,72,9,2026-05-25T09:01:19Z,2017-08-02T00:57:42Z,
Repo:rlgnswk/NeRFFaceSpeech_Code,Repo:rlgnswk/NeRFFaceSpeech_Code,Repo,Repo,,,,64,5,0,2026-05-08T07:59:11Z,2024-05-08T01:30:29Z,
Repo:rludlow/3d-pose-2d-keypoints,Repo:rludlow/3d-pose-2d-keypoints,Repo,Repo,,,,77,13,5,2025-12-19T11:18:14Z,2018-06-22T19:37:51Z,
Repo:rmurai0610/MASt3R-SLAM,Repo:rmurai0610/MASt3R-SLAM,Repo,Repo,,,,3054,363,66,2026-06-08T19:53:02Z,2025-02-24T16:18:37Z,
Repo:rover-xingyu/Ha-NeRF,Repo:rover-xingyu/Ha-NeRF,Repo,Repo,,,,160,12,19,2025-11-01T11:13:07Z,2021-12-02T03:18:40Z,
Repo:rover-xingyu/L2G-NeRF,Repo:rover-xingyu/L2G-NeRF,Repo,Repo,,,,253,6,4,2025-10-08T15:54:31Z,2022-11-21T14:16:49Z,
Repo:roytseng-tw/adversarial-pose-pytorch,Repo:roytseng-tw/adversarial-pose-pytorch,Repo,Repo,,,,66,13,0,2024-04-25T01:01:09Z,2017-12-14T06:27:57Z,
Repo:rsasaki0109/li_slam_ros2,Repo:rsasaki0109/li_slam_ros2,Repo,Repo,,,,424,51,10,2026-06-02T04:27:18Z,2020-07-09T00:27:50Z,
Repo:sair-lab/AirSLAM,Repo:sair-lab/AirSLAM,Repo,Repo,,,,1166,173,36,2026-06-07T04:14:25Z,2022-05-17T13:20:01Z,
Repo:salihkaragoz/pose-residual-network-pytorch,Repo:salihkaragoz/pose-residual-network-pytorch,Repo,Repo,,,,285,47,8,2026-03-06T02:11:00Z,2018-07-18T10:49:53Z,
Repo:salykova/inerf,Repo:salykova/inerf,Repo,Repo,,,,142,18,2,2026-06-01T02:50:55Z,2021-04-24T08:45:23Z,
Repo:salykova/instant-DexNerf,Repo:salykova/instant-DexNerf,Repo,Repo,,,,83,6,2,2025-12-09T02:01:35Z,2022-07-18T19:09:05Z,
Repo:samorr/Computer-Vision-and-Photogrammetry,Repo:samorr/Computer-Vision-and-Photogrammetry,Repo,Repo,,,,56,11,0,2025-11-19T16:36:44Z,2018-03-27T17:38:25Z,
Repo:satyaborg/pose-estimation-detection,Repo:satyaborg/pose-estimation-detection,Repo,Repo,,,,53,17,10,2024-04-22T16:13:16Z,2018-07-19T08:05:42Z,
Repo:saurabhsharma1993/generative_pose,Repo:saurabhsharma1993/generative_pose,Repo,Repo,,,,71,8,3,2024-12-04T10:58:32Z,2019-03-29T23:12:40Z,
Repo:sfchng/Gaussian-Activated-Radiance-Fields,Repo:sfchng/Gaussian-Activated-Radiance-Fields,Repo,Repo,,,,114,2,6,2026-04-03T08:28:28Z,2022-04-12T11:51:54Z,
Repo:sfchng/Rotation_Coordinate_Descent,Repo:sfchng/Rotation_Coordinate_Descent,Repo,Repo,,,,56,8,0,2026-01-13T19:16:37Z,2021-03-16T01:43:34Z,
Repo:shanpenghui/ORB_SLAM3_Fixed,Repo:shanpenghui/ORB_SLAM3_Fixed,Repo,Repo,,,,277,43,5,2026-06-04T18:19:30Z,2020-07-30T13:21:59Z,
Repo:shg8/3DGS.cpp,Repo:shg8/3DGS.cpp,Repo,Repo,,,,755,71,16,2026-06-08T19:52:56Z,2024-02-15T00:04:06Z,
Repo:shichaoy/cube_slam,Repo:shichaoy/cube_slam,Repo,Repo,,,,888,231,35,2026-06-04T18:19:54Z,2018-10-25T03:42:41Z,
Repo:shichaoy/pop_up_slam,Repo:shichaoy/pop_up_slam,Repo,Repo,,,,226,67,14,2026-05-18T13:43:28Z,2018-10-08T21:55:21Z,
Repo:shreyasbhatia09/StructuredLight,Repo:shreyasbhatia09/StructuredLight,Repo,Repo,,,,62,18,1,2025-12-16T15:39:36Z,2017-11-17T21:30:44Z,
Repo:simonfuhrmann/mve,Repo:simonfuhrmann/mve,Repo,Repo,,,,1055,423,5,2026-06-07T23:58:52Z,2012-04-27T17:42:16Z,
Repo:sithu31296/pose-estimation,Repo:sithu31296/pose-estimation,Repo,Repo,,,,54,13,8,2026-03-05T04:50:58Z,2021-07-27T06:03:44Z,
Repo:sjtuytc/UnboundedNeRFPytorch,Repo:sjtuytc/UnboundedNeRFPytorch,Repo,Repo,,,,1323,112,1,2026-06-04T06:58:47Z,2022-07-20T02:16:05Z,
Repo:skyhehe123/AutoRF-pytorch,Repo:skyhehe123/AutoRF-pytorch,Repo,Repo,,,,112,15,9,2026-04-15T11:57:40Z,2022-07-12T10:08:41Z,
Repo:sled-group/chat-with-nerf,Repo:sled-group/chat-with-nerf,Repo,Repo,,,,320,22,3,2026-05-31T15:07:24Z,2023-04-27T16:46:09Z,
Repo:snap-research/R2L,Repo:snap-research/R2L,Repo,Repo,,,,190,24,3,2026-04-21T12:50:43Z,2022-03-09T23:37:27Z,
Repo:snavely/bundler_sfm,Repo:snavely/bundler_sfm,Repo,Repo,,,,1576,478,40,2026-06-07T23:57:16Z,2013-03-10T04:48:37Z,
Repo:songrise/AvatarCraft,Repo:songrise/AvatarCraft,Repo,Repo,,,,189,6,3,2025-10-22T21:05:25Z,2023-03-17T08:17:30Z,
Repo:spla-tam/SplaTAM,Repo:spla-tam/SplaTAM,Repo,Repo,,,,2136,240,53,2026-06-09T01:55:43Z,2023-11-30T20:26:47Z,
Repo:stefanopini/simple-HRNet,Repo:stefanopini/simple-HRNet,Repo,Repo,,,,609,110,7,2026-05-26T09:24:28Z,2019-05-07T12:43:37Z,
Repo:sunset1995/DirectVoxGO,Repo:sunset1995/DirectVoxGO,Repo,Repo,,,,1074,107,47,2026-05-11T14:01:14Z,2021-10-13T04:43:11Z,
Repo:sunset1995/torch_efficient_distloss,Repo:sunset1995/torch_efficient_distloss,Repo,Repo,,,,132,3,8,2025-11-28T08:57:22Z,2022-06-10T13:04:42Z,
Repo:svip-lab/PlanarReconstruction,Repo:svip-lab/PlanarReconstruction,Repo,Repo,,,,374,88,11,2026-03-17T15:13:19Z,2019-02-25T10:50:31Z,
Repo:synthesiaresearch/humanrf,Repo:synthesiaresearch/humanrf,Repo,Repo,,,,495,30,16,2026-04-29T07:26:41Z,2023-04-28T07:46:47Z,
Repo:szczyglis-dev/js-ai-body-tracker,Repo:szczyglis-dev/js-ai-body-tracker,Repo,Repo,,,,76,15,1,2026-05-03T17:03:53Z,2022-07-20T17:41:19Z,
Repo:taichi-dev/taichi-nerfs,Repo:taichi-dev/taichi-nerfs,Repo,Repo,,,,825,56,24,2026-06-02T09:26:56Z,2023-03-06T02:58:21Z,
Repo:tensorlayer/HyperPose,Repo:tensorlayer/HyperPose,Repo,Repo,,,,1267,272,33,2026-06-06T12:24:37Z,2018-08-25T09:59:09Z,
Repo:terryky/android_tflite,Repo:terryky/android_tflite,Repo,Repo,,,,168,48,8,2026-05-06T06:59:54Z,2020-03-12T13:18:16Z,
Repo:thodan/epos,Repo:thodan/epos,Repo,Repo,,,,78,12,3,2026-02-26T11:33:09Z,2020-10-02T11:06:46Z,
Repo:thu-ml/prolificdreamer,Repo:thu-ml/prolificdreamer,Repo,Repo,,,,1565,44,20,2026-06-06T08:54:50Z,2023-05-25T13:50:00Z,
Repo:thu3dhuman/sourcecode,Repo:thu3dhuman/sourcecode,Repo,Repo,,,,67,3,0,2026-03-06T12:45:06Z,2023-12-21T13:24:21Z,
Repo:tjiiv-cprg/EPro-PnP,Repo:tjiiv-cprg/EPro-PnP,Repo,Repo,,,,1177,110,54,2026-06-05T05:50:50Z,2022-03-20T11:48:33Z,
Repo:tjiiv-cprg/EPro-PnP-v2,Repo:tjiiv-cprg/EPro-PnP-v2,Repo,Repo,,,,177,13,11,2026-05-21T15:33:25Z,2023-03-22T07:11:15Z,
Repo:tobycollins/IPPE,Repo:tobycollins/IPPE,Repo,Repo,,,,118,35,0,2026-06-06T07:37:20Z,2016-04-15T14:38:10Z,
Repo:tucan9389/tf2-mobile-2d-single-pose-estimation,Repo:tucan9389/tf2-mobile-2d-single-pose-estimation,Repo,Repo,,,,169,41,39,2026-05-18T11:59:29Z,2019-03-25T03:50:32Z,
Repo:tum-vision/tandem,Repo:tum-vision/tandem,Repo,Repo,,,,952,150,36,2026-06-09T01:16:08Z,2021-10-29T13:31:00Z,
Repo:ueda0319/neddf,Repo:ueda0319/neddf,Repo,Repo,,,,215,7,3,2026-02-22T07:40:32Z,2022-07-21T01:37:53Z,
Repo:ultralytics/kinect,Repo:ultralytics/kinect,Repo,Repo,,,,74,8,2,2026-06-08T11:09:00Z,2018-05-17T23:55:39Z,
Repo:una-dinosauria/3d-pose-baseline,Repo:una-dinosauria/3d-pose-baseline,Repo,Repo,,,,1458,357,32,2026-05-04T22:51:33Z,2017-04-20T23:05:16Z,
Repo:uoip/g2opy,Repo:uoip/g2opy,Repo,Repo,,,,706,182,56,2026-03-27T19:37:46Z,2018-01-05T23:44:41Z,
Repo:uoip/stereo_ptam,Repo:uoip/stereo_ptam,Repo,Repo,,,,481,131,8,2026-05-18T13:33:39Z,2018-01-06T00:49:18Z,
Repo:url-kaist/UV-SLAM,Repo:url-kaist/UV-SLAM,Repo,Repo,,,,299,46,5,2026-05-19T12:31:07Z,2021-11-25T06:05:24Z,
Repo:uyoung-jeong/BoIR,Repo:uyoung-jeong/BoIR,Repo,Repo,,,,93,0,0,2026-05-25T07:14:29Z,2023-05-11T21:26:53Z,
Repo:varyshare/easy_slam_tutorial,Repo:varyshare/easy_slam_tutorial,Repo,Repo,,,,415,92,0,2026-05-30T02:37:02Z,2019-07-12T12:37:31Z,
Repo:ventusff/improved-nerfmm,Repo:ventusff/improved-nerfmm,Repo,Repo,,,,282,19,5,2025-11-19T11:24:01Z,2021-04-25T11:14:54Z,
Repo:ventusff/neurecon,Repo:ventusff/neurecon,Repo,Repo,,,,861,78,13,2026-04-25T22:06:14Z,2021-09-08T06:39:17Z,
Repo:victor-rong/nexels,Repo:victor-rong/nexels,Repo,Repo,,,,129,6,0,2026-05-21T10:40:51Z,2025-12-18T14:08:31Z,
Repo:vincentfung13/MINE,Repo:vincentfung13/MINE,Repo,Repo,,,,423,41,15,2026-06-02T10:03:07Z,2021-07-25T04:50:31Z,
Repo:w111liang222/lidar-slam-detection,Repo:w111liang222/lidar-slam-detection,Repo,Repo,,,,753,155,62,2026-06-08T09:03:51Z,2023-03-29T04:41:13Z,
Repo:wanmeihuali/taichi_3d_gaussian_splatting,Repo:wanmeihuali/taichi_3d_gaussian_splatting,Repo,Repo,,,,749,73,38,2026-05-11T02:30:35Z,2023-05-08T04:24:18Z,
Repo:wbenbihi/hourglasstensorflow,Repo:wbenbihi/hourglasstensorflow,Repo,Repo,,,,481,173,2,2026-02-06T08:51:27Z,2017-05-28T01:19:15Z,
Repo:wbhu/Tri-MipRF,Repo:wbhu/Tri-MipRF,Repo,Repo,,,,457,15,16,2026-02-10T12:46:02Z,2023-07-24T11:06:59Z,
Repo:weigert/t-pose,Repo:weigert/t-pose,Repo,Repo,,,,54,2,1,2026-04-11T07:53:43Z,2022-05-14T16:45:30Z,
Repo:weigq/3d_pose_baseline_pytorch,Repo:weigq/3d_pose_baseline_pytorch,Repo,Repo,,,,380,67,23,2026-03-24T14:05:31Z,2018-03-17T09:01:11Z,
Repo:weiyithu/NerfingMVS,Repo:weiyithu/NerfingMVS,Repo,Repo,,,,436,56,26,2026-06-06T13:33:16Z,2021-08-11T03:05:41Z,
Repo:wenbowen123/BundleTrack,Repo:wenbowen123/BundleTrack,Repo,Repo,,,,679,72,12,2026-05-11T14:02:35Z,2020-10-12T02:03:44Z,
Repo:wenbowen123/icra20-hand-object-pose,Repo:wenbowen123/icra20-hand-object-pose,Repo,Repo,,,,55,6,3,2025-07-13T14:07:41Z,2020-02-07T05:27:15Z,
Repo:wenbowen123/iros20-6d-pose-tracking,Repo:wenbowen123/iros20-6d-pose-tracking,Repo,Repo,,,,421,66,10,2026-05-11T14:02:31Z,2020-02-23T18:26:41Z,
Repo:wh200720041/floam,Repo:wh200720041/floam,Repo,Repo,,,,1144,282,43,2026-06-08T07:31:28Z,2020-04-30T02:56:36Z,
Repo:wh200720041/ssl_slam,Repo:wh200720041/ssl_slam,Repo,Repo,,,,521,91,30,2026-05-27T07:29:54Z,2020-07-23T13:25:36Z,
Repo:wh200720041/ssl_slam2,Repo:wh200720041/ssl_slam2,Repo,Repo,,,,367,67,19,2026-05-12T02:58:10Z,2021-02-18T09:13:03Z,
Repo:wh200720041/ssl_slam3,Repo:wh200720041/ssl_slam3,Repo,Repo,,,,113,22,5,2026-05-27T15:43:40Z,2022-05-26T11:14:20Z,
Repo:windingwind/seal-3d,Repo:windingwind/seal-3d,Repo,Repo,,,,166,9,4,2026-02-03T11:00:37Z,2023-02-15T09:56:46Z,
Repo:wkentaro/morefusion,Repo:wkentaro/morefusion,Repo,Repo,,,,238,46,15,2026-04-26T06:49:41Z,2019-01-15T18:00:15Z,
Repo:wmcnally/evopose2d,Repo:wmcnally/evopose2d,Repo,Repo,,,,84,10,5,2025-11-10T12:47:20Z,2020-10-29T23:07:09Z,
Repo:wmcnally/kapao,Repo:wmcnally/kapao,Repo,Repo,,,,772,104,30,2026-05-08T03:34:31Z,2021-09-06T18:27:34Z,
Repo:wzpscott/hybrid-radiance-fields,Repo:wzpscott/hybrid-radiance-fields,Repo,Repo,,,,76,3,3,2026-05-19T12:08:27Z,2025-09-21T13:07:17Z,
Repo:xhuangcv/hdr-nerf,Repo:xhuangcv/hdr-nerf,Repo,Repo,,,,218,13,8,2026-05-22T04:12:20Z,2021-11-29T09:33:24Z,
Repo:xiaobiaodu/DreamCar,Repo:xiaobiaodu/DreamCar,Repo,Repo,,,,90,9,4,2026-05-24T12:44:38Z,2024-07-23T07:01:24Z,
Repo:xmed-lab/DIF-Net,Repo:xmed-lab/DIF-Net,Repo,Repo,,,,79,16,15,2026-05-16T11:40:27Z,2023-03-24T01:29:12Z,
Repo:xth430/deforming-nerf,Repo:xth430/deforming-nerf,Repo,Repo,,,,150,3,3,2026-02-25T09:38:05Z,2022-07-20T04:05:57Z,
Repo:xuxy09/RSC-Net,Repo:xuxy09/RSC-Net,Repo,Repo,,,,53,5,4,2026-05-15T10:30:37Z,2021-04-11T15:18:23Z,
Repo:xxlong0/NeuralUDF,Repo:xxlong0/NeuralUDF,Repo,Repo,,,,286,10,9,2026-06-05T04:14:50Z,2022-11-21T07:09:05Z,
Repo:xxm19/jacobinerf,Repo:xxm19/jacobinerf,Repo,Repo,,,,50,4,0,2026-05-29T21:46:24Z,2023-02-23T06:37:21Z,
Repo:yakupzengin/fitness-trainer-pose-estimation,Repo:yakupzengin/fitness-trainer-pose-estimation,Repo,Repo,,,,75,27,0,2026-06-07T16:43:11Z,2024-08-28T11:46:57Z,
Repo:yanmin-wu/EAO-SLAM,Repo:yanmin-wu/EAO-SLAM,Repo,Repo,,,,394,46,12,2026-06-04T18:19:05Z,2020-02-19T09:29:35Z,
Repo:yashbhalgat/HashNeRF-pytorch,Repo:yashbhalgat/HashNeRF-pytorch,Repo,Repo,,,,1035,107,16,2026-05-30T07:20:07Z,2022-01-23T19:08:33Z,
Repo:ydsf16/aruco_ekf_slam,Repo:ydsf16/aruco_ekf_slam,Repo,Repo,,,,370,104,3,2026-05-08T10:54:22Z,2018-09-23T08:24:47Z,
Repo:ydsf16/dre_slam,Repo:ydsf16/dre_slam,Repo,Repo,,,,181,58,7,2026-05-27T06:16:21Z,2019-01-16T14:58:46Z,
Repo:ydsf16/particle_filter_localization,Repo:ydsf16/particle_filter_localization,Repo,Repo,,,,109,51,3,2026-02-22T22:28:11Z,2018-09-05T10:39:00Z,
Repo:yerfor/GeneFace,Repo:yerfor/GeneFace,Repo,Repo,,,,2663,294,102,2026-06-02T17:18:08Z,2023-02-03T13:52:50Z,
Repo:yerfor/GeneFacePlusPlus,Repo:yerfor/GeneFacePlusPlus,Repo,Repo,,,,1811,255,136,2026-06-03T12:01:22Z,2024-02-01T05:28:57Z,
Repo:yerfor/Real3DPortrait,Repo:yerfor/Real3DPortrait,Repo,Repo,,,,1091,132,37,2026-06-03T10:46:23Z,2024-02-02T07:08:40Z,
Repo:yihua7/NeRF-Texture,Repo:yihua7/NeRF-Texture,Repo,Repo,,,,221,13,1,2026-05-20T19:02:26Z,2023-06-01T06:22:38Z,
Repo:yiqun-wang/HFS,Repo:yiqun-wang/HFS,Repo,Repo,,,,229,12,13,2026-03-18T01:30:03Z,2022-06-15T21:04:15Z,
Repo:yiqun-wang/PET-NeuS,Repo:yiqun-wang/PET-NeuS,Repo,Repo,,,,273,9,14,2026-05-11T19:06:39Z,2023-05-09T14:52:45Z,
Repo:yo-WASSUP/Good-GYM,Repo:yo-WASSUP/Good-GYM,Repo,Repo,,,,340,55,1,2026-06-08T01:55:00Z,2025-05-18T01:51:41Z,
Repo:yuanyuanli85/Fast_Human_Pose_Estimation_Pytorch,Repo:yuanyuanli85/Fast_Human_Pose_Estimation_Pytorch,Repo,Repo,,,,327,53,19,2025-12-28T07:37:47Z,2019-01-17T00:38:16Z,
Repo:yuanyuanli85/Fast_Stacked_Hourglass_Network_OpenVino,Repo:yuanyuanli85/Fast_Stacked_Hourglass_Network_OpenVino,Repo,Repo,,,,53,8,2,2025-12-10T00:02:33Z,2018-12-18T08:16:43Z,
Repo:yudhisteer/3D-Reconstruction-with-Uncalibrated-Stereo,Repo:yudhisteer/3D-Reconstruction-with-Uncalibrated-Stereo,Repo,Repo,,,,53,7,1,2026-05-15T15:53:48Z,2023-06-27T03:07:40Z,
Repo:yuehaowang/bilarf,Repo:yuehaowang/bilarf,Repo,Repo,,,,204,13,5,2026-06-06T03:36:32Z,2024-05-15T16:22:38Z,
Repo:zhangboshen/A2J,Repo:zhangboshen/A2J,Repo,Repo,,,,295,46,31,2026-04-01T15:47:34Z,2019-07-28T05:27:40Z,
Repo:zju3dv/IntrinsicNeRF,Repo:zju3dv/IntrinsicNeRF,Repo,Repo,,,,186,6,1,2025-10-07T14:58:26Z,2022-05-23T11:15:01Z,
Repo:zju3dv/NeuMesh,Repo:zju3dv/NeuMesh,Repo,Repo,,,,390,13,0,2026-04-21T12:50:44Z,2022-07-23T16:21:07Z,
Repo:zju3dv/PVIO,Repo:zju3dv/PVIO,Repo,Repo,,,,315,70,5,2026-05-13T13:56:24Z,2020-08-13T14:20:23Z,
Repo:zju3dv/instant-nvr,Repo:zju3dv/instant-nvr,Repo,Repo,,,,163,8,0,2026-05-15T07:08:05Z,2023-06-12T15:44:57Z,
Repo:zju3dv/object_nerf,Repo:zju3dv/object_nerf,Repo,Repo,,,,313,21,13,2026-04-21T12:50:43Z,2021-08-30T08:43:00Z,
Repo:zjudmd/Mini-3D-Scanner,Repo:zjudmd/Mini-3D-Scanner,Repo,Repo,,,,192,48,11,2026-05-06T12:10:55Z,2018-03-23T12:25:11Z,
Repo:zubair-irshad/CenterSnap,Repo:zubair-irshad/CenterSnap,Repo,Repo,,,,326,56,20,2026-05-11T14:02:43Z,2022-01-31T21:45:28Z,
Repo:zubair-irshad/NeRF-MAE,Repo:zubair-irshad/NeRF-MAE,Repo,Repo,,,,104,4,0,2026-06-04T06:56:19Z,2024-03-27T00:29:34Z,
Repo:zubair-irshad/articulated-object-nerf,Repo:zubair-irshad/articulated-object-nerf,Repo,Repo,,,,50,4,3,2026-05-08T14:30:26Z,2023-04-19T03:41:10Z,
Repo:zxz267/HaMuCo,Repo:zxz267/HaMuCo,Repo,Repo,,,,50,5,2,2026-03-20T07:27:21Z,2023-01-29T02:41:01Z,
